0.000000, 0.000000, 0.000000, 0.000000, 0.000000, 0.000000, 1.000000
0.000000, 0.000000, 0.000000, 0.000000, 0.000000, 0.000000, 1.000000
0.000000, 0.000000, 0.000000, 0.000000, 0.000000, 0.000000, 1.000000
0.000000, 0.000000, 0.000000, 0.000000, 0.000000, 0.000000, 1.000000
0.000000, 0.000000, 0.000000, 0.000000, 0.000000, 0.000000, 1.000000
0.000000, 0.000000, 0.000000, 0.000000, 0.000000, 0.000000, 1.000000
0.000000, 0.000000, 0.000000, 0.000000, 0.000000, 0.000000, 1.000000
0.000000, 0.000000, 0.000000, 0.000000, 0.000000, 0.000000, 1.000000
0.000000, 0.000000, 0.000000, 0.000000, 0.000000, 0.000000, 1.000000
0.000000, 0.000000, 0.000000, 0.000000, 0.000000, 0.000000, 1.000000
0.000000, 0.000000, 0.000000, 0.000000, 0.000000, 0.000000, 1.000000
0.000000, 0.000000, 0.000000, 0.000000, 0.000000, 0.000000, 1.000000
0.000000, 0.000000, 0.000000, 0.000000, 0.000000, 0.000000, 1.000000
0.000000, 0.000000, 0.000000, 0.000000, 0.000000, 0.000000, 1.000000
0.000000, 0.000000, 0.000000, 0.000000, 0.000000, 0.000000, 1.000000
0.000000, 0.000000, 0.000000, 0.000000, 0.000000, 0.000000, 1.000000
0.000000, 0.000000, 0.000000, 0.000000, 0.000000, 0.000000, 1.000000
0.000000, 0.000000, 0.000000, 0.000000, 0.000000, 0.000000, 1.000000
0.000000, 0.000000, 0.000000, 0.000000, 0.000000, 0.000000, 1.000000
0.000000, 0.000000, 0.000000, 0.000000, 0.000000, 0.000000, 1.000000
0.000000, 0.000000, 0.000000, 0.000000, 0.000000, 0.000000, 1.000000
0.000000, 0.000000, 0.000000, 0.000000, 0.000000, 0.000000, 1.000000
0.000000, 0.000000, 0.000000, 0.000000, 0.000000, 0.000000, 1.000000
0.000000, 0.000000, 0.000000, 0.000000, 0.000000, 0.000000, 1.000000
0.000000, 0.000000, 0.000000, 0.000000, 0.000000, 0.000000, 1.000000
0.000000, 0.000000, 0.000000, 0.000000, 0.000000, 0.000000, 1.000000
0.000000, 0.000000, 0.000000, 0.000000, 0.000000, 0.000000, 1.000000
0.000000, 0.000000, 0.000000, 0.000000, 0.000000, 0.000000, 1.000000
0.000000, 0.000000, 0.000000, 0.000000, 0.000000, 0.000000, 1.000000
0.000000, 0.000000, 0.000000, 0.000000, 0.000000, 0.000000, 1.000000
0.000000, 0.000000, 0.000000, 0.000000, 0.000000, 0.000000, 1.000000
0.000000, 0.000000, 0.000000, 0.000000, 0.000000, 0.000000, 1.000000
0.000000, 0.000000, 0.000000, 0.000000, 0.000000, 0.000000, 1.000000
0.000000, 0.000000, 0.000000, 0.000000, 0.000000, 0.000000, 1.000000
0.000000, 0.000000, 0.000000, 0.000000, 0.000000, 0.000000, 1.000000
0.000000, 0.000000, 0.000000, 0.000000, 0.000000, 0.000000, 1.000000
0.000000, 0.000000, 0.000000, 0.000000, 0.000000, 0.000000, 1.000000
0.000000, 0.000000, 0.000000, 0.000000, 0.000000, 0.000000, 1.000000
0.000000, 0.000000, 0.000000, 0.000000, 0.000000, 0.000000, 1.000000
0.000000, 0.000000, 0.000000, 0.000000, 0.000000, 0.000000, 1.000000
0.000000, 0.000000, 0.000000, 0.000000, 0.000000, 0.000000, 1.000000
0.000000, 0.000000, 0.000000, 0.000000, 0.000000, 0.000000, 1.000000
0.000000, 0.000000, 0.000000, 0.000000, 0.000000, 0.000000, 1.000000
0.000000, 0.000000, 0.000000, 0.000000, 0.000000, 0.000000, 1.000000
0.000000, 0.000000, 0.000000, 0.000000, 0.000000, 0.000000, 1.000000
0.000000, 0.000000, 0.000000, 0.000000, 0.000000, 0.000000, 1.000000
0.000000, 0.000000, 0.000000, 0.000000, 0.000000, 0.000000, 1.000000
0.000000, 0.000000, 0.000000, 0.000000, 0.000000, 0.000000, 1.000000
0.000000, 0.000000, 0.000000, 0.000000, 0.000000, 0.000000, 1.000000
0.000000, 0.000000, 0.000000, 0.000000, 0.000000, 0.000000, 1.000000
0.000000, 0.000000, 0.000000, 0.000000, 0.000000, 0.000000, 1.000000
0.000000, 0.000000, 0.000000, 0.000000, 0.000000, 0.000000, 1.000000
0.000000, 0.000000, 0.000000, 0.000000, 0.000000, 0.000000, 1.000000
0.000000, 0.000000, 0.000000, 0.000000, 0.000000, 0.000000, 1.000000
0.000000, 0.000000, 0.000000, 0.000000, 0.000000, 0.000000, 1.000000
0.000000, 0.000000, 0.000000, 0.000000, 0.000000, 0.000000, 1.000000
0.000000, 0.000000, 0.000000, 0.000000, 0.000000, 0.000000, 1.000000
0.000000, 0.000000, 0.000000, 0.000000, 0.000000, 0.000000, 1.000000
0.000000, 0.000000, 0.000000, 0.000000, 0.000000, 0.000000, 1.000000
0.000000, 0.000000, 0.000000, 0.000000, 0.000000, 0.000000, 1.000000
0.000000, 0.000000, 0.000000, 0.000000, 0.000000, 0.000000, 1.000000
0.000000, 0.000000, 0.000000, 0.000000, 0.000000, 0.000000, 1.000000
0.000000, 0.000000, 0.000000, 0.000000, 0.000000, 0.000000, 1.000000
0.000000, 0.000000, 0.000000, 0.000000, 0.000000, 0.000000, 1.000000
0.000000, 0.000000, 0.000000, 0.000000, 0.000000, 0.000000, 1.000000
0.000000, 0.000000, 0.000000, 0.000000, 0.000000, 0.000000, 1.000000
0.000000, 0.000000, 0.000000, 0.000000, 0.000000, 0.000000, 1.000000
0.000000, 0.000000, 0.000000, 0.000000, 0.000000, 0.000000, 1.000000
0.000000, 0.000000, 0.000000, 0.000000, 0.000000, 0.000000, 1.000000
0.000000, 0.000000, 0.000000, 0.000000, 0.000000, 0.000000, 1.000000
0.000000, 0.000000, 0.000000, 0.000000, 0.000000, 0.000000, 1.000000
0.000000, 0.000000, 0.000000, 0.000000, 0.000000, 0.000000, 1.000000
0.000000, 0.000000, 0.000000, 0.000000, 0.000000, 0.000000, 1.000000
0.000000, 0.000000, 0.000000, 0.000000, 0.000000, 0.000000, 1.000000
0.000000, 0.000000, 0.000000, 0.000000, 0.000000, 0.000000, 1.000000
0.000000, 0.000000, 0.000000, 0.000000, 0.000000, 0.000000, 1.000000
0.000000, 0.000000, 0.000000, 0.000000, 0.000000, 0.000000, 1.000000
0.000000, 0.000000, 0.000000, 0.000000, 0.000000, 0.000000, 1.000000
0.000000, 0.000000, 0.000000, 0.000000, 0.000000, 0.000000, 1.000000
0.000000, 0.000000, 0.000000, 0.000000, 0.000000, 0.000000, 1.000000
0.000000, 0.000000, 0.000000, 0.000000, 0.000000, 0.000000, 1.000000
0.000000, 0.000000, 0.000000, 0.000000, 0.000000, 0.000000, 1.000000
0.000000, 0.000000, 0.000000, 0.000000, 0.000000, 0.000000, 1.000000
0.000000, 0.000000, 0.000000, 0.000000, 0.000000, 0.000000, 1.000000
0.000000, 0.000000, 0.000000, 0.000000, 0.000000, 0.000000, 1.000000
0.000000, 0.000000, 0.000000, 0.000000, 0.000000, 0.000000, 1.000000
0.000000, 0.000000, 0.000000, 0.000000, 0.000000, 0.000000, 1.000000
0.000000, 0.000000, 0.000000, 0.000000, 0.000000, 0.000000, 1.000000
0.000000, 0.000000, 0.000000, 0.000000, 0.000000, 0.000000, 1.000000
0.000000, 0.000000, 0.000000, 0.000000, 0.000000, 0.000000, 1.000000
0.000000, 0.000000, 0.000000, 0.000000, 0.000000, 0.000000, 1.000000
0.000000, 0.000000, 0.000000, 0.000000, 0.000000, 0.000000, 1.000000
0.000000, 0.000000, 0.000000, 0.000000, 0.000000, 0.000000, 1.000000
0.000000, 0.000000, 0.000000, 0.000000, 0.000000, 0.000000, 1.000000
0.000000, 0.000000, 0.000000, 0.000000, 0.000000, 0.000000, 1.000000
0.000000, 0.000000, 0.000000, 0.000000, 0.000000, 0.000000, 1.000000
0.000000, 0.000000, 0.000000, 0.000000, 0.000000, 0.000000, 1.000000
0.000000, 0.000000, 0.000000, 0.000000, 0.000000, 0.000000, 1.000000
0.000000, 0.000000, 0.000000, 0.000000, 0.000000, 0.000000, 1.000000
0.000000, 0.000000, 0.000000, 0.000000, 0.000000, 0.000000, 1.000000
0.000000, 0.000000, 0.000000, 0.000000, 0.000000, 0.000000, 1.000000
0.000000, 0.000000, 0.000000, 0.000000, 0.000000, 0.000000, 1.000000
0.000000, 0.000000, 0.000000, 0.000000, 0.000000, 0.000000, 1.000000
0.000000, 0.000000, 0.000000, 0.000000, 0.000000, 0.000000, 1.000000
0.000000, 0.000000, 0.000000, 0.000000, 0.000000, 0.000000, 1.000000
0.000000, 0.000000, 0.000000, 0.000000, 0.000000, 0.000000, 1.000000
0.000000, 0.000000, 0.000000, 0.000000, 0.000000, 0.000000, 1.000000
0.000000, 0.000000, 0.000000, 0.000000, 0.000000, 0.000000, 1.000000
0.000000, 0.000000, 0.000000, 0.000000, 0.000000, 0.000000, 1.000000
0.000000, 0.000000, 0.000000, 0.000000, 0.000000, 0.000000, 1.000000
0.000000, 0.000000, 0.000000, 0.000000, 0.000000, 0.000000, 1.000000
0.000000, 0.000000, 0.000000, 0.000000, 0.000000, 0.000000, 1.000000
0.000000, 0.000000, 0.000000, 0.000000, 0.000000, 0.000000, 1.000000
0.000000, 0.000000, 0.000000, 0.000000, 0.000000, 0.000000, 1.000000
0.000000, 0.000000, 0.000000, 0.000000, 0.000000, 0.000000, 1.000000
0.000000, 0.000000, 0.000000, 0.000000, 0.000000, 0.000000, 1.000000
0.000000, 0.000000, 0.000000, 0.000000, 0.000000, 0.000000, 1.000000
0.000000, 0.000000, 0.000000, 0.000000, 0.000000, 0.000000, 1.000000
0.000000, 0.000000, 0.000000, 0.000000, 0.000000, 0.000000, 1.000000
0.000000, 0.000000, 0.000000, 0.000000, 0.000000, 0.000000, 1.000000
0.000000, 0.000000, 0.000000, 0.000000, 0.000000, 0.000000, 1.000000
0.000000, 0.000000, 0.000000, 0.000000, 0.000000, 0.000000, 1.000000
0.000000, 0.000000, 0.000000, 0.000000, 0.000000, 0.000000, 1.000000
0.000000, 0.000000, 0.000000, 0.000000, 0.000000, 0.000000, 1.000000
0.000000, 0.000000, 0.000000, 0.000000, 0.000000, 0.000000, 1.000000
0.000000, 0.000000, 0.000000, 0.000000, 0.000000, 0.000000, 1.000000
0.000000, 0.000000, 0.000000, 0.000000, 0.000000, 0.000000, 1.000000
0.000000, 0.000000, 0.000000, 0.000000, 0.000000, 0.000000, 1.000000
0.000000, 0.000000, 0.000000, 0.000000, 0.000000, 0.000000, 1.000000
0.000000, 0.000000, 0.000000, 0.000000, 0.000000, 0.000000, 1.000000
0.000000, 0.000000, 0.000000, 0.000000, 0.000000, 0.000000, 1.000000
0.000000, 0.000000, 0.000000, 0.000000, 0.000000, 0.000000, 1.000000
0.000000, 0.000000, 0.000000, 0.000000, 0.000000, 0.000000, 1.000000
0.000000, 0.000000, 0.000000, 0.000000, 0.000000, 0.000000, 1.000000
0.000000, 0.000000, 0.000000, 0.000000, 0.000000, 0.000000, 1.000000
0.000000, 0.000000, 0.000000, 0.000000, 0.000000, 0.000000, 1.000000
0.000000, 0.000000, 0.000000, 0.000000, 0.000000, 0.000000, 1.000000
0.000000, 0.000000, 0.000000, 0.000000, 0.000000, 0.000000, 1.000000
0.000000, 0.000000, 0.000000, 0.000000, 0.000000, 0.000000, 1.000000
0.000000, 0.000000, 0.000000, 0.000000, 0.000000, 0.000000, 1.000000
0.000000, 0.000000, 0.000000, 0.000000, 0.000000, 0.000000, 1.000000
0.000000, 0.000000, 0.000000, 0.000000, 0.000000, 0.000000, 1.000000
0.000000, 0.000000, 0.000000, 0.000000, 0.000000, 0.000000, 1.000000
0.000000, 0.000000, 0.000000, 0.000000, 0.000000, 0.000000, 1.000000
0.000000, 0.000000, 0.000000, 0.000000, 0.000000, 0.000000, 1.000000
0.000000, 0.000000, 0.000000, 0.000000, 0.000000, 0.000000, 1.000000
0.000000, 0.000000, 0.000000, 0.000000, 0.000000, 0.000000, 1.000000
0.000000, 0.000000, 0.000000, 0.000000, 0.000000, 0.000000, 1.000000
0.000000, 0.000000, 0.000000, 0.000000, 0.000000, 0.000000, 1.000000
0.000000, 0.000000, 0.000000, 0.000000, 0.000000, 0.000000, 1.000000
0.000000, 0.000000, 0.000000, 0.000000, 0.000000, 0.000000, 1.000000
0.000000, 0.000000, 0.000000, 0.000000, 0.000000, 0.000000, 1.000000
0.000000, 0.000000, 0.000000, 0.000000, 0.000000, 0.000000, 1.000000
0.000000, 0.000000, 0.000000, 0.000000, 0.000000, 0.000000, 1.000000
0.000000, 0.000000, 0.000000, 0.000000, 0.000000, 0.000000, 1.000000
0.000000, 0.000000, 0.000000, 0.000000, 0.000000, 0.000000, 1.000000
0.000000, 0.000000, 0.000000, 0.000000, 0.000000, 0.000000, 1.000000
0.000000, 0.000000, 0.000000, 0.000000, 0.000000, 0.000000, 1.000000
0.000000, 0.000000, 0.000000, 0.000000, 0.000000, 0.000000, 1.000000
0.000000, 0.000000, 0.000000, 0.000000, 0.000000, 0.000000, 1.000000
0.000000, 0.000000, 0.000000, 0.000000, 0.000000, 0.000000, 1.000000
0.000000, 0.000000, 0.000000, 0.000000, 0.000000, 0.000000, 1.000000
0.000000, 0.000000, 0.000000, 0.000000, 0.000000, 0.000000, 1.000000
0.000000, 0.000000, 0.000000, 0.000000, 0.000000, 0.000000, 1.000000
0.000000, 0.000000, 0.000000, 0.000000, 0.000000, 0.000000, 1.000000
0.000000, 0.000000, 0.000000, 0.000000, 0.000000, 0.000000, 1.000000
0.000000, 0.000000, 0.000000, 0.000000, 0.000000, 0.000000, 1.000000
0.000000, 0.000000, 0.000000, 0.000000, 0.000000, 0.000000, 1.000000
0.000000, 0.000000, 0.000000, 0.000000, 0.000000, 0.000000, 1.000000
0.000000, 0.000000, 0.000000, 0.000000, 0.000000, 0.000000, 1.000000
0.000000, 0.000000, 0.000000, 0.000000, 0.000000, 0.000000, 1.000000
0.000000, 0.000000, 0.000000, 0.000000, 0.000000, 0.000000, 1.000000
0.000000, 0.000000, 0.000000, 0.000000, 0.000000, 0.000000, 1.000000
0.000000, 0.000000, 0.000000, 0.000000, 0.000000, 0.000000, 1.000000
0.000000, 0.000000, 0.000000, 0.000000, 0.000000, 0.000000, 1.000000
0.000000, 0.000000, 0.000000, 0.000000, 0.000000, 0.000000, 1.000000
0.000000, 0.000000, 0.000000, 0.000000, 0.000000, 0.000000, 1.000000
0.000000, 0.000000, 0.000000, 0.000000, 0.000000, 0.000000, 1.000000
0.000000, 0.000000, 0.000000, 0.000000, 0.000000, 0.000000, 1.000000
0.000000, 0.000000, 0.000000, 0.000000, 0.000000, 0.000000, 1.000000
0.000000, 0.000000, 0.000000, 0.000000, 0.000000, 0.000000, 1.000000
0.000000, 0.000000, 0.000000, 0.000000, 0.000000, 0.000000, 1.000000
0.000000, 0.000000, 0.000000, 0.000000, 0.000000, 0.000000, 1.000000
0.000000, 0.000000, 0.000000, 0.000000, 0.000000, 0.000000, 1.000000
0.000000, 0.000000, 0.000000, 0.000000, 0.000000, 0.000000, 1.000000
0.000000, 0.000000, 0.000000, 0.000000, 0.000000, 0.000000, 1.000000
0.000000, 0.000000, 0.000000, 0.000000, 0.000000, 0.000000, 1.000000
0.000000, 0.000000, 0.000000, 0.000000, 0.000000, 0.000000, 1.000000
0.000000, 0.000000, 0.000000, 0.000000, 0.000000, 0.000000, 1.000000
0.000000, 0.000000, 0.000000, 0.000000, 0.000000, 0.000000, 1.000000
0.000000, 0.000000, 0.000000, 0.000000, 0.000000, 0.000000, 1.000000
0.000000, 0.000000, 0.000000, 0.000000, 0.000000, 0.000000, 1.000000
0.000000, 0.000000, 0.000000, 0.000000, 0.000000, 0.000000, 1.000000
0.000000, 0.000000, 0.000000, 0.000000, 0.000000, 0.000000, 1.000000
0.000000, 0.000000, 0.000000, 0.000000, 0.000000, 0.000000, 1.000000
0.000000, 0.000000, 0.000000, 0.000000, 0.000000, 0.000000, 1.000000
0.000000, 0.000000, 0.000000, 0.000000, 0.000000, 0.000000, 1.000000
0.000000, 0.000000, 0.000000, 0.000000, 0.000000, 0.000000, 1.000000
0.000000, 0.000000, 0.000000, 0.000000, 0.000000, 0.000000, 1.000000
0.000000, 0.000000, 0.000000, 0.000000, 0.000000, 0.000000, 1.000000
0.000000, 0.000000, 0.000000, 0.000000, 0.000000, 0.000000, 1.000000
0.000000, 0.000000, 0.000000, 0.000000, 0.000000, 0.000000, 1.000000
0.000000, 0.000000, 0.000000, 0.000000, 0.000000, 0.000000, 1.000000
0.000000, 0.000000, 0.000000, 0.000000, 0.000000, 0.000000, 1.000000
0.000000, 0.000000, 0.000000, 0.000000, 0.000000, 0.000000, 1.000000
0.000000, 0.000000, 0.000000, 0.000000, 0.000000, 0.000000, 1.000000
0.000000, 0.000000, 0.000000, 0.000000, 0.000000, 0.000000, 1.000000
0.000000, 0.000000, 0.000000, 0.000000, 0.000000, 0.000000, 1.000000
0.000000, 0.000000, 0.000000, 0.000000, 0.000000, 0.000000, 1.000000
0.000000, 0.000000, 0.000000, 0.000000, 0.000000, 0.000000, 1.000000
0.000000, 0.000000, 0.000000, 0.000000, 0.000000, 0.000000, 1.000000
0.000000, 0.000000, 0.000000, 0.000000, 0.000000, 0.000000, 1.000000
0.000000, 0.000000, 0.000000, 0.000000, 0.000000, 0.000000, 1.000000
0.000000, 0.000000, 0.000000, 0.000000, 0.000000, 0.000000, 1.000000
0.000000, 0.000000, 0.000000, 0.000000, 0.000000, 0.000000, 1.000000
0.000000, 0.000000, 0.000000, 0.000000, 0.000000, 0.000000, 1.000000
0.000000, 0.000000, 0.000000, 0.000000, 0.000000, 0.000000, 1.000000
0.000000, 0.000000, 0.000000, 0.000000, 0.000000, 0.000000, 1.000000
0.000000, 0.000000, 0.000000, 0.000000, 0.000000, 0.000000, 1.000000
0.000000, 0.000000, 0.000000, 0.000000, 0.000000, 0.000000, 1.000000
0.000000, 0.000000, 0.000000, 0.000000, 0.000000, 0.000000, 1.000000
0.000000, 0.000000, 0.000000, 0.000000, 0.000000, 0.000000, 1.000000
0.000000, 0.000000, 0.000000, 0.000000, 0.000000, 0.000000, 1.000000
0.000000, 0.000000, 0.000000, 0.000000, 0.000000, 0.000000, 1.000000
0.000000, 0.000000, 0.000000, 0.000000, 0.000000, 0.000000, 1.000000
0.000000, 0.000000, 0.000000, 0.000000, 0.000000, 0.000000, 1.000000
0.000000, 0.000000, 0.000000, 0.000000, 0.000000, 0.000000, 1.000000
0.000000, 0.000000, 0.000000, 0.000000, 0.000000, 0.000000, 1.000000
0.000000, 0.000000, 0.000000, 0.000000, 0.000000, 0.000000, 1.000000
0.000000, 0.000000, 0.000000, 0.000000, 0.000000, 0.000000, 1.000000
0.000000, 0.000000, 0.000000, 0.000000, 0.000000, 0.000000, 1.000000
0.000000, 0.000000, 0.000000, 0.000000, 0.000000, 0.000000, 1.000000
0.000000, 0.000000, 0.000000, 0.000000, 0.000000, 0.000000, 1.000000
0.000000, 0.000000, 0.000000, 0.000000, 0.000000, 0.000000, 1.000000
0.000000, 0.000000, 0.000000, 0.000000, 0.000000, 0.000000, 1.000000
0.000000, 0.000000, 0.000000, 0.000000, 0.000000, 0.000000, 1.000000
0.000000, 0.000000, 0.000000, 0.000000, 0.000000, 0.000000, 1.000000
0.000000, 0.000000, 0.000000, 0.000000, 0.000000, 0.000000, 1.000000
0.000000, 0.000000, 0.000000, 0.000000, 0.000000, 0.000000, 1.000000
0.000000, 0.000000, 0.000000, 0.000000, 0.000000, 0.000000, 1.000000
0.000000, 0.000000, 0.000000, 0.000000, 0.000000, 0.000000, 1.000000
0.000000, 0.000000, 0.000000, 0.000000, 0.000000, 0.000000, 1.000000
0.000000, 0.000000, 0.000000, 0.000000, 0.000000, 0.000000, 1.000000
0.000000, 0.000000, 0.000000, 0.000000, 0.000000, 0.000000, 1.000000
0.000000, 0.000000, 0.000000, 0.000000, 0.000000, 0.000000, 1.000000
0.000000, 0.000000, 0.000000, 0.000000, 0.000000, 0.000000, 1.000000
0.000000, 0.000000, 0.000000, 0.000000, 0.000000, 0.000000, 1.000000
0.000000, 0.000000, 0.000000, 0.000000, 0.000000, 0.000000, 1.000000
0.000000, 0.000000, 0.000000, 0.000000, 0.000000, 0.000000, 1.000000
0.000000, 0.000000, 0.000000, 0.000000, 0.000000, 0.000000, 1.000000
0.000000, 0.000000, 0.000000, 0.000000, 0.000000, 0.000000, 1.000000
0.000000, 0.000000, 0.000000, 0.000000, 0.000000, 0.000000, 1.000000
0.000000, 0.000000, 0.000000, 0.000000, 0.000000, 0.000000, 1.000000
0.000000, 0.000000, 0.000000, 0.000000, 0.000000, 0.000000, 1.000000
0.000000, 0.000000, 0.000000, 0.000000, 0.000000, 0.000000, 1.000000
0.000000, 0.000000, 0.000000, 0.000000, 0.000000, 0.000000, 1.000000
0.000000, 0.000000, 0.000000, 0.000000, 0.000000, 0.000000, 1.000000
0.000000, 0.000000, 0.000000, 0.000000, 0.000000, 0.000000, 1.000000
0.000000, 0.000000, 0.000000, 0.000000, 0.000000, 0.000000, 1.000000
0.000000, 0.000000, 0.000000, 0.000000, 0.000000, 0.000000, 1.000000
0.000000, 0.000000, 0.000000, 0.000000, 0.000000, 0.000000, 1.000000
0.000000, 0.000000, 0.000000, 0.000000, 0.000000, 0.000000, 1.000000
0.000000, 0.000000, 0.000000, 0.000000, 0.000000, 0.000000, 1.000000
0.000000, 0.000000, 0.000000, 0.000000, 0.000000, 0.000000, 1.000000
0.000000, 0.000000, 0.000000, 0.000000, 0.000000, 0.000000, 1.000000
0.000000, 0.000000, 0.000000, 0.000000, 0.000000, 0.000000, 1.000000
0.000000, 0.000000, 0.000000, 0.000000, 0.000000, 0.000000, 1.000000
0.000000, 0.000000, 0.000000, 0.000000, 0.000000, 0.000000, 1.000000
0.000000, 0.000000, 0.000000, 0.000000, 0.000000, 0.000000, 1.000000
0.000000, 0.000000, 0.000000, 0.000000, 0.000000, 0.000000, 1.000000
0.000000, 0.000000, 0.000000, 0.000000, 0.000000, 0.000000, 1.000000
0.000000, 0.000000, 0.000000, 0.000000, 0.000000, 0.000000, 1.000000
0.000000, 0.000000, 0.000000, 0.000000, 0.000000, 0.000000, 1.000000
0.000000, 0.000000, 0.000000, 0.000000, 0.000000, 0.000000, 1.000000
0.000000, 0.000000, 0.000000, 0.000000, 0.000000, 0.000000, 1.000000
0.000000, 0.000000, 0.000000, 0.000000, 0.000000, 0.000000, 1.000000
0.000000, 0.000000, 0.000000, 0.000000, 0.000000, 0.000000, 1.000000
0.000000, 0.000000, 0.000000, 0.000000, 0.000000, 0.000000, 1.000000
0.000000, 0.000000, 0.000000, 0.000000, 0.000000, 0.000000, 1.000000
0.000000, 0.000000, 0.000000, 0.000000, 0.000000, 0.000000, 1.000000
0.000000, 0.000000, 0.000000, 0.000000, 0.000000, 0.000000, 1.000000
0.000000, 0.000000, 0.000000, 0.000000, 0.000000, 0.000000, 1.000000
0.000000, 0.000000, 0.000000, 0.000000, 0.000000, 0.000000, 1.000000
0.000000, 0.000000, 0.000000, 0.000000, 0.000000, 0.000000, 1.000000
0.000000, 0.000000, 0.000000, 0.000000, 0.000000, 0.000000, 1.000000
0.000000, 0.000000, 0.000000, 0.000000, 0.000000, 0.000000, 1.000000
0.000000, 0.000000, 0.000000, 0.000000, 0.000000, 0.000000, 1.000000
0.000000, 0.000000, 0.000000, 0.000000, 0.000000, 0.000000, 1.000000
0.000000, 0.000000, 0.000000, 0.000000, 0.000000, 0.000000, 1.000000
0.000000, 0.000000, 0.000000, 0.000000, 0.000000, 0.000000, 1.000000
0.000000, 0.000000, 0.000000, 0.000000, 0.000000, 0.000000, 1.000000
0.000000, 0.000000, 0.000000, 0.000000, 0.000000, 0.000000, 1.000000
0.000000, 0.000000, 0.000000, 0.000000, 0.000000, 0.000000, 1.000000
0.000000, 0.000000, 0.000000, 0.000000, 0.000000, 0.000000, 1.000000
0.000000, 0.000000, 0.000000, 0.000000, 0.000000, 0.000000, 1.000000
0.000000, 0.000000, 0.000000, 0.000000, 0.000000, 0.000000, 1.000000
0.000000, 0.000000, 0.000000, 0.000000, 0.000000, 0.000000, 1.000000
0.000000, 0.000000, 0.000000, 0.000000, 0.000000, 0.000000, 1.000000
0.000000, 0.000000, 0.000000, 0.000000, 0.000000, 0.000000, 1.000000
0.000000, 0.000000, 0.000000, 0.000000, 0.000000, 0.000000, 1.000000
0.000000, 0.000000, 0.000000, 0.000000, 0.000000, 0.000000, 1.000000
0.000000, 0.000000, 0.000000, 0.000000, 0.000000, 0.000000, 1.000000
0.000000, 0.000000, 0.000000, 0.000000, 0.000000, 0.000000, 1.000000
0.000000, 0.000000, 0.000000, 0.000000, 0.000000, 0.000000, 1.000000
0.000000, 0.000000, 0.000000, 0.000000, 0.000000, 0.000000, 1.000000
0.000000, 0.000000, 0.000000, 0.000000, 0.000000, 0.000000, 1.000000
0.000000, 0.000000, 0.000000, 0.000000, 0.000000, 0.000000, 1.000000
0.000000, 0.000000, 0.000000, 0.000000, 0.000000, 0.000000, 1.000000
0.000000, 0.000000, 0.000000, 0.000000, 0.000000, 0.000000, 1.000000
0.000000, 0.000000, 0.000000, 0.000000, 0.000000, 0.000000, 1.000000
0.000000, 0.000000, 0.000000, 0.000000, 0.000000, 0.000000, 1.000000
0.000000, 0.000000, 0.000000, 0.000000, 0.000000, 0.000000, 1.000000
0.000000, 0.000000, 0.000000, 0.000000, 0.000000, 0.000000, 1.000000
0.000000, 0.000000, 0.000000, 0.000000, 0.000000, 0.000000, 1.000000
0.000000, 0.000000, 0.000000, 0.000000, 0.000000, 0.000000, 1.000000
0.000000, 0.000000, 0.000000, 0.000000, 0.000000, 0.000000, 1.000000
0.000000, 0.000000, 0.000000, 0.000000, 0.000000, 0.000000, 1.000000
0.000000, 0.000000, 0.000000, 0.000000, 0.000000, 0.000000, 1.000000
0.000000, 0.000000, 0.000000, 0.000000, 0.000000, 0.000000, 1.000000
0.000000, 0.000000, 0.000000, 0.000000, 0.000000, 0.000000, 1.000000
0.000000, 0.000000, 0.000000, 0.000000, 0.000000, 0.000000, 1.000000
0.000000, 0.000000, 0.000000, 0.000000, 0.000000, 0.000000, 1.000000
0.000000, 0.000000, 0.000000, 0.000000, 0.000000, 0.000000, 1.000000
0.000000, 0.000000, 0.000000, 0.000000, 0.000000, 0.000000, 1.000000
0.000000, 0.000000, 0.000000, 0.000000, 0.000000, 0.000000, 1.000000
0.000000, 0.000000, 0.000000, 0.000000, 0.000000, 0.000000, 1.000000
0.000000, 0.000000, 0.000000, 0.000000, 0.000000, 0.000000, 1.000000
0.000000, 0.000000, 0.000000, 0.000000, 0.000000, 0.000000, 1.000000
0.000000, 0.000000, 0.000000, 0.000000, 0.000000, 0.000000, 1.000000
0.000000, 0.000000, 0.000000, 0.000000, 0.000000, 0.000000, 1.000000
0.000000, 0.000000, 0.000000, 0.000000, 0.000000, 0.000000, 1.000000
0.000000, 0.000000, 0.000000, 0.000000, 0.000000, 0.000000, 1.000000
0.000000, 0.000000, 0.000000, 0.000000, 0.000000, 0.000000, 1.000000
0.000000, 0.000000, 0.000000, 0.000000, 0.000000, 0.000000, 1.000000
0.000000, 0.000000, 0.000000, 0.000000, 0.000000, 0.000000, 1.000000
0.000000, 0.000000, 0.000000, 0.000000, 0.000000, 0.000000, 1.000000
0.000000, 0.000000, 0.000000, 0.000000, 0.000000, 0.000000, 1.000000
0.000000, 0.000000, 0.000000, 0.000000, 0.000000, 0.000000, 1.000000
0.000000, 0.000000, 0.000000, 0.000000, 0.000000, 0.000000, 1.000000
0.000000, 0.000000, 0.000000, 0.000000, 0.000000, 0.000000, 1.000000
0.000000, 0.000000, 0.000000, 0.000000, 0.000000, 0.000000, 1.000000
0.000000, 0.000000, 0.000000, 0.000000, 0.000000, 0.000000, 1.000000
0.000000, 0.000000, 0.000000, 0.000000, 0.000000, 0.000000, 1.000000
0.000000, 0.000000, 0.000000, 0.000000, 0.000000, 0.000000, 1.000000
0.000000, 0.000000, 0.000000, 0.000000, 0.000000, 0.000000, 1.000000
0.000000, 0.000000, 0.000000, 0.000000, 0.000000, 0.000000, 1.000000
0.000000, 0.000000, 0.000000, 0.000000, 0.000000, 0.000000, 1.000000
0.000000, 0.000000, 0.000000, 0.000000, 0.000000, 0.000000, 1.000000
0.000000, 0.000000, 0.000000, 0.000000, 0.000000, 0.000000, 1.000000
0.000000, 0.000000, 0.000000, 0.000000, 0.000000, 0.000000, 1.000000
0.000000, 0.000000, 0.000000, 0.000000, 0.000000, 0.000000, 1.000000
0.000000, 0.000000, 0.000000, 0.000000, 0.000000, 0.000000, 1.000000
0.000000, 0.000000, 0.000000, 0.000000, 0.000000, 0.000000, 1.000000
0.000000, 0.000000, 0.000000, 0.000000, 0.000000, 0.000000, 1.000000
0.000000, 0.000000, 0.000000, 0.000000, 0.000000, 0.000000, 1.000000
0.000000, 0.000000, 0.000000, 0.000000, 0.000000, 0.000000, 1.000000
0.000000, 0.000000, 0.000000, 0.000000, 0.000000, 0.000000, 1.000000
0.000000, 0.000000, 0.000000, 0.000000, 0.000000, 0.000000, 1.000000
0.000000, 0.000000, 0.000000, 0.000000, 0.000000, 0.000000, 1.000000
0.000000, 0.000000, 0.000000, 0.000000, 0.000000, 0.000000, 1.000000
0.000000, 0.000000, 0.000000, 0.000000, 0.000000, 0.000000, 1.000000
0.000000, 0.000000, 0.000000, 0.000000, 0.000000, 0.000000, 1.000000
0.000000, 0.000000, 0.000000, 0.000000, 0.000000, 0.000000, 1.000000
0.000000, 0.000000, 0.000000, 0.000000, 0.000000, 0.000000, 1.000000
0.000000, 0.000000, 0.000000, 0.000000, 0.000000, 0.000000, 1.000000
0.000000, 0.000000, 0.000000, 0.000000, 0.000000, 0.000000, 1.000000
0.000000, 0.000000, 0.000000, 0.000000, 0.000000, 0.000000, 1.000000
0.000000, 0.000000, 0.000000, 0.000000, 0.000000, 0.000000, 1.000000
0.000000, 0.000000, 0.000000, 0.000000, 0.000000, 0.000000, 1.000000
0.000000, 0.000000, 0.000000, 0.000000, 0.000000, 0.000000, 1.000000
0.000000, 0.000000, 0.000000, 0.000000, 0.000000, 0.000000, 1.000000
0.000000, 0.000000, 0.000000, 0.000000, 0.000000, 0.000000, 1.000000
0.000000, 0.000000, 0.000000, 0.000000, 0.000000, 0.000000, 1.000000
0.000000, 0.000000, 0.000000, 0.000000, 0.000000, 0.000000, 1.000000
0.000000, 0.000000, 0.000000, 0.000000, 0.000000, 0.000000, 1.000000
0.000000, 0.000000, 0.000000, 0.000000, 0.000000, 0.000000, 1.000000
0.000000, 0.000000, 0.000000, 0.000000, 0.000000, 0.000000, 1.000000
0.000000, 0.000000, 0.000000, 0.000000, 0.000000, 0.000000, 1.000000
0.000000, 0.000000, 0.000000, 0.000000, 0.000000, 0.000000, 1.000000
0.000000, 0.000000, 0.000000, 0.000000, 0.000000, 0.000000, 1.000000
0.000000, 0.000000, 0.000000, 0.000000, 0.000000, 0.000000, 1.000000
0.000000, 0.000000, 0.000000, 0.000000, 0.000000, 0.000000, 1.000000
0.000000, 0.000000, 0.000000, 0.000000, 0.000000, 0.000000, 1.000000
0.000000, 0.000000, 0.000000, 0.000000, 0.000000, 0.000000, 1.000000
0.000000, 0.000000, 0.000000, 0.000000, 0.000000, 0.000000, 1.000000
0.000000, 0.000000, 0.000000, 0.000000, 0.000000, 0.000000, 1.000000
0.000000, 0.000000, 0.000000, 0.000000, 0.000000, 0.000000, 1.000000
0.000000, 0.000000, 0.000000, 0.000000, 0.000000, 0.000000, 1.000000
0.000000, 0.000000, 0.000000, 0.000000, 0.000000, 0.000000, 1.000000
0.000000, 0.000000, 0.000000, 0.000000, 0.000000, 0.000000, 1.000000
0.000000, 0.000000, 0.000000, 0.000000, 0.000000, 0.000000, 1.000000
0.000000, 0.000000, 0.000000, 0.000000, 0.000000, 0.000000, 1.000000
0.000000, 0.000000, 0.000000, 0.000000, 0.000000, 0.000000, 1.000000
0.000000, 0.000000, 0.000000, 0.000000, 0.000000, 0.000000, 1.000000
0.000000, 0.000000, 0.000000, 0.000000, 0.000000, 0.000000, 1.000000
0.000000, 0.000000, 0.000000, 0.000000, 0.000000, 0.000000, 1.000000
0.000000, 0.000000, 0.000000, 0.000000, 0.000000, 0.000000, 1.000000
0.000000, 0.000000, 0.000000, 0.000000, 0.000000, 0.000000, 1.000000
0.000000, 0.000000, 0.000000, 0.000000, 0.000000, 0.000000, 1.000000
0.000000, 0.000000, 0.000000, 0.000000, 0.000000, 0.000000, 1.000000
0.000000, 0.000000, 0.000000, 0.000000, 0.000000, 0.000000, 1.000000
0.000000, 0.000000, 0.000000, 0.000000, 0.000000, 0.000000, 1.000000
0.000000, 0.000000, 0.000000, 0.000000, 0.000000, 0.000000, 1.000000
0.000000, 0.000000, 0.000000, 0.000000, 0.000000, 0.000000, 1.000000
0.000000, 0.000000, 0.000000, 0.000000, 0.000000, 0.000000, 1.000000
0.000000, 0.000000, 0.000000, 0.000000, 0.000000, 0.000000, 1.000000
0.000000, 0.000000, 0.000000, 0.000000, 0.000000, 0.000000, 1.000000
0.000000, 0.000000, 0.000000, 0.000000, 0.000000, 0.000000, 1.000000
0.000000, 0.000000, 0.000000, 0.000000, 0.000000, 0.000000, 1.000000
0.000000, 0.000000, 0.000000, 0.000000, 0.000000, 0.000000, 1.000000
0.000000, 0.000000, 0.000000, 0.000000, 0.000000, 0.000000, 1.000000
0.000000, 0.000000, 0.000000, 0.000000, 0.000000, 0.000000, 1.000000
0.000000, 0.000000, 0.000000, 0.000000, 0.000000, 0.000000, 1.000000
0.000000, 0.000000, 0.000000, 0.000000, 0.000000, 0.000000, 1.000000
0.000000, 0.000000, 0.000000, 0.000000, 0.000000, 0.000000, 1.000000
0.000000, 0.000000, 0.000000, 0.000000, 0.000000, 0.000000, 1.000000
0.000000, 0.000000, 0.000000, 0.000000, 0.000000, 0.000000, 1.000000
0.000000, 0.000000, 0.000000, 0.000000, 0.000000, 0.000000, 1.000000
0.000000, 0.000000, 0.000000, 0.000000, 0.000000, 0.000000, 1.000000
0.000000, 0.000000, 0.000000, 0.000000, 0.000000, 0.000000, 1.000000
0.000000, 0.000000, 0.000000, 0.000000, 0.000000, 0.000000, 1.000000
0.000000, 0.000000, 0.000000, 0.000000, 0.000000, 0.000000, 1.000000
0.000000, 0.000000, 0.000000, 0.000000, 0.000000, 0.000000, 1.000000
0.000000, 0.000000, 0.000000, 0.000000, 0.000000, 0.000000, 1.000000
0.000000, 0.000000, 0.000000, 0.000000, 0.000000, 0.000000, 1.000000
0.000000, 0.000000, 0.000000, 0.000000, 0.000000, 0.000000, 1.000000
0.000000, 0.000000, 0.000000, 0.000000, 0.000000, 0.000000, 1.000000
0.000000, 0.000000, 0.000000, 0.000000, 0.000000, 0.000000, 1.000000
0.000000, 0.000000, 0.000000, 0.000000, 0.000000, 0.000000, 1.000000
0.000000, 0.000000, 0.000000, 0.000000, 0.000000, 0.000000, 1.000000
0.000000, 0.000000, 0.000000, 0.000000, 0.000000, 0.000000, 1.000000
0.000000, 0.000000, 0.000000, 0.000000, 0.000000, 0.000000, 1.000000
0.000000, 0.000000, 0.000000, 0.000000, 0.000000, 0.000000, 1.000000
0.000000, 0.000000, 0.000000, 0.000000, 0.000000, 0.000000, 1.000000
0.000000, 0.000000, 0.000000, 0.000000, 0.000000, 0.000000, 1.000000
0.000000, 0.000000, 0.000000, 0.000000, 0.000000, 0.000000, 1.000000
0.000000, 0.000000, 0.000000, 0.000000, 0.000000, 0.000000, 1.000000
0.000000, 0.000000, 0.000000, 0.000000, 0.000000, 0.000000, 1.000000
0.000000, 0.000000, 0.000000, 0.000000, 0.000000, 0.000000, 1.000000
0.000000, 0.000000, 0.000000, 0.000000, 0.000000, 0.000000, 1.000000
0.000000, 0.000000, 0.000000, 0.000000, 0.000000, 0.000000, 1.000000
0.000000, 0.000000, 0.000000, 0.000000, 0.000000, 0.000000, 1.000000
0.000000, 0.000000, 0.000000, 0.000000, 0.000000, 0.000000, 1.000000
0.000000, 0.000000, 0.000000, 0.000000, 0.000000, 0.000000, 1.000000
0.000000, 0.000000, 0.000000, 0.000000, 0.000000, 0.000000, 1.000000
0.000000, 0.000000, 0.000000, 0.000000, 0.000000, 0.000000, 1.000000
0.000000, 0.000000, 0.000000, 0.000000, 0.000000, 0.000000, 1.000000
0.000000, 0.000000, 0.000000, 0.000000, 0.000000, 0.000000, 1.000000
0.000000, 0.000000, 0.000000, 0.000000, 0.000000, 0.000000, 1.000000
0.000000, 0.000000, 0.000000, 0.000000, 0.000000, 0.000000, 1.000000
0.000000, 0.000000, 0.000000, 0.000000, 0.000000, 0.000000, 1.000000
0.000000, 0.000000, 0.000000, 0.000000, 0.000000, 0.000000, 1.000000
0.000000, 0.000000, 0.000000, 0.000000, 0.000000, 0.000000, 1.000000
0.000000, 0.000000, 0.000000, 0.000000, 0.000000, 0.000000, 1.000000
0.000000, 0.000000, 0.000000, 0.000000, 0.000000, 0.000000, 1.000000
0.000000, 0.000000, 0.000000, 0.000000, 0.000000, 0.000000, 1.000000
0.000000, 0.000000, 0.000000, 0.000000, 0.000000, 0.000000, 1.000000
0.000000, 0.000000, 0.000000, 0.000000, 0.000000, 0.000000, 1.000000
0.000000, 0.000000, 0.000000, 0.000000, 0.000000, 0.000000, 1.000000
0.000000, 0.000000, 0.000000, 0.000000, 0.000000, 0.000000, 1.000000
0.000000, 0.000000, 0.000000, 0.000000, 0.000000, 0.000000, 1.000000
0.000000, 0.000000, 0.000000, 0.000000, 0.000000, 0.000000, 1.000000
0.000000, 0.000000, 0.000000, 0.000000, 0.000000, 0.000000, 1.000000
0.000000, 0.000000, 0.000000, 0.000000, 0.000000, 0.000000, 1.000000
0.000000, 0.000000, 0.000000, 0.000000, 0.000000, 0.000000, 1.000000
0.000000, 0.000000, 0.000000, 0.000000, 0.000000, 0.000000, 1.000000
0.000000, 0.000000, 0.000000, 0.000000, 0.000000, 0.000000, 1.000000
0.000000, 0.000000, 0.000000, 0.000000, 0.000000, 0.000000, 1.000000
0.000000, 0.000000, 0.000000, 0.000000, 0.000000, 0.000000, 1.000000
0.000000, 0.000000, 0.000000, 0.000000, 0.000000, 0.000000, 1.000000
0.000000, 0.000000, 0.000000, 0.000000, 0.000000, 0.000000, 1.000000
0.000000, 0.000000, 0.000000, 0.000000, 0.000000, 0.000000, 1.000000
0.000000, 0.000000, 0.000000, 0.000000, 0.000000, 0.000000, 1.000000
0.000000, 0.000000, 0.000000, 0.000000, 0.000000, 0.000000, 1.000000
0.000000, 0.000000, 0.000000, 0.000000, 0.000000, 0.000000, 1.000000
0.000000, 0.000000, 0.000000, 0.000000, 0.000000, 0.000000, 1.000000
0.000000, 0.000000, 0.000000, 0.000000, 0.000000, 0.000000, 1.000000
0.000000, 0.000000, 0.000000, 0.000000, 0.000000, 0.000000, 1.000000
0.000000, 0.000000, 0.000000, 0.000000, 0.000000, 0.000000, 1.000000
0.000000, 0.000000, 0.000000, 0.000000, 0.000000, 0.000000, 1.000000
0.000000, 0.000000, 0.000000, 0.000000, 0.000000, 0.000000, 1.000000
0.000000, 0.000000, 0.000000, 0.000000, 0.000000, 0.000000, 1.000000
0.000000, 0.000000, 0.000000, 0.000000, 0.000000, 0.000000, 1.000000
0.000000, 0.000000, 0.000000, 0.000000, 0.000000, 0.000000, 1.000000
0.000000, 0.000000, 0.000000, 0.000000, 0.000000, 0.000000, 1.000000
0.000000, 0.000000, 0.000000, 0.000000, 0.000000, 0.000000, 1.000000
0.000000, 0.000000, 0.000000, 0.000000, 0.000000, 0.000000, 1.000000
0.000000, 0.000000, 0.000000, 0.000000, 0.000000, 0.000000, 1.000000
0.000000, 0.000000, 0.000000, 0.000000, 0.000000, 0.000000, 1.000000
0.000000, 0.000000, 0.000000, 0.000000, 0.000000, 0.000000, 1.000000
0.000000, 0.000000, 0.000000, 0.000000, 0.000000, 0.000000, 1.000000
0.000000, 0.000000, 0.000000, 0.000000, 0.000000, 0.000000, 1.000000
0.000000, 0.000000, 0.000000, 0.000000, 0.000000, 0.000000, 1.000000
0.000000, 0.000000, 0.000000, 0.000000, 0.000000, 0.000000, 1.000000
0.000000, 0.000000, 0.000000, 0.000000, 0.000000, 0.000000, 1.000000
0.000000, 0.000000, 0.000000, 0.000000, 0.000000, 0.000000, 1.000000
0.000000, 0.000000, 0.000000, 0.000000, 0.000000, 0.000000, 1.000000
0.000000, 0.000000, 0.000000, 0.000000, 0.000000, 0.000000, 1.000000
0.000000, 0.000000, 0.000000, 0.000000, 0.000000, 0.000000, 1.000000
0.000000, 0.000000, 0.000000, 0.000000, 0.000000, 0.000000, 1.000000
0.000000, 0.000000, 0.000000, 0.000000, 0.000000, 0.000000, 1.000000
0.000000, 0.000000, 0.000000, 0.000000, 0.000000, 0.000000, 1.000000
0.000000, 0.000000, 0.000000, 0.000000, 0.000000, 0.000000, 1.000000
0.000000, 0.000000, 0.000000, 0.000000, 0.000000, 0.000000, 1.000000
0.000000, 0.000000, 0.000000, 0.000000, 0.000000, 0.000000, 1.000000
0.000000, 0.000000, 0.000000, 0.000000, 0.000000, 0.000000, 1.000000
0.000000, 0.000000, 0.000000, 0.000000, 0.000000, 0.000000, 1.000000
0.000000, 0.000000, 0.000000, 0.000000, 0.000000, 0.000000, 1.000000
0.000000, 0.000000, 0.000000, 0.000000, 0.000000, 0.000000, 1.000000
0.000000, 0.000000, 0.000000, 0.000000, 0.000000, 0.000000, 1.000000
0.000000, 0.000000, 0.000000, 0.000000, 0.000000, 0.000000, 1.000000
0.000000, 0.000000, 0.000000, 0.000000, 0.000000, 0.000000, 1.000000
0.000000, 0.000000, 0.000000, 0.000000, 0.000000, 0.000000, 1.000000
0.000000, 0.000000, 0.000000, 0.000000, 0.000000, 0.000000, 1.000000
0.000000, 0.000000, 0.000000, 0.000000, 0.000000, 0.000000, 1.000000
0.000000, 0.000000, 0.000000, 0.000000, 0.000000, 0.000000, 1.000000
0.000000, 0.000000, 0.000000, 0.000000, 0.000000, 0.000000, 1.000000
0.000000, 0.000000, 0.000000, 0.000000, 0.000000, 0.000000, 1.000000
0.000000, 0.000000, 0.000000, 0.000000, 0.000000, 0.000000, 1.000000
0.000000, 0.000000, 0.000000, 0.000000, 0.000000, 0.000000, 1.000000
0.000000, 0.000000, 0.000000, 0.000000, 0.000000, 0.000000, 1.000000
0.000000, 0.000000, 0.000000, 0.000000, 0.000000, 0.000000, 1.000000
0.000000, 0.000000, 0.000000, 0.000000, 0.000000, 0.000000, 1.000000
0.000000, 0.000000, 0.000000, 0.000000, 0.000000, 0.000000, 1.000000
0.000000, 0.000000, 0.000000, 0.000000, 0.000000, 0.000000, 1.000000
0.000000, 0.000000, 0.000000, 0.000000, 0.000000, 0.000000, 1.000000
0.000000, 0.000000, 0.000000, 0.000000, 0.000000, 0.000000, 1.000000
0.000000, 0.000000, 0.000000, 0.000000, 0.000000, 0.000000, 1.000000
0.000000, 0.000000, 0.000000, 0.000000, 0.000000, 0.000000, 1.000000
0.000000, 0.000000, 0.000000, 0.000000, 0.000000, 0.000000, 1.000000
0.000000, 0.000000, 0.000000, 0.000000, 0.000000, 0.000000, 1.000000
0.000000, 0.000000, 0.000000, 0.000000, 0.000000, 0.000000, 1.000000
0.000000, 0.000000, 0.000000, 0.000000, 0.000000, 0.000000, 1.000000
0.000000, 0.000000, 0.000000, 0.000000, 0.000000, 0.000000, 1.000000
0.000000, 0.000000, 0.000000, 0.000000, 0.000000, 0.000000, 1.000000
0.000000, 0.000000, 0.000000, 0.000000, 0.000000, 0.000000, 1.000000
0.000000, 0.000000, 0.000000, 0.000000, 0.000000, 0.000000, 1.000000
0.000000, 0.000000, 0.000000, 0.000000, 0.000000, 0.000000, 1.000000
0.000000, 0.000000, 0.000000, 0.000000, 0.000000, 0.000000, 1.000000
0.000000, 0.000000, 0.000000, 0.000000, 0.000000, 0.000000, 1.000000
0.000000, 0.000000, 0.000000, 0.000000, 0.000000, 0.000000, 1.000000
0.000000, 0.000000, 0.000000, 0.000000, 0.000000, 0.000000, 1.000000
0.000000, 0.000000, 0.000000, 0.000000, 0.000000, 0.000000, 1.000000
0.000000, 0.000000, 0.000000, 0.000000, 0.000000, 0.000000, 1.000000
0.000000, 0.000000, 0.000000, 0.000000, 0.000000, 0.000000, 1.000000
0.000000, 0.000000, 0.000000, 0.000000, 0.000000, 0.000000, 1.000000
0.000000, 0.000000, 0.000000, 0.000000, 0.000000, 0.000000, 1.000000
0.000000, 0.000000, 0.000000, 0.000000, 0.000000, 0.000000, 1.000000
0.000000, 0.000000, 0.000000, 0.000000, 0.000000, 0.000000, 1.000000
0.000000, 0.000000, 0.000000, 0.000000, 0.000000, 0.000000, 1.000000
0.000000, 0.000000, 0.000000, 0.000000, 0.000000, 0.000000, 1.000000
0.000000, 0.000000, 0.000000, 0.000000, 0.000000, 0.000000, 1.000000
0.000000, 0.000000, 0.000000, 0.000000, 0.000000, 0.000000, 1.000000
0.000000, 0.000000, 0.000000, 0.000000, 0.000000, 0.000000, 1.000000
0.000000, 0.000000, 0.000000, 0.000000, 0.000000, 0.000000, 1.000000
0.000000, 0.000000, 0.000000, 0.000000, 0.000000, 0.000000, 1.000000
0.000000, 0.000000, 0.000000, 0.000000, 0.000000, 0.000000, 1.000000
0.000000, 0.000000, 0.000000, 0.000000, 0.000000, 0.000000, 1.000000
0.000000, 0.000000, 0.000000, 0.000000, 0.000000, 0.000000, 1.000000
0.000000, 0.000000, 0.000000, 0.000000, 0.000000, 0.000000, 1.000000
0.000000, 0.000000, 0.000000, 0.000000, 0.000000, 0.000000, 1.000000
0.000000, 0.000000, 0.000000, 0.000000, 0.000000, 0.000000, 1.000000
0.000000, 0.000000, 0.000000, 0.000000, 0.000000, 0.000000, 1.000000
0.000000, 0.000000, 0.000000, 0.000000, 0.000000, 0.000000, 1.000000
0.000000, 0.000000, 0.000000, 0.000000, 0.000000, 0.000000, 1.000000
0.000000, 0.000000, 0.000000, 0.000000, 0.000000, 0.000000, 1.000000
0.000000, 0.000000, 0.000000, 0.000000, 0.000000, 0.000000, 1.000000
0.000000, 0.000000, 0.000000, 0.000000, 0.000000, 0.000000, 1.000000
0.000000, 0.000000, 0.000000, 0.000000, 0.000000, 0.000000, 1.000000
0.000000, 0.000000, 0.000000, 0.000000, 0.000000, 0.000000, 1.000000
0.000000, 0.000000, 0.000000, 0.000000, 0.000000, 0.000000, 1.000000
0.000000, 0.000000, 0.000000, 0.000000, 0.000000, 0.000000, 1.000000
0.000000, 0.000000, 0.000000, 0.000000, 0.000000, 0.000000, 1.000000
0.000000, 0.000000, 0.000000, 0.000000, 0.000000, 0.000000, 1.000000
0.000000, 0.000000, 0.000000, 0.000000, 0.000000, 0.000000, 1.000000
0.000000, 0.000000, 0.000000, 0.000000, 0.000000, 0.000000, 1.000000
0.000000, 0.000000, 0.000000, 0.000000, 0.000000, 0.000000, 1.000000
0.000000, 0.000000, 0.000000, 0.000000, 0.000000, 0.000000, 1.000000
0.000000, 0.000000, 0.000000, 0.000000, 0.000000, 0.000000, 1.000000
0.000000, 0.000000, 0.000000, 0.000000, 0.000000, 0.000000, 1.000000
0.000000, 0.000000, 0.000000, 0.000000, 0.000000, 0.000000, 1.000000
0.000000, 0.000000, 0.000000, 0.000000, 0.000000, 0.000000, 1.000000
0.000000, 0.000000, 0.000000, 0.000000, 0.000000, 0.000000, 1.000000
0.000000, 0.000000, 0.000000, 0.000000, 0.000000, 0.000000, 1.000000
0.000000, 0.000000, 0.000000, 0.000000, 0.000000, 0.000000, 1.000000
0.000000, 0.000000, 0.000000, 0.000000, 0.000000, 0.000000, 1.000000
0.000000, 0.000000, 0.000000, 0.000000, 0.000000, 0.000000, 1.000000
0.000000, 0.000000, 0.000000, 0.000000, 0.000000, 0.000000, 1.000000
0.000000, 0.000000, 0.000000, 0.000000, 0.000000, 0.000000, 1.000000
0.000000, 0.000000, 0.000000, 0.000000, 0.000000, 0.000000, 1.000000
0.000000, 0.000000, 0.000000, 0.000000, 0.000000, 0.000000, 1.000000
0.000000, 0.000000, 0.000000, 0.000000, 0.000000, 0.000000, 1.000000
0.000000, 0.000000, 0.000000, 0.000000, 0.000000, 0.000000, 1.000000
0.000000, 0.000000, 0.000000, 0.000000, 0.000000, 0.000000, 1.000000
0.000000, 0.000000, 0.000000, 0.000000, 0.000000, 0.000000, 1.000000
0.000000, 0.000000, 0.000000, 0.000000, 0.000000, 0.000000, 1.000000
0.000000, 0.000000, 0.000000, 0.000000, 0.000000, 0.000000, 1.000000
0.000000, 0.000000, 0.000000, 0.000000, 0.000000, 0.000000, 1.000000
0.000000, 0.000000, 0.000000, 0.000000, 0.000000, 0.000000, 1.000000
0.000000, 0.000000, 0.000000, 0.000000, 0.000000, 0.000000, 1.000000
0.000000, 0.000000, 0.000000, 0.000000, 0.000000, 0.000000, 1.000000
0.000000, 0.000000, 0.000000, 0.000000, 0.000000, 0.000000, 1.000000
0.000000, 0.000000, 0.000000, 0.000000, 0.000000, 0.000000, 1.000000
0.000000, 0.000000, 0.000000, 0.000000, 0.000000, 0.000000, 1.000000
0.000000, 0.000000, 0.000000, 0.000000, 0.000000, 0.000000, 1.000000
0.000000, 0.000000, 0.000000, 0.000000, 0.000000, 0.000000, 1.000000
0.000000, 0.000000, 0.000000, 0.000000, 0.000000, 0.000000, 1.000000
0.000000, 0.000000, 0.000000, 0.000000, 0.000000, 0.000000, 1.000000
0.000000, 0.000000, 0.000000, 0.000000, 0.000000, 0.000000, 1.000000
0.000000, 0.000000, 0.000000, 0.000000, 0.000000, 0.000000, 1.000000
0.000000, 0.000000, 0.000000, 0.000000, 0.000000, 0.000000, 1.000000
0.000000, 0.000000, 0.000000, 0.000000, 0.000000, 0.000000, 1.000000
0.000000, 0.000000, 0.000000, 0.000000, 0.000000, 0.000000, 1.000000
0.000000, 0.000000, 0.000000, 0.000000, 0.000000, 0.000000, 1.000000
0.000000, 0.000000, 0.000000, 0.000000, 0.000000, 0.000000, 1.000000
0.000000, 0.000000, 0.000000, 0.000000, 0.000000, 0.000000, 1.000000
0.000000, 0.000000, 0.000000, 0.000000, 0.000000, 0.000000, 1.000000
0.000000, 0.000000, 0.000000, 0.000000, 0.000000, 0.000000, 1.000000
0.000000, 0.000000, 0.000000, 0.000000, 0.000000, 0.000000, 1.000000
0.000000, 0.000000, 0.000000, 0.000000, 0.000000, 0.000000, 1.000000
0.000000, 0.000000, 0.000000, 0.000000, 0.000000, 0.000000, 1.000000
0.000000, 0.000000, 0.000000, 0.000000, 0.000000, 0.000000, 1.000000
0.000000, 0.000000, 0.000000, 0.000000, 0.000000, 0.000000, 1.000000
0.000000, 0.000000, 0.000000, 0.000000, 0.000000, 0.000000, 1.000000
0.000000, 0.000000, 0.000000, 0.000000, 0.000000, 0.000000, 1.000000
0.000000, 0.000000, 0.000000, 0.000000, 0.000000, 0.000000, 1.000000
0.000000, 0.000000, 0.000000, 0.000000, 0.000000, 0.000000, 1.000000
0.000000, 0.000000, 0.000000, 0.000000, 0.000000, 0.000000, 1.000000
0.000000, 0.000000, 0.000000, 0.000000, 0.000000, 0.000000, 1.000000
0.000000, 0.000000, 0.000000, 0.000000, 0.000000, 0.000000, 1.000000
0.000000, 0.000000, 0.000000, 0.000000, 0.000000, 0.000000, 1.000000
0.000000, 0.000000, 0.000000, 0.000000, 0.000000, 0.000000, 1.000000
0.000000, 0.000000, 0.000000, 0.000000, 0.000000, 0.000000, 1.000000
0.000000, 0.000000, 0.000000, 0.000000, 0.000000, 0.000000, 1.000000
0.000000, 0.000000, 0.000000, 0.000000, 0.000000, 0.000000, 1.000000
0.000000, 0.000000, 0.000000, 0.000000, 0.000000, 0.000000, 1.000000
0.000000, 0.000000, 0.000000, 0.000000, 0.000000, 0.000000, 1.000000
0.000000, 0.000000, 0.000000, 0.000000, 0.000000, 0.000000, 1.000000
0.000000, 0.000000, 0.000000, 0.000000, 0.000000, 0.000000, 1.000000
0.000000, 0.000000, 0.000000, 0.000000, 0.000000, 0.000000, 1.000000
0.000000, 0.000000, 0.000000, 0.000000, 0.000000, 0.000000, 1.000000
0.000000, 0.000000, 0.000000, 0.000000, 0.000000, 0.000000, 1.000000
0.000000, 0.000000, 0.000000, 0.000000, 0.000000, 0.000000, 1.000000
0.000000, 0.000000, 0.000000, 0.000000, 0.000000, 0.000000, 1.000000
0.000000, 0.000000, 0.000000, 0.000000, 0.000000, 0.000000, 1.000000
0.000000, 0.000000, 0.000000, 0.000000, 0.000000, 0.000000, 1.000000
0.000000, 0.000000, 0.000000, 0.000000, 0.000000, 0.000000, 1.000000
0.000000, 0.000000, 0.000000, 0.000000, 0.000000, 0.000000, 1.000000
0.000000, 0.000000, 0.000000, 0.000000, 0.000000, 0.000000, 1.000000
0.000000, 0.000000, 0.000000, 0.000000, 0.000000, 0.000000, 1.000000
0.000000, 0.000000, 0.000000, 0.000000, 0.000000, 0.000000, 1.000000
0.000000, 0.000000, 0.000000, 0.000000, 0.000000, 0.000000, 1.000000
0.000000, 0.000000, 0.000000, 0.000000, 0.000000, 0.000000, 1.000000
0.000000, 0.000000, 0.000000, 0.000000, 0.000000, 0.000000, 1.000000
0.000000, 0.000000, 0.000000, 0.000000, 0.000000, 0.000000, 1.000000
0.000000, 0.000000, 0.000000, 0.000000, 0.000000, 0.000000, 1.000000
0.000000, 0.000000, 0.000000, 0.000000, 0.000000, 0.000000, 1.000000
0.000000, 0.000000, 0.000000, 0.000000, 0.000000, 0.000000, 1.000000
0.000000, 0.000000, 0.000000, 0.000000, 0.000000, 0.000000, 1.000000
0.000000, 0.000000, 0.000000, 0.000000, 0.000000, 0.000000, 1.000000
0.000000, 0.000000, 0.000000, 0.000000, 0.000000, 0.000000, 1.000000
0.000000, 0.000000, 0.000000, 0.000000, 0.000000, 0.000000, 1.000000
0.000000, 0.000000, 0.000000, 0.000000, 0.000000, 0.000000, 1.000000
0.000000, 0.000000, 0.000000, 0.000000, 0.000000, 0.000000, 1.000000
0.000000, 0.000000, 0.000000, 0.000000, 0.000000, 0.000000, 1.000000
0.000000, 0.000000, 0.000000, 0.000000, 0.000000, 0.000000, 1.000000
0.000000, 0.000000, 0.000000, 0.000000, 0.000000, 0.000000, 1.000000
0.000000, 0.000000, 0.000000, 0.000000, 0.000000, 0.000000, 1.000000
0.000000, 0.000000, 0.000000, 0.000000, 0.000000, 0.000000, 1.000000
0.000000, 0.000000, 0.000000, 0.000000, 0.000000, 0.000000, 1.000000
0.000000, 0.000000, 0.000000, 0.000000, 0.000000, 0.000000, 1.000000
0.000000, 0.000000, 0.000000, 0.000000, 0.000000, 0.000000, 1.000000
0.000000, 0.000000, 0.000000, 0.000000, 0.000000, 0.000000, 1.000000
0.000000, 0.000000, 0.000000, 0.000000, 0.000000, 0.000000, 1.000000
0.000000, 0.000000, 0.000000, 0.000000, 0.000000, 0.000000, 1.000000
0.000000, 0.000000, 0.000000, 0.000000, 0.000000, 0.000000, 1.000000
0.000000, 0.000000, 0.000000, 0.000000, 0.000000, 0.000000, 1.000000
0.000000, 0.000000, 0.000000, 0.000000, 0.000000, 0.000000, 1.000000
0.000000, 0.000000, 0.000000, 0.000000, 0.000000, 0.000000, 1.000000
0.000000, 0.000000, 0.000000, 0.000000, 0.000000, 0.000000, 1.000000
0.000000, 0.000000, 0.000000, 0.000000, 0.000000, 0.000000, 1.000000
0.000000, 0.000000, 0.000000, 0.000000, 0.000000, 0.000000, 1.000000
0.000000, 0.000000, 0.000000, 0.000000, 0.000000, 0.000000, 1.000000
0.000000, 0.000000, 0.000000, 0.000000, 0.000000, 0.000000, 1.000000
0.000000, 0.000000, 0.000000, 0.000000, 0.000000, 0.000000, 1.000000
0.000000, 0.000000, 0.000000, 0.000000, 0.000000, 0.000000, 1.000000
0.000000, 0.000000, 0.000000, 0.000000, 0.000000, 0.000000, 1.000000
0.000000, 0.000000, 0.000000, 0.000000, 0.000000, 0.000000, 1.000000
0.000000, 0.000000, 0.000000, 0.000000, 0.000000, 0.000000, 1.000000
0.000000, 0.000000, 0.000000, 0.000000, 0.000000, 0.000000, 1.000000
0.000000, 0.000000, 0.000000, 0.000000, 0.000000, 0.000000, 1.000000
0.000000, 0.000000, 0.000000, 0.000000, 0.000000, 0.000000, 1.000000
0.000000, 0.000000, 0.000000, 0.000000, 0.000000, 0.000000, 1.000000
0.000000, 0.000000, 0.000000, 0.000000, 0.000000, 0.000000, 1.000000
0.000000, 0.000000, 0.000000, 0.000000, 0.000000, 0.000000, 1.000000
0.000000, 0.000000, 0.000000, 0.000000, 0.000000, 0.000000, 1.000000
0.000000, 0.000000, 0.000000, 0.000000, 0.000000, 0.000000, 1.000000
0.000000, 0.000000, 0.000000, 0.000000, 0.000000, 0.000000, 1.000000
0.000000, 0.000000, 0.000000, 0.000000, 0.000000, 0.000000, 1.000000
0.000000, 0.000000, 0.000000, 0.000000, 0.000000, 0.000000, 1.000000
0.000000, 0.000000, 0.000000, 0.000000, 0.000000, 0.000000, 1.000000
0.000000, 0.000000, 0.000000, 0.000000, 0.000000, 0.000000, 1.000000
0.000000, 0.000000, 0.000000, 0.000000, 0.000000, 0.000000, 1.000000
0.000000, 0.000000, 0.000000, 0.000000, 0.000000, 0.000000, 1.000000
0.000000, 0.000000, 0.000000, 0.000000, 0.000000, 0.000000, 1.000000
0.000000, 0.000000, 0.000000, 0.000000, 0.000000, 0.000000, 1.000000
0.000000, 0.000000, 0.000000, 0.000000, 0.000000, 0.000000, 1.000000
0.000000, 0.000000, 0.000000, 0.000000, 0.000000, 0.000000, 1.000000
0.000000, 0.000000, 0.000000, 0.000000, 0.000000, 0.000000, 1.000000
0.000000, 0.000000, 0.000000, 0.000000, 0.000000, 0.000000, 1.000000
0.000000, 0.000000, 0.000000, 0.000000, 0.000000, 0.000000, 1.000000
0.000000, 0.000000, 0.000000, 0.000000, 0.000000, 0.000000, 1.000000
0.000000, 0.000000, 0.000000, 0.000000, 0.000000, 0.000000, 1.000000
0.000000, 0.000000, 0.000000, 0.000000, 0.000000, 0.000000, 1.000000
0.000000, 0.000000, 0.000000, 0.000000, 0.000000, 0.000000, 1.000000
0.000000, 0.000000, 0.000000, 0.000000, 0.000000, 0.000000, 1.000000
0.000000, 0.000000, 0.000000, 0.000000, 0.000000, 0.000000, 1.000000
0.000000, 0.000000, 0.000000, 0.000000, 0.000000, 0.000000, 1.000000
0.000000, 0.000000, 0.000000, 0.000000, 0.000000, 0.000000, 1.000000
0.000000, 0.000000, 0.000000, 0.000000, 0.000000, 0.000000, 1.000000
0.000000, 0.000000, 0.000000, 0.000000, 0.000000, 0.000000, 1.000000
0.000000, 0.000000, 0.000000, 0.000000, 0.000000, 0.000000, 1.000000
0.000000, 0.000000, 0.000000, 0.000000, 0.000000, 0.000000, 1.000000
0.000000, 0.000000, 0.000000, 0.000000, 0.000000, 0.000000, 1.000000
0.000000, 0.000000, 0.000000, 0.000000, 0.000000, 0.000000, 1.000000
0.000000, 0.000000, 0.000000, 0.000000, 0.000000, 0.000000, 1.000000
0.000000, 0.000000, 0.000000, 0.000000, 0.000000, 0.000000, 1.000000
0.000000, 0.000000, 0.000000, 0.000000, 0.000000, 0.000000, 1.000000
0.000000, 0.000000, 0.000000, 0.000000, 0.000000, 0.000000, 1.000000
0.000000, 0.000000, 0.000000, 0.000000, 0.000000, 0.000000, 1.000000
0.000000, 0.000000, 0.000000, 0.000000, 0.000000, 0.000000, 1.000000
0.000000, 0.000000, 0.000000, 0.000000, 0.000000, 0.000000, 1.000000
0.000000, 0.000000, 0.000000, 0.000000, 0.000000, 0.000000, 1.000000
0.000000, 0.000000, 0.000000, 0.000000, 0.000000, 0.000000, 1.000000
0.000000, 0.000000, 0.000000, 0.000000, 0.000000, 0.000000, 1.000000
0.000000, 0.000000, 0.000000, 0.000000, 0.000000, 0.000000, 1.000000
0.000000, 0.000000, 0.000000, 0.000000, 0.000000, 0.000000, 1.000000
0.000000, 0.000000, 0.000000, 0.000000, 0.000000, 0.000000, 1.000000
0.000000, 0.000000, 0.000000, 0.000000, 0.000000, 0.000000, 1.000000
0.000000, 0.000000, 0.000000, 0.000000, 0.000000, 0.000000, 1.000000
0.000000, 0.000000, 0.000000, 0.000000, 0.000000, 0.000000, 1.000000
0.000000, 0.000000, 0.000000, 0.000000, 0.000000, 0.000000, 1.000000
0.000000, 0.000000, 0.000000, 0.000000, 0.000000, 0.000000, 1.000000
0.000000, 0.000000, 0.000000, 0.000000, 0.000000, 0.000000, 1.000000
0.000000, 0.000000, 0.000000, 0.000000, 0.000000, 0.000000, 1.000000
0.000000, 0.000000, 0.000000, 0.000000, 0.000000, 0.000000, 1.000000
0.000000, 0.000000, 0.000000, 0.000000, 0.000000, 0.000000, 1.000000
0.000000, 0.000000, 0.000000, 0.000000, 0.000000, 0.000000, 1.000000
0.000000, 0.000000, 0.000000, 0.000000, 0.000000, 0.000000, 1.000000
0.000000, 0.000000, 0.000000, 0.000000, 0.000000, 0.000000, 1.000000
0.000000, 0.000000, 0.000000, 0.000000, 0.000000, 0.000000, 1.000000
0.000000, 0.000000, 0.000000, 0.000000, 0.000000, 0.000000, 1.000000
0.000000, 0.000000, 0.000000, 0.000000, 0.000000, 0.000000, 1.000000
0.000000, 0.000000, 0.000000, 0.000000, 0.000000, 0.000000, 1.000000
0.000000, 0.000000, 0.000000, 0.000000, 0.000000, 0.000000, 1.000000
0.000000, 0.000000, 0.000000, 0.000000, 0.000000, 0.000000, 1.000000
0.000000, 0.000000, 0.000000, 0.000000, 0.000000, 0.000000, 1.000000
0.000000, 0.000000, 0.000000, 0.000000, 0.000000, 0.000000, 1.000000
0.000000, 0.000000, 0.000000, 0.000000, 0.000000, 0.000000, 1.000000
0.000000, 0.000000, 0.000000, 0.000000, 0.000000, 0.000000, 1.000000
0.000000, 0.000000, 0.000000, 0.000000, 0.000000, 0.000000, 1.000000
0.000000, 0.000000, 0.000000, 0.000000, 0.000000, 0.000000, 1.000000
0.000000, 0.000000, 0.000000, 0.000000, 0.000000, 0.000000, 1.000000
0.000000, 0.000000, 0.000000, 0.000000, 0.000000, 0.000000, 1.000000
0.000000, 0.000000, 0.000000, 0.000000, 0.000000, 0.000000, 1.000000
0.000000, 0.000000, 0.000000, 0.000000, 0.000000, 0.000000, 1.000000
0.000000, 0.000000, 0.000000, 0.000000, 0.000000, 0.000000, 1.000000
0.000000, 0.000000, 0.000000, 0.000000, 0.000000, 0.000000, 1.000000
0.000000, 0.000000, 0.000000, 0.000000, 0.000000, 0.000000, 1.000000
0.000000, 0.000000, 0.000000, 0.000000, 0.000000, 0.000000, 1.000000
0.000000, 0.000000, 0.000000, 0.000000, 0.000000, 0.000000, 1.000000
0.000000, 0.000000, 0.000000, 0.000000, 0.000000, 0.000000, 1.000000
0.000000, 0.000000, 0.000000, 0.000000, 0.000000, 0.000000, 1.000000
0.000000, 0.000000, 0.000000, 0.000000, 0.000000, 0.000000, 1.000000
0.000000, 0.000000, 0.000000, 0.000000, 0.000000, 0.000000, 1.000000
0.000000, 0.000000, 0.000000, 0.000000, 0.000000, 0.000000, 1.000000
0.000000, 0.000000, 0.000000, 0.000000, 0.000000, 0.000000, 1.000000
0.000000, 0.000000, 0.000000, 0.000000, 0.000000, 0.000000, 1.000000
0.000000, 0.000000, 0.000000, 0.000000, 0.000000, 0.000000, 1.000000
0.000000, 0.000000, 0.000000, 0.000000, 0.000000, 0.000000, 1.000000
0.000000, 0.000000, 0.000000, 0.000000, 0.000000, 0.000000, 1.000000
0.000000, 0.000000, 0.000000, 0.000000, 0.000000, 0.000000, 1.000000
0.000000, 0.000000, 0.000000, 0.000000, 0.000000, 0.000000, 1.000000
0.000000, 0.000000, 0.000000, 0.000000, 0.000000, 0.000000, 1.000000
0.000000, 0.000000, 0.000000, 0.000000, 0.000000, 0.000000, 1.000000
0.000000, 0.000000, 0.000000, 0.000000, 0.000000, 0.000000, 1.000000
0.000000, 0.000000, 0.000000, 0.000000, 0.000000, 0.000000, 1.000000
0.000000, 0.000000, 0.000000, 0.000000, 0.000000, 0.000000, 1.000000
0.000000, 0.000000, 0.000000, 0.000000, 0.000000, 0.000000, 1.000000
0.000000, 0.000000, 0.000000, 0.000000, 0.000000, 0.000000, 1.000000
0.000000, 0.000000, 0.000000, 0.000000, 0.000000, 0.000000, 1.000000
0.000000, 0.000000, 0.000000, 0.000000, 0.000000, 0.000000, 1.000000
0.000000, 0.000000, 0.000000, 0.000000, 0.000000, 0.000000, 1.000000
0.000000, 0.000000, 0.000000, 0.000000, 0.000000, 0.000000, 1.000000
0.000000, 0.000000, 0.000000, 0.000000, 0.000000, 0.000000, 1.000000
0.000000, 0.000000, 0.000000, 0.000000, 0.000000, 0.000000, 1.000000
0.000000, 0.000000, 0.000000, 0.000000, 0.000000, 0.000000, 1.000000
0.000000, 0.000000, 0.000000, 0.000000, 0.000000, 0.000000, 1.000000
0.000000, 0.000000, 0.000000, 0.000000, 0.000000, 0.000000, 1.000000
0.000000, 0.000000, 0.000000, 0.000000, 0.000000, 0.000000, 1.000000
0.000000, 0.000000, 0.000000, 0.000000, 0.000000, 0.000000, 1.000000
0.000000, 0.000000, 0.000000, 0.000000, 0.000000, 0.000000, 1.000000
0.000000, 0.000000, 0.000000, 0.000000, 0.000000, 0.000000, 1.000000
0.000000, 0.000000, 0.000000, 0.000000, 0.000000, 0.000000, 1.000000
0.000000, 0.000000, 0.000000, 0.000000, 0.000000, 0.000000, 1.000000
0.000000, 0.000000, 0.000000, 0.000000, 0.000000, 0.000000, 1.000000
0.000000, 0.000000, 0.000000, 0.000000, 0.000000, 0.000000, 1.000000
0.000000, 0.000000, 0.000000, 0.000000, 0.000000, 0.000000, 1.000000
0.000000, 0.000000, 0.000000, 0.000000, 0.000000, 0.000000, 1.000000
0.000000, 0.000000, 0.000000, 0.000000, 0.000000, 0.000000, 1.000000
0.000000, 0.000000, 0.000000, 0.000000, 0.000000, 0.000000, 1.000000
0.000000, 0.000000, 0.000000, 0.000000, 0.000000, 0.000000, 1.000000
0.000000, 0.000000, 0.000000, 0.000000, 0.000000, 0.000000, 1.000000
0.000000, 0.000000, 0.000000, 0.000000, 0.000000, 0.000000, 1.000000
0.000000, 0.000000, 0.000000, 0.000000, 0.000000, 0.000000, 1.000000
0.000000, 0.000000, 0.000000, 0.000000, 0.000000, 0.000000, 1.000000
0.000000, 0.000000, 0.000000, 0.000000, 0.000000, 0.000000, 1.000000
0.000000, 0.000000, 0.000000, 0.000000, 0.000000, 0.000000, 1.000000
0.000000, 0.000000, 0.000000, 0.000000, 0.000000, 0.000000, 1.000000
0.000000, 0.000000, 0.000000, 0.000000, 0.000000, 0.000000, 1.000000
0.000000, 0.000000, 0.000000, 0.000000, 0.000000, 0.000000, 1.000000
0.000000, 0.000000, 0.000000, 0.000000, 0.000000, 0.000000, 1.000000
0.000000, 0.000000, 0.000000, 0.000000, 0.000000, 0.000000, 1.000000
0.000000, 0.000000, 0.000000, 0.000000, 0.000000, 0.000000, 1.000000
0.000000, 0.000000, 0.000000, 0.000000, 0.000000, 0.000000, 1.000000
0.000000, 0.000000, 0.000000, 0.000000, 0.000000, 0.000000, 1.000000
0.000000, 0.000000, 0.000000, 0.000000, 0.000000, 0.000000, 1.000000
0.000000, 0.000000, 0.000000, 0.000000, 0.000000, 0.000000, 1.000000
0.000000, 0.000000, 0.000000, 0.000000, 0.000000, 0.000000, 1.000000
0.000000, 0.000000, 0.000000, 0.000000, 0.000000, 0.000000, 1.000000
0.000000, 0.000000, 0.000000, 0.000000, 0.000000, 0.000000, 1.000000
0.000000, 0.000000, 0.000000, 0.000000, 0.000000, 0.000000, 1.000000
0.000000, 0.000000, 0.000000, 0.000000, 0.000000, 0.000000, 1.000000
0.000000, 0.000000, 0.000000, 0.000000, 0.000000, 0.000000, 1.000000
0.000000, 0.000000, 0.000000, 0.000000, 0.000000, 0.000000, 1.000000
0.000000, 0.000000, 0.000000, 0.000000, 0.000000, 0.000000, 1.000000
0.000000, 0.000000, 0.000000, 0.000000, 0.000000, 0.000000, 1.000000
0.000000, 0.000000, 0.000000, 0.000000, 0.000000, 0.000000, 1.000000
0.000000, 0.000000, 0.000000, 0.000000, 0.000000, 0.000000, 1.000000
0.000000, 0.000000, 0.000000, 0.000000, 0.000000, 0.000000, 1.000000
0.000000, 0.000000, 0.000000, 0.000000, 0.000000, 0.000000, 1.000000
0.000000, 0.000000, 0.000000, 0.000000, 0.000000, 0.000000, 1.000000
0.000000, 0.000000, 0.000000, 0.000000, 0.000000, 0.000000, 1.000000
0.000000, 0.000000, 0.000000, 0.000000, 0.000000, 0.000000, 1.000000
0.000000, 0.000000, 0.000000, 0.000000, 0.000000, 0.000000, 1.000000
0.000000, 0.000000, 0.000000, 0.000000, 0.000000, 0.000000, 1.000000
0.000000, 0.000000, 0.000000, 0.000000, 0.000000, 0.000000, 1.000000
0.000000, 0.000000, 0.000000, 0.000000, 0.000000, 0.000000, 1.000000
0.000000, 0.000000, 0.000000, 0.000000, 0.000000, 0.000000, 1.000000
0.000000, 0.000000, 0.000000, 0.000000, 0.000000, 0.000000, 1.000000
0.000000, 0.000000, 0.000000, 0.000000, 0.000000, 0.000000, 1.000000
0.000000, 0.000000, 0.000000, 0.000000, 0.000000, 0.000000, 1.000000
0.000000, 0.000000, 0.000000, 0.000000, 0.000000, 0.000000, 1.000000
0.000000, 0.000000, 0.000000, 0.000000, 0.000000, 0.000000, 1.000000
0.000000, 0.000000, 0.000000, 0.000000, 0.000000, 0.000000, 1.000000
0.000000, 0.000000, 0.000000, 0.000000, 0.000000, 0.000000, 1.000000
0.000000, 0.000000, 0.000000, 0.000000, 0.000000, 0.000000, 1.000000
0.000000, 0.000000, 0.000000, 0.000000, 0.000000, 0.000000, 1.000000
0.000000, 0.000000, 0.000000, 0.000000, 0.000000, 0.000000, 1.000000
0.000000, 0.000000, 0.000000, 0.000000, 0.000000, 0.000000, 1.000000
0.000000, 0.000000, 0.000000, 0.000000, 0.000000, 0.000000, 1.000000
0.000000, 0.000000, 0.000000, 0.000000, 0.000000, 0.000000, 1.000000
0.000000, 0.000000, 0.000000, 0.000000, 0.000000, 0.000000, 1.000000
0.000000, 0.000000, 0.000000, 0.000000, 0.000000, 0.000000, 1.000000
0.000000, 0.000000, 0.000000, 0.000000, 0.000000, 0.000000, 1.000000
0.000000, 0.000000, 0.000000, 0.000000, 0.000000, 0.000000, 1.000000
0.000000, 0.000000, 0.000000, 0.000000, 0.000000, 0.000000, 1.000000
0.000000, 0.000000, 0.000000, 0.000000, 0.000000, 0.000000, 1.000000
0.000000, 0.000000, 0.000000, 0.000000, 0.000000, 0.000000, 1.000000
0.000000, 0.000000, 0.000000, 0.000000, 0.000000, 0.000000, 1.000000
0.000000, 0.000000, 0.000000, 0.000000, 0.000000, 0.000000, 1.000000
0.000000, 0.000000, 0.000000, 0.000000, 0.000000, 0.000000, 1.000000
0.000000, 0.000000, 0.000000, 0.000000, 0.000000, 0.000000, 1.000000
0.000000, 0.000000, 0.000000, 0.000000, 0.000000, 0.000000, 1.000000
0.000000, 0.000000, 0.000000, 0.000000, 0.000000, 0.000000, 1.000000
0.000000, 0.000000, 0.000000, 0.000000, 0.000000, 0.000000, 1.000000
0.000000, 0.000000, 0.000000, 0.000000, 0.000000, 0.000000, 1.000000
0.000000, 0.000000, 0.000000, 0.000000, 0.000000, 0.000000, 1.000000
0.000000, 0.000000, 0.000000, 0.000000, 0.000000, 0.000000, 1.000000
0.000000, 0.000000, 0.000000, 0.000000, 0.000000, 0.000000, 1.000000
0.000000, 0.000000, 0.000000, 0.000000, 0.000000, 0.000000, 1.000000
0.000000, 0.000000, 0.000000, 0.000000, 0.000000, 0.000000, 1.000000
0.000000, 0.000000, 0.000000, 0.000000, 0.000000, 0.000000, 1.000000
0.000000, 0.000000, 0.000000, 0.000000, 0.000000, 0.000000, 1.000000
0.000000, 0.000000, 0.000000, 0.000000, 0.000000, 0.000000, 1.000000
0.000000, 0.000000, 0.000000, 0.000000, 0.000000, 0.000000, 1.000000
0.000000, 0.000000, 0.000000, 0.000000, 0.000000, 0.000000, 1.000000
0.000000, 0.000000, 0.000000, 0.000000, 0.000000, 0.000000, 1.000000
0.000000, 0.000000, 0.000000, 0.000000, 0.000000, 0.000000, 1.000000
0.000000, 0.000000, 0.000000, 0.000000, 0.000000, 0.000000, 1.000000
0.000000, 0.000000, 0.000000, 0.000000, 0.000000, 0.000000, 1.000000
0.000000, 0.000000, 0.000000, 0.000000, 0.000000, 0.000000, 1.000000
0.000000, 0.000000, 0.000000, 0.000000, 0.000000, 0.000000, 1.000000
0.000000, 0.000000, 0.000000, 0.000000, 0.000000, 0.000000, 1.000000
0.000000, 0.000000, 0.000000, 0.000000, 0.000000, 0.000000, 1.000000
0.000000, 0.000000, 0.000000, 0.000000, 0.000000, 0.000000, 1.000000
0.000000, 0.000000, 0.000000, 0.000000, 0.000000, 0.000000, 1.000000
0.000000, 0.000000, 0.000000, 0.000000, 0.000000, 0.000000, 1.000000
0.000000, 0.000000, 0.000000, 0.000000, 0.000000, 0.000000, 1.000000
0.000000, 0.000000, 0.000000, 0.000000, 0.000000, 0.000000, 1.000000
0.000000, 0.000000, 0.000000, 0.000000, 0.000000, 0.000000, 1.000000
0.000000, 0.000000, 0.000000, 0.000000, 0.000000, 0.000000, 1.000000
0.000000, 0.000000, 0.000000, 0.000000, 0.000000, 0.000000, 1.000000
0.000000, 0.000000, 0.000000, 0.000000, 0.000000, 0.000000, 1.000000
0.000000, 0.000000, 0.000000, 0.000000, 0.000000, 0.000000, 1.000000
0.000000, 0.000000, 0.000000, 0.000000, 0.000000, 0.000000, 1.000000
0.000000, 0.000000, 0.000000, 0.000000, 0.000000, 0.000000, 1.000000
0.000000, 0.000000, 0.000000, 0.000000, 0.000000, 0.000000, 1.000000
0.000000, 0.000000, 0.000000, 0.000000, 0.000000, 0.000000, 1.000000
0.000000, 0.000000, 0.000000, 0.000000, 0.000000, 0.000000, 1.000000
0.000000, 0.000000, 0.000000, 0.000000, 0.000000, 0.000000, 1.000000
0.000000, 0.000000, 0.000000, 0.000000, 0.000000, 0.000000, 1.000000
0.000000, 0.000000, 0.000000, 0.000000, 0.000000, 0.000000, 1.000000
0.000000, 0.000000, 0.000000, 0.000000, 0.000000, 0.000000, 1.000000
0.000000, 0.000000, 0.000000, 0.000000, 0.000000, 0.000000, 1.000000
0.000000, 0.000000, 0.000000, 0.000000, 0.000000, 0.000000, 1.000000
0.000000, 0.000000, 0.000000, 0.000000, 0.000000, 0.000000, 1.000000
0.000000, 0.000000, 0.000000, 0.000000, 0.000000, 0.000000, 1.000000
0.000000, 0.000000, 0.000000, 0.000000, 0.000000, 0.000000, 1.000000
0.000000, 0.000000, 0.000000, 0.000000, 0.000000, 0.000000, 1.000000
0.000000, 0.000000, 0.000000, 0.000000, 0.000000, 0.000000, 1.000000
0.000000, 0.000000, 0.000000, 0.000000, 0.000000, 0.000000, 1.000000
0.000000, 0.000000, 0.000000, 0.000000, 0.000000, 0.000000, 1.000000
0.000000, 0.000000, 0.000000, 0.000000, 0.000000, 0.000000, 1.000000
0.000000, 0.000000, 0.000000, 0.000000, 0.000000, 0.000000, 1.000000
0.000000, 0.000000, 0.000000, 0.000000, 0.000000, 0.000000, 1.000000
0.000000, 0.000000, 0.000000, 0.000000, 0.000000, 0.000000, 1.000000
0.000000, 0.000000, 0.000000, 0.000000, 0.000000, 0.000000, 1.000000
0.000000, 0.000000, 0.000000, 0.000000, 0.000000, 0.000000, 1.000000
0.000000, 0.000000, 0.000000, 0.000000, 0.000000, 0.000000, 1.000000
0.000000, 0.000000, 0.000000, 0.000000, 0.000000, 0.000000, 1.000000
0.000000, 0.000000, 0.000000, 0.000000, 0.000000, 0.000000, 1.000000
0.000000, 0.000000, 0.000000, 0.000000, 0.000000, 0.000000, 1.000000
0.000000, 0.000000, 0.000000, 0.000000, 0.000000, 0.000000, 1.000000
0.000000, 0.000000, 0.000000, 0.000000, 0.000000, 0.000000, 1.000000
0.000000, 0.000000, 0.000000, 0.000000, 0.000000, 0.000000, 1.000000
0.000000, 0.000000, 0.000000, 0.000000, 0.000000, 0.000000, 1.000000
0.000000, 0.000000, 0.000000, 0.000000, 0.000000, 0.000000, 1.000000
0.000000, 0.000000, 0.000000, 0.000000, 0.000000, 0.000000, 1.000000
0.000000, 0.000000, 0.000000, 0.000000, 0.000000, 0.000000, 1.000000
0.000000, 0.000000, 0.000000, 0.000000, 0.000000, 0.000000, 1.000000
0.000000, 0.000000, 0.000000, 0.000000, 0.000000, 0.000000, 1.000000
0.000000, 0.000000, 0.000000, 0.000000, 0.000000, 0.000000, 1.000000
0.000000, 0.000000, 0.000000, 0.000000, 0.000000, 0.000000, 1.000000
0.000000, 0.000000, 0.000000, 0.000000, 0.000000, 0.000000, 1.000000
0.000000, 0.000000, 0.000000, 0.000000, 0.000000, 0.000000, 1.000000
0.000000, 0.000000, 0.000000, 0.000000, 0.000000, 0.000000, 1.000000
0.000000, 0.000000, 0.000000, 0.000000, 0.000000, 0.000000, 1.000000
0.000000, 0.000000, 0.000000, 0.000000, 0.000000, 0.000000, 1.000000
0.000000, 0.000000, 0.000000, 0.000000, 0.000000, 0.000000, 1.000000
0.000000, 0.000000, 0.000000, 0.000000, 0.000000, 0.000000, 1.000000
0.000000, 0.000000, 0.000000, 0.000000, 0.000000, 0.000000, 1.000000
0.000000, 0.000000, 0.000000, 0.000000, 0.000000, 0.000000, 1.000000
0.000000, 0.000000, 0.000000, 0.000000, 0.000000, 0.000000, 1.000000
0.000000, 0.000000, 0.000000, 0.000000, 0.000000, 0.000000, 1.000000
0.000000, 0.000000, 0.000000, 0.000000, 0.000000, 0.000000, 1.000000
0.000000, 0.000000, 0.000000, 0.000000, 0.000000, 0.000000, 1.000000
0.000000, 0.000000, 0.000000, 0.000000, 0.000000, 0.000000, 1.000000
0.000000, 0.000000, 0.000000, 0.000000, 0.000000, 0.000000, 1.000000
0.000000, 0.000000, 0.000000, 0.000000, 0.000000, 0.000000, 1.000000
0.000000, 0.000000, 0.000000, 0.000000, 0.000000, 0.000000, 1.000000
0.000000, 0.000000, 0.000000, 0.000000, 0.000000, 0.000000, 1.000000
0.000000, 0.000000, 0.000000, 0.000000, 0.000000, 0.000000, 1.000000
0.000000, 0.000000, 0.000000, 0.000000, 0.000000, 0.000000, 1.000000
0.000000, 0.000000, 0.000000, 0.000000, 0.000000, 0.000000, 1.000000
0.000000, 0.000000, 0.000000, 0.000000, 0.000000, 0.000000, 1.000000
0.000000, 0.000000, 0.000000, 0.000000, 0.000000, 0.000000, 1.000000
0.000000, 0.000000, 0.000000, 0.000000, 0.000000, 0.000000, 1.000000
0.000000, 0.000000, 0.000000, 0.000000, 0.000000, 0.000000, 1.000000
0.000000, 0.000000, 0.000000, 0.000000, 0.000000, 0.000000, 1.000000
0.000000, 0.000000, 0.000000, 0.000000, 0.000000, 0.000000, 1.000000
0.000000, 0.000000, 0.000000, 0.000000, 0.000000, 0.000000, 1.000000
0.000000, 0.000000, 0.000000, 0.000000, 0.000000, 0.000000, 1.000000
0.000000, 0.000000, 0.000000, 0.000000, 0.000000, 0.000000, 1.000000
0.000000, 0.000000, 0.000000, 0.000000, 0.000000, 0.000000, 1.000000
0.000000, 0.000000, 0.000000, 0.000000, 0.000000, 0.000000, 1.000000
0.000000, 0.000000, 0.000000, 0.000000, 0.000000, 0.000000, 1.000000
0.000000, 0.000000, 0.000000, 0.000000, 0.000000, 0.000000, 1.000000
0.000000, 0.000000, 0.000000, 0.000000, 0.000000, 0.000000, 1.000000
0.000000, 0.000000, 0.000000, 0.000000, 0.000000, 0.000000, 1.000000
0.000000, 0.000000, 0.000000, 0.000000, 0.000000, 0.000000, 1.000000
0.000000, 0.000000, 0.000000, 0.000000, 0.000000, 0.000000, 1.000000
0.000000, 0.000000, 0.000000, 0.000000, 0.000000, 0.000000, 1.000000
0.000000, 0.000000, 0.000000, 0.000000, 0.000000, 0.000000, 1.000000
0.000000, 0.000000, 0.000000, 0.000000, 0.000000, 0.000000, 1.000000
0.000000, 0.000000, 0.000000, 0.000000, 0.000000, 0.000000, 1.000000
0.000000, 0.000000, 0.000000, 0.000000, 0.000000, 0.000000, 1.000000
0.000000, 0.000000, 0.000000, 0.000000, 0.000000, 0.000000, 1.000000
0.000000, 0.000000, 0.000000, 0.000000, 0.000000, 0.000000, 1.000000
0.000000, 0.000000, 0.000000, 0.000000, 0.000000, 0.000000, 1.000000
0.000000, 0.000000, 0.000000, 0.000000, 0.000000, 0.000000, 1.000000
0.000000, 0.000000, 0.000000, 0.000000, 0.000000, 0.000000, 1.000000
0.000000, 0.000000, 0.000000, 0.000000, 0.000000, 0.000000, 1.000000
0.000000, 0.000000, 0.000000, 0.000000, 0.000000, 0.000000, 1.000000
0.000000, 0.000000, 0.000000, 0.000000, 0.000000, 0.000000, 1.000000
0.000000, 0.000000, 0.000000, 0.000000, 0.000000, 0.000000, 1.000000
0.000000, 0.000000, 0.000000, 0.000000, 0.000000, 0.000000, 1.000000
0.000000, 0.000000, 0.000000, 0.000000, 0.000000, 0.000000, 1.000000
0.000000, 0.000000, 0.000000, 0.000000, 0.000000, 0.000000, 1.000000
0.000000, 0.000000, 0.000000, 0.000000, 0.000000, 0.000000, 1.000000
0.000000, 0.000000, 0.000000, 0.000000, 0.000000, 0.000000, 1.000000
0.000000, 0.000000, 0.000000, 0.000000, 0.000000, 0.000000, 1.000000
0.000000, 0.000000, 0.000000, 0.000000, 0.000000, 0.000000, 1.000000
0.000000, 0.000000, 0.000000, 0.000000, 0.000000, 0.000000, 1.000000
0.000000, 0.000000, 0.000000, 0.000000, 0.000000, 0.000000, 1.000000
0.000000, 0.000000, 0.000000, 0.000000, 0.000000, 0.000000, 1.000000
0.000000, 0.000000, 0.000000, 0.000000, 0.000000, 0.000000, 1.000000
0.000000, 0.000000, 0.000000, 0.000000, 0.000000, 0.000000, 1.000000
0.000000, 0.000000, 0.000000, 0.000000, 0.000000, 0.000000, 1.000000
0.000000, 0.000000, 0.000000, 0.000000, 0.000000, 0.000000, 1.000000
0.000000, 0.000000, 0.000000, 0.000000, 0.000000, 0.000000, 1.000000
0.000000, 0.000000, 0.000000, 0.000000, 0.000000, 0.000000, 1.000000
0.000000, 0.000000, 0.000000, 0.000000, 0.000000, 0.000000, 1.000000
0.000000, 0.000000, 0.000000, 0.000000, 0.000000, 0.000000, 1.000000
0.000000, 0.000000, 0.000000, 0.000000, 0.000000, 0.000000, 1.000000
0.000000, 0.000000, 0.000000, 0.000000, 0.000000, 0.000000, 1.000000
0.000000, 0.000000, 0.000000, 0.000000, 0.000000, 0.000000, 1.000000
0.000000, 0.000000, 0.000000, 0.000000, 0.000000, 0.000000, 1.000000
0.000000, 0.000000, 0.000000, 0.000000, 0.000000, 0.000000, 1.000000
0.000000, 0.000000, 0.000000, 0.000000, 0.000000, 0.000000, 1.000000
0.000000, 0.000000, 0.000000, 0.000000, 0.000000, 0.000000, 1.000000
0.000000, 0.000000, 0.000000, 0.000000, 0.000000, 0.000000, 1.000000
0.000000, 0.000000, 0.000000, 0.000000, 0.000000, 0.000000, 1.000000
0.000000, 0.000000, 0.000000, 0.000000, 0.000000, 0.000000, 1.000000
0.000000, 0.000000, 0.000000, 0.000000, 0.000000, 0.000000, 1.000000
0.000000, 0.000000, 0.000000, 0.000000, 0.000000, 0.000000, 1.000000
0.000000, 0.000000, 0.000000, 0.000000, 0.000000, 0.000000, 1.000000
0.000000, 0.000000, 0.000000, 0.000000, 0.000000, 0.000000, 1.000000
0.000000, 0.000000, 0.000000, 0.000000, 0.000000, 0.000000, 1.000000
0.000000, 0.000000, 0.000000, 0.000000, 0.000000, 0.000000, 1.000000
0.000000, 0.000000, 0.000000, 0.000000, 0.000000, 0.000000, 1.000000
0.000000, 0.000000, 0.000000, 0.000000, 0.000000, 0.000000, 1.000000
0.000000, 0.000000, 0.000000, 0.000000, 0.000000, 0.000000, 1.000000
0.000000, 0.000000, 0.000000, 0.000000, 0.000000, 0.000000, 1.000000
0.000000, 0.000000, 0.000000, 0.000000, 0.000000, 0.000000, 1.000000
0.000000, 0.000000, 0.000000, 0.000000, 0.000000, 0.000000, 1.000000
0.000000, 0.000000, 0.000000, 0.000000, 0.000000, 0.000000, 1.000000
0.000000, 0.000000, 0.000000, 0.000000, 0.000000, 0.000000, 1.000000
0.000000, 0.000000, 0.000000, 0.000000, 0.000000, 0.000000, 1.000000
0.000000, 0.000000, 0.000000, 0.000000, 0.000000, 0.000000, 1.000000
0.000000, 0.000000, 0.000000, 0.000000, 0.000000, 0.000000, 1.000000
0.000000, 0.000000, 0.000000, 0.000000, 0.000000, 0.000000, 1.000000
0.000000, 0.000000, 0.000000, 0.000000, 0.000000, 0.000000, 1.000000
0.000000, 0.000000, 0.000000, 0.000000, 0.000000, 0.000000, 1.000000
0.000000, 0.000000, 0.000000, 0.000000, 0.000000, 0.000000, 1.000000
0.000000, 0.000000, 0.000000, 0.000000, 0.000000, 0.000000, 1.000000
0.000000, 0.000000, 0.000000, 0.000000, 0.000000, 0.000000, 1.000000
0.000000, 0.000000, 0.000000, 0.000000, 0.000000, 0.000000, 1.000000
0.000000, 0.000000, 0.000000, 0.000000, 0.000000, 0.000000, 1.000000
0.000000, 0.000000, 0.000000, 0.000000, 0.000000, 0.000000, 1.000000
0.000000, 0.000000, 0.000000, 0.000000, 0.000000, 0.000000, 1.000000
0.000000, 0.000000, 0.000000, 0.000000, 0.000000, 0.000000, 1.000000
0.000000, 0.000000, 0.000000, 0.000000, 0.000000, 0.000000, 1.000000
0.000000, 0.000000, 0.000000, 0.000000, 0.000000, 0.000000, 1.000000
0.000000, 0.000000, 0.000000, 0.000000, 0.000000, 0.000000, 1.000000
0.000000, 0.000000, 0.000000, 0.000000, 0.000000, 0.000000, 1.000000
0.000000, 0.000000, 0.000000, 0.000000, 0.000000, 0.000000, 1.000000
0.000000, 0.000000, 0.000000, 0.000000, 0.000000, 0.000000, 1.000000
0.000000, 0.000000, 0.000000, 0.000000, 0.000000, 0.000000, 1.000000
0.000000, 0.000000, 0.000000, 0.000000, 0.000000, 0.000000, 1.000000
0.000000, 0.000000, 0.000000, 0.000000, 0.000000, 0.000000, 1.000000
0.000000, 0.000000, 0.000000, 0.000000, 0.000000, 0.000000, 1.000000
0.000000, 0.000000, 0.000000, 0.000000, 0.000000, 0.000000, 1.000000
0.000000, 0.000000, 0.000000, 0.000000, 0.000000, 0.000000, 1.000000
0.000000, 0.000000, 0.000000, 0.000000, 0.000000, 0.000000, 1.000000
0.000000, 0.000000, 0.000000, 0.000000, 0.000000, 0.000000, 1.000000
0.000000, 0.000000, 0.000000, 0.000000, 0.000000, 0.000000, 1.000000
0.000000, 0.000000, 0.000000, 0.000000, 0.000000, 0.000000, 1.000000
0.000000, 0.000000, 0.000000, 0.000000, 0.000000, 0.000000, 1.000000
0.000000, 0.000000, 0.000000, 0.000000, 0.000000, 0.000000, 1.000000
0.000000, 0.000000, 0.000000, 0.000000, 0.000000, 0.000000, 1.000000
0.000000, 0.000000, 0.000000, 0.000000, 0.000000, 0.000000, 1.000000
0.000000, 0.000000, 0.000000, 0.000000, 0.000000, 0.000000, 1.000000
0.000000, 0.000000, 0.000000, 0.000000, 0.000000, 0.000000, 1.000000
0.000000, 0.000000, 0.000000, 0.000000, 0.000000, 0.000000, 1.000000
0.000000, 0.000000, 0.000000, 0.000000, 0.000000, 0.000000, 1.000000
0.000000, 0.000000, 0.000000, 0.000000, 0.000000, 0.000000, 1.000000
0.000000, 0.000000, 0.000000, 0.000000, 0.000000, 0.000000, 1.000000
0.000000, 0.000000, 0.000000, 0.000000, 0.000000, 0.000000, 1.000000
0.000000, 0.000000, 0.000000, 0.000000, 0.000000, 0.000000, 1.000000
0.000000, 0.000000, 0.000000, 0.000000, 0.000000, 0.000000, 1.000000
0.000000, 0.000000, 0.000000, 0.000000, 0.000000, 0.000000, 1.000000
0.000000, 0.000000, 0.000000, 0.000000, 0.000000, 0.000000, 1.000000
0.000000, 0.000000, 0.000000, 0.000000, 0.000000, 0.000000, 1.000000
0.000000, 0.000000, 0.000000, 0.000000, 0.000000, 0.000000, 1.000000
0.000000, 0.000000, 0.000000, 0.000000, 0.000000, 0.000000, 1.000000
0.000000, 0.000000, 0.000000, 0.000000, 0.000000, 0.000000, 1.000000
0.000000, 0.000000, 0.000000, 0.000000, 0.000000, 0.000000, 1.000000
0.000000, 0.000000, 0.000000, 0.000000, 0.000000, 0.000000, 1.000000
0.000000, 0.000000, 0.000000, 0.000000, 0.000000, 0.000000, 1.000000
0.000000, 0.000000, 0.000000, 0.000000, 0.000000, 0.000000, 1.000000
0.000000, 0.000000, 0.000000, 0.000000, 0.000000, 0.000000, 1.000000
0.000000, 0.000000, 0.000000, 0.000000, 0.000000, 0.000000, 1.000000
0.000000, 0.000000, 0.000000, 0.000000, 0.000000, 0.000000, 1.000000
0.000000, 0.000000, 0.000000, 0.000000, 0.000000, 0.000000, 1.000000
0.000000, 0.000000, 0.000000, 0.000000, 0.000000, 0.000000, 1.000000
0.000000, 0.000000, 0.000000, 0.000000, 0.000000, 0.000000, 1.000000
0.000000, 0.000000, 0.000000, 0.000000, 0.000000, 0.000000, 1.000000
0.000000, 0.000000, 0.000000, 0.000000, 0.000000, 0.000000, 1.000000
0.000000, 0.000000, 0.000000, 0.000000, 0.000000, 0.000000, 1.000000
0.000000, 0.000000, 0.000000, 0.000000, 0.000000, 0.000000, 1.000000
0.000000, 0.000000, 0.000000, 0.000000, 0.000000, 0.000000, 1.000000
0.000000, 0.000000, 0.000000, 0.000000, 0.000000, 0.000000, 1.000000
0.000000, 0.000000, 0.000000, 0.000000, 0.000000, 0.000000, 1.000000
0.000000, 0.000000, 0.000000, 0.000000, 0.000000, 0.000000, 1.000000
0.000000, 0.000000, 0.000000, 0.000000, 0.000000, 0.000000, 1.000000
0.000000, 0.000000, 0.000000, 0.000000, 0.000000, 0.000000, 1.000000
0.000000, 0.000000, 0.000000, 0.000000, 0.000000, 0.000000, 1.000000
0.000000, 0.000000, 0.000000, 0.000000, 0.000000, 0.000000, 1.000000
0.000000, 0.000000, 0.000000, 0.000000, 0.000000, 0.000000, 1.000000
0.000000, 0.000000, 0.000000, 0.000000, 0.000000, 0.000000, 1.000000
0.000000, 0.000000, 0.000000, 0.000000, 0.000000, 0.000000, 1.000000
0.000000, 0.000000, 0.000000, 0.000000, 0.000000, 0.000000, 1.000000
0.000000, 0.000000, 0.000000, 0.000000, 0.000000, 0.000000, 1.000000
0.000000, 0.000000, 0.000000, 0.000000, 0.000000, 0.000000, 1.000000
0.000000, 0.000000, 0.000000, 0.000000, 0.000000, 0.000000, 1.000000
0.000000, 0.000000, 0.000000, 0.000000, 0.000000, 0.000000, 1.000000
0.000000, 0.000000, 0.000000, 0.000000, 0.000000, 0.000000, 1.000000
0.000000, 0.000000, 0.000000, 0.000000, 0.000000, 0.000000, 1.000000
0.000000, 0.000000, 0.000000, 0.000000, 0.000000, 0.000000, 1.000000
0.000000, 0.000000, 0.000000, 0.000000, 0.000000, 0.000000, 1.000000
0.000000, 0.000000, 0.000000, 0.000000, 0.000000, 0.000000, 1.000000
0.000000, 0.000000, 0.000000, 0.000000, 0.000000, 0.000000, 1.000000
0.000000, 0.000000, 0.000000, 0.000000, 0.000000, 0.000000, 1.000000
0.000000, 0.000000, 0.000000, 0.000000, 0.000000, 0.000000, 1.000000
0.000000, 0.000000, 0.000000, 0.000000, 0.000000, 0.000000, 1.000000
0.000000, 0.000000, 0.000000, 0.000000, 0.000000, 0.000000, 1.000000
0.000000, 0.000000, 0.000000, 0.000000, 0.000000, 0.000000, 1.000000
0.000000, 0.000000, 0.000000, 0.000000, 0.000000, 0.000000, 1.000000
0.000000, 0.000000, 0.000000, 0.000000, 0.000000, 0.000000, 1.000000
0.000000, 0.000000, 0.000000, 0.000000, 0.000000, 0.000000, 1.000000
0.000000, 0.000000, 0.000000, 0.000000, 0.000000, 0.000000, 1.000000
0.000000, 0.000000, 0.000000, 0.000000, 0.000000, 0.000000, 1.000000
0.000000, 0.000000, 0.000000, 0.000000, 0.000000, 0.000000, 1.000000
0.000000, 0.000000, 0.000000, 0.000000, 0.000000, 0.000000, 1.000000
0.000000, 0.000000, 0.000000, 0.000000, 0.000000, 0.000000, 1.000000
0.000000, 0.000000, 0.000000, 0.000000, 0.000000, 0.000000, 1.000000
0.000000, 0.000000, 0.000000, 0.000000, 0.000000, 0.000000, 1.000000
0.000000, 0.000000, 0.000000, 0.000000, 0.000000, 0.000000, 1.000000
0.000000, 0.000000, 0.000000, 0.000000, 0.000000, 0.000000, 1.000000
0.000000, 0.000000, 0.000000, 0.000000, 0.000000, 0.000000, 1.000000
0.000000, 0.000000, 0.000000, 0.000000, 0.000000, 0.000000, 1.000000
0.000000, 0.000000, 0.000000, 0.000000, 0.000000, 0.000000, 1.000000
0.000000, 0.000000, 0.000000, 0.000000, 0.000000, 0.000000, 1.000000
0.000000, 0.000000, 0.000000, 0.000000, 0.000000, 0.000000, 1.000000
0.000000, 0.000000, 0.000000, 0.000000, 0.000000, 0.000000, 1.000000
0.000000, 0.000000, 0.000000, 0.000000, 0.000000, 0.000000, 1.000000
0.000000, 0.000000, 0.000000, 0.000000, 0.000000, 0.000000, 1.000000
0.000000, 0.000000, 0.000000, 0.000000, 0.000000, 0.000000, 1.000000
0.000000, 0.000000, 0.000000, 0.000000, 0.000000, 0.000000, 1.000000
0.000000, 0.000000, 0.000000, 0.000000, 0.000000, 0.000000, 1.000000
0.000000, 0.000000, 0.000000, 0.000000, 0.000000, 0.000000, 1.000000
0.000000, 0.000000, 0.000000, 0.000000, 0.000000, 0.000000, 1.000000
0.000000, 0.000000, 0.000000, 0.000000, 0.000000, 0.000000, 1.000000
0.000000, 0.000000, 0.000000, 0.000000, 0.000000, 0.000000, 1.000000
0.000000, 0.000000, 0.000000, 0.000000, 0.000000, 0.000000, 1.000000
0.000000, 0.000000, 0.000000, 0.000000, 0.000000, 0.000000, 1.000000
0.000000, 0.000000, 0.000000, 0.000000, 0.000000, 0.000000, 1.000000
0.000000, 0.000000, 0.000000, 0.000000, 0.000000, 0.000000, 1.000000
0.000000, 0.000000, 0.000000, 0.000000, 0.000000, 0.000000, 1.000000
0.000000, 0.000000, 0.000000, 0.000000, 0.000000, 0.000000, 1.000000
0.000000, 0.000000, 0.000000, 0.000000, 0.000000, 0.000000, 1.000000
0.000000, 0.000000, 0.000000, 0.000000, 0.000000, 0.000000, 1.000000
0.000000, 0.000000, 0.000000, 0.000000, 0.000000, 0.000000, 1.000000
0.000000, 0.000000, 0.000000, 0.000000, 0.000000, 0.000000, 1.000000
0.000000, 0.000000, 0.000000, 0.000000, 0.000000, 0.000000, 1.000000
0.000000, 0.000000, 0.000000, 0.000000, 0.000000, 0.000000, 1.000000
0.000000, 0.000000, 0.000000, 0.000000, 0.000000, 0.000000, 1.000000
0.000000, 0.000000, 0.000000, 0.000000, 0.000000, 0.000000, 1.000000
0.000000, 0.000000, 0.000000, 0.000000, 0.000000, 0.000000, 1.000000
0.000000, 0.000000, 0.000000, 0.000000, 0.000000, 0.000000, 1.000000
0.000000, 0.000000, 0.000000, 0.000000, 0.000000, 0.000000, 1.000000
0.000000, 0.000000, 0.000000, 0.000000, 0.000000, 0.000000, 1.000000
0.000000, 0.000000, 0.000000, 0.000000, 0.000000, 0.000000, 1.000000
0.000000, 0.000000, 0.000000, 0.000000, 0.000000, 0.000000, 1.000000
0.000000, 0.000000, 0.000000, 0.000000, 0.000000, 0.000000, 1.000000
0.000000, 0.000000, 0.000000, 0.000000, 0.000000, 0.000000, 1.000000
0.000000, 0.000000, 0.000000, 0.000000, 0.000000, 0.000000, 1.000000
0.000000, 0.000000, 0.000000, 0.000000, 0.000000, 0.000000, 1.000000
0.000000, 0.000000, 0.000000, 0.000000, 0.000000, 0.000000, 1.000000
0.000000, 0.000000, 0.000000, 0.000000, 0.000000, 0.000000, 1.000000
0.000000, 0.000000, 0.000000, 0.000000, 0.000000, 0.000000, 1.000000
0.000000, 0.000000, 0.000000, 0.000000, 0.000000, 0.000000, 1.000000
0.000000, 0.000000, 0.000000, 0.000000, 0.000000, 0.000000, 1.000000
0.000000, 0.000000, 0.000000, 0.000000, 0.000000, 0.000000, 1.000000
0.000000, 0.000000, 0.000000, 0.000000, 0.000000, 0.000000, 1.000000
0.000000, 0.000000, 0.000000, 0.000000, 0.000000, 0.000000, 1.000000
0.000000, 0.000000, 0.000000, 0.000000, 0.000000, 0.000000, 1.000000
0.000000, 0.000000, 0.000000, 0.000000, 0.000000, 0.000000, 1.000000
0.000000, 0.000000, 0.000000, 0.000000, 0.000000, 0.000000, 1.000000
0.000000, 0.000000, 0.000000, 0.000000, 0.000000, 0.000000, 1.000000
0.000000, 0.000000, 0.000000, 0.000000, 0.000000, 0.000000, 1.000000
0.000000, 0.000000, 0.000000, 0.000000, 0.000000, 0.000000, 1.000000
0.000000, 0.000000, 0.000000, 0.000000, 0.000000, 0.000000, 1.000000
0.000000, 0.000000, 0.000000, 0.000000, 0.000000, 0.000000, 1.000000
0.000000, 0.000000, 0.000000, 0.000000, 0.000000, 0.000000, 1.000000
0.000000, 0.000000, 0.000000, 0.000000, 0.000000, 0.000000, 1.000000
0.000000, 0.000000, 0.000000, 0.000000, 0.000000, 0.000000, 1.000000
0.000000, 0.000000, 0.000000, 0.000000, 0.000000, 0.000000, 1.000000
0.000000, 0.000000, 0.000000, 0.000000, 0.000000, 0.000000, 1.000000
0.000000, 0.000000, 0.000000, 0.000000, 0.000000, 0.000000, 1.000000
0.000000, 0.000000, 0.000000, 0.000000, 0.000000, 0.000000, 1.000000
0.000000, 0.000000, 0.000000, 0.000000, 0.000000, 0.000000, 1.000000
0.000000, 0.000000, 0.000000, 0.000000, 0.000000, 0.000000, 1.000000
0.000000, 0.000000, 0.000000, 0.000000, 0.000000, 0.000000, 1.000000
0.000000, 0.000000, 0.000000, 0.000000, 0.000000, 0.000000, 1.000000
0.000000, 0.000000, 0.000000, 0.000000, 0.000000, 0.000000, 1.000000
0.000000, 0.000000, 0.000000, 0.000000, 0.000000, 0.000000, 1.000000
0.000000, 0.000000, 0.000000, 0.000000, 0.000000, 0.000000, 1.000000
0.000000, 0.000000, 0.000000, 0.000000, 0.000000, 0.000000, 1.000000
0.000000, 0.000000, 0.000000, 0.000000, 0.000000, 0.000000, 1.000000
0.000000, 0.000000, 0.000000, 0.000000, 0.000000, 0.000000, 1.000000
0.000000, 0.000000, 0.000000, 0.000000, 0.000000, 0.000000, 1.000000
0.000000, 0.000000, 0.000000, 0.000000, 0.000000, 0.000000, 1.000000
0.000000, 0.000000, 0.000000, 0.000000, 0.000000, 0.000000, 1.000000
0.000000, 0.000000, 0.000000, 0.000000, 0.000000, 0.000000, 1.000000
0.000000, 0.000000, 0.000000, 0.000000, 0.000000, 0.000000, 1.000000
0.000000, 0.000000, 0.000000, 0.000000, 0.000000, 0.000000, 1.000000
0.000000, 0.000000, 0.000000, 0.000000, 0.000000, 0.000000, 1.000000
0.000000, 0.000000, 0.000000, 0.000000, 0.000000, 0.000000, 1.000000
0.000000, 0.000000, 0.000000, 0.000000, 0.000000, 0.000000, 1.000000
0.000000, 0.000000, 0.000000, 0.000000, 0.000000, 0.000000, 1.000000
0.000000, 0.000000, 0.000000, 0.000000, 0.000000, 0.000000, 1.000000
0.000000, 0.000000, 0.000000, 0.000000, 0.000000, 0.000000, 1.000000
0.000000, 0.000000, 0.000000, 0.000000, 0.000000, 0.000000, 1.000000
0.000000, 0.000000, 0.000000, 0.000000, 0.000000, 0.000000, 1.000000
0.000000, 0.000000, 0.000000, 0.000000, 0.000000, 0.000000, 1.000000
0.000000, 0.000000, 0.000000, 0.000000, 0.000000, 0.000000, 1.000000
0.000000, 0.000000, 0.000000, 0.000000, 0.000000, 0.000000, 1.000000
0.000000, 0.000000, 0.000000, 0.000000, 0.000000, 0.000000, 1.000000
0.000000, 0.000000, 0.000000, 0.000000, 0.000000, 0.000000, 1.000000
0.000000, 0.000000, 0.000000, 0.000000, 0.000000, 0.000000, 1.000000
0.000000, 0.000000, 0.000000, 0.000000, 0.000000, 0.000000, 1.000000
0.000000, 0.000000, 0.000000, 0.000000, 0.000000, 0.000000, 1.000000
0.000000, 0.000000, 0.000000, 0.000000, 0.000000, 0.000000, 1.000000
0.000000, 0.000000, 0.000000, 0.000000, 0.000000, 0.000000, 1.000000
0.000000, 0.000000, 0.000000, 0.000000, 0.000000, 0.000000, 1.000000
0.000000, 0.000000, 0.000000, 0.000000, 0.000000, 0.000000, 1.000000
0.000000, 0.000000, 0.000000, 0.000000, 0.000000, 0.000000, 1.000000
0.000000, 0.000000, 0.000000, 0.000000, 0.000000, 0.000000, 1.000000
0.000000, 0.000000, 0.000000, 0.000000, 0.000000, 0.000000, 1.000000
0.000000, 0.000000, 0.000000, 0.000000, 0.000000, 0.000000, 1.000000
0.000000, 0.000000, 0.000000, 0.000000, 0.000000, 0.000000, 1.000000
0.000000, 0.000000, 0.000000, 0.000000, 0.000000, 0.000000, 1.000000
0.000000, 0.000000, 0.000000, 0.000000, 0.000000, 0.000000, 1.000000
0.000000, 0.000000, 0.000000, 0.000000, 0.000000, 0.000000, 1.000000
0.000000, 0.000000, 0.000000, 0.000000, 0.000000, 0.000000, 1.000000
0.000000, 0.000000, 0.000000, 0.000000, 0.000000, 0.000000, 1.000000
0.000000, 0.000000, 0.000000, 0.000000, 0.000000, 0.000000, 1.000000
0.000000, 0.000000, 0.000000, 0.000000, 0.000000, 0.000000, 1.000000
0.000000, 0.000000, 0.000000, 0.000000, 0.000000, 0.000000, 1.000000
0.000000, 0.000000, 0.000000, 0.000000, 0.000000, 0.000000, 1.000000
0.000000, 0.000000, 0.000000, 0.000000, 0.000000, 0.000000, 1.000000
0.000000, 0.000000, 0.000000, 0.000000, 0.000000, 0.000000, 1.000000
0.000000, 0.000000, 0.000000, 0.000000, 0.000000, 0.000000, 1.000000
0.000000, 0.000000, 0.000000, 0.000000, 0.000000, 0.000000, 1.000000
0.000000, 0.000000, 0.000000, 0.000000, 0.000000, 0.000000, 1.000000
0.000000, 0.000000, 0.000000, 0.000000, 0.000000, 0.000000, 1.000000
0.000000, 0.000000, 0.000000, 0.000000, 0.000000, 0.000000, 1.000000
0.000000, 0.000000, 0.000000, 0.000000, 0.000000, 0.000000, 1.000000
0.000000, 0.000000, 0.000000, 0.000000, 0.000000, 0.000000, 1.000000
0.000000, 0.000000, 0.000000, 0.000000, 0.000000, 0.000000, 1.000000
0.000000, 0.000000, 0.000000, 0.000000, 0.000000, 0.000000, 1.000000
0.000000, 0.000000, 0.000000, 0.000000, 0.000000, 0.000000, 1.000000
0.000000, 0.000000, 0.000000, 0.000000, 0.000000, 0.000000, 1.000000
0.000000, 0.000000, 0.000000, 0.000000, 0.000000, 0.000000, 1.000000
0.000000, 0.000000, 0.000000, 0.000000, 0.000000, 0.000000, 1.000000
0.000000, 0.000000, 0.000000, 0.000000, 0.000000, 0.000000, 1.000000
0.000000, 0.000000, 0.000000, 0.000000, 0.000000, 0.000000, 1.000000
0.000000, 0.000000, 0.000000, 0.000000, 0.000000, 0.000000, 1.000000
0.000000, 0.000000, 0.000000, 0.000000, 0.000000, 0.000000, 1.000000
0.000000, 0.000000, 0.000000, 0.000000, 0.000000, 0.000000, 1.000000
0.000000, 0.000000, 0.000000, 0.000000, 0.000000, 0.000000, 1.000000
0.000000, 0.000000, 0.000000, 0.000000, 0.000000, 0.000000, 1.000000
0.000000, 0.000000, 0.000000, 0.000000, 0.000000, 0.000000, 1.000000
0.000000, 0.000000, 0.000000, 0.000000, 0.000000, 0.000000, 1.000000
0.000000, 0.000000, 0.000000, 0.000000, 0.000000, 0.000000, 1.000000
0.000000, 0.000000, 0.000000, 0.000000, 0.000000, 0.000000, 1.000000
0.000000, 0.000000, 0.000000, 0.000000, 0.000000, 0.000000, 1.000000
0.000000, 0.000000, 0.000000, 0.000000, 0.000000, 0.000000, 1.000000
0.000000, 0.000000, 0.000000, 0.000000, 0.000000, 0.000000, 1.000000
0.000000, 0.000000, 0.000000, 0.000000, 0.000000, 0.000000, 1.000000
0.000000, 0.000000, 0.000000, 0.000000, 0.000000, 0.000000, 1.000000
0.000000, 0.000000, 0.000000, 0.000000, 0.000000, 0.000000, 1.000000
0.000000, 0.000000, 0.000000, 0.000000, 0.000000, 0.000000, 1.000000
0.000000, 0.000000, 0.000000, 0.000000, 0.000000, 0.000000, 1.000000
0.000000, 0.000000, 0.000000, 0.000000, 0.000000, 0.000000, 1.000000
0.000000, 0.000000, 0.000000, 0.000000, 0.000000, 0.000000, 1.000000
0.000000, 0.000000, 0.000000, 0.000000, 0.000000, 0.000000, 1.000000
0.000000, 0.000000, 0.000000, 0.000000, 0.000000, 0.000000, 1.000000
0.000000, 0.000000, 0.000000, 0.000000, 0.000000, 0.000000, 1.000000
0.000000, 0.000000, 0.000000, 0.000000, 0.000000, 0.000000, 1.000000
0.000000, 0.000000, 0.000000, 0.000000, 0.000000, 0.000000, 1.000000
0.000000, 0.000000, 0.000000, 0.000000, 0.000000, 0.000000, 1.000000
0.000000, 0.000000, 0.000000, 0.000000, 0.000000, 0.000000, 1.000000
0.000000, 0.000000, 0.000000, 0.000000, 0.000000, 0.000000, 1.000000
0.000000, 0.000000, 0.000000, 0.000000, 0.000000, 0.000000, 1.000000
0.000000, 0.000000, 0.000000, 0.000000, 0.000000, 0.000000, 1.000000
0.000000, 0.000000, 0.000000, 0.000000, 0.000000, 0.000000, 1.000000
0.000000, 0.000000, 0.000000, 0.000000, 0.000000, 0.000000, 1.000000
0.000000, 0.000000, 0.000000, 0.000000, 0.000000, 0.000000, 1.000000
0.000000, 0.000000, 0.000000, 0.000000, 0.000000, 0.000000, 1.000000
0.000000, 0.000000, 0.000000, 0.000000, 0.000000, 0.000000, 1.000000
0.000000, 0.000000, 0.000000, 0.000000, 0.000000, 0.000000, 1.000000
0.000000, 0.000000, 0.000000, 0.000000, 0.000000, 0.000000, 1.000000
0.000000, 0.000000, 0.000000, 0.000000, 0.000000, 0.000000, 1.000000
0.000000, 0.000000, 0.000000, 0.000000, 0.000000, 0.000000, 1.000000
0.000000, 0.000000, 0.000000, 0.000000, 0.000000, 0.000000, 1.000000
0.000000, 0.000000, 0.000000, 0.000000, 0.000000, 0.000000, 1.000000
0.000000, 0.000000, 0.000000, 0.000000, 0.000000, 0.000000, 1.000000
0.000000, 0.000000, 0.000000, 0.000000, 0.000000, 0.000000, 1.000000
0.000000, 0.000000, 0.000000, 0.000000, 0.000000, 0.000000, 1.000000
0.000000, 0.000000, 0.000000, 0.000000, 0.000000, 0.000000, 1.000000
0.000000, 0.000000, 0.000000, 0.000000, 0.000000, 0.000000, 1.000000
0.000000, 0.000000, 0.000000, 0.000000, 0.000000, 0.000000, 1.000000
0.000000, 0.000000, 0.000000, 0.000000, 0.000000, 0.000000, 1.000000
0.000000, 0.000000, 0.000000, 0.000000, 0.000000, 0.000000, 1.000000
0.000000, 0.000000, 0.000000, 0.000000, 0.000000, 0.000000, 1.000000
0.000000, 0.000000, 0.000000, 0.000000, 0.000000, 0.000000, 1.000000
0.000000, 0.000000, 0.000000, 0.000000, 0.000000, 0.000000, 1.000000
0.000000, 0.000000, 0.000000, 0.000000, 0.000000, 0.000000, 1.000000
0.000000, 0.000000, 0.000000, 0.000000, 0.000000, 0.000000, 1.000000
0.000000, 0.000000, 0.000000, 0.000000, 0.000000, 0.000000, 1.000000
0.000000, 0.000000, 0.000000, 0.000000, 0.000000, 0.000000, 1.000000
0.000000, 0.000000, 0.000000, 0.000000, 0.000000, 0.000000, 1.000000
0.000000, 0.000000, 0.000000, 0.000000, 0.000000, 0.000000, 1.000000
0.000000, 0.000000, 0.000000, 0.000000, 0.000000, 0.000000, 1.000000
0.000000, 0.000000, 0.000000, 0.000000, 0.000000, 0.000000, 1.000000
0.000000, 0.000000, 0.000000, 0.000000, 0.000000, 0.000000, 1.000000
0.000000, 0.000000, 0.000000, 0.000000, 0.000000, 0.000000, 1.000000
0.000000, 0.000000, 0.000000, 0.000000, 0.000000, 0.000000, 1.000000
0.000000, 0.000000, 0.000000, 0.000000, 0.000000, 0.000000, 1.000000
0.000000, 0.000000, 0.000000, 0.000000, 0.000000, 0.000000, 1.000000
0.000000, 0.000000, 0.000000, 0.000000, 0.000000, 0.000000, 1.000000
0.000000, 0.000000, 0.000000, 0.000000, 0.000000, 0.000000, 1.000000
0.000000, 0.000000, 0.000000, 0.000000, 0.000000, 0.000000, 1.000000
0.000000, 0.000000, 0.000000, 0.000000, 0.000000, 0.000000, 1.000000
0.000000, 0.000000, 0.000000, 0.000000, 0.000000, 0.000000, 1.000000
0.000000, 0.000000, 0.000000, 0.000000, 0.000000, 0.000000, 1.000000
0.000000, 0.000000, 0.000000, 0.000000, 0.000000, 0.000000, 1.000000
0.000000, 0.000000, 0.000000, 0.000000, 0.000000, 0.000000, 1.000000
0.000000, 0.000000, 0.000000, 0.000000, 0.000000, 0.000000, 1.000000
0.000000, 0.000000, 0.000000, 0.000000, 0.000000, 0.000000, 1.000000
0.000000, 0.000000, 0.000000, 0.000000, 0.000000, 0.000000, 1.000000
0.000000, 0.000000, 0.000000, 0.000000, 0.000000, 0.000000, 1.000000
0.000000, 0.000000, 0.000000, 0.000000, 0.000000, 0.000000, 1.000000
0.000000, 0.000000, 0.000000, 0.000000, 0.000000, 0.000000, 1.000000
0.000000, 0.000000, 0.000000, 0.000000, 0.000000, 0.000000, 1.000000
0.000000, 0.000000, 0.000000, 0.000000, 0.000000, 0.000000, 1.000000
0.000000, 0.000000, 0.000000, 0.000000, 0.000000, 0.000000, 1.000000
0.000000, 0.000000, 0.000000, 0.000000, 0.000000, 0.000000, 1.000000
0.000000, 0.000000, 0.000000, 0.000000, 0.000000, 0.000000, 1.000000
0.000000, 0.000000, 0.000000, 0.000000, 0.000000, 0.000000, 1.000000
0.000000, 0.000000, 0.000000, 0.000000, 0.000000, 0.000000, 1.000000
0.000000, 0.000000, 0.000000, 0.000000, 0.000000, 0.000000, 1.000000
0.000000, 0.000000, 0.000000, 0.000000, 0.000000, 0.000000, 1.000000
0.000000, 0.000000, 0.000000, 0.000000, 0.000000, 0.000000, 1.000000
0.000000, 0.000000, 0.000000, 0.000000, 0.000000, 0.000000, 1.000000
0.000000, 0.000000, 0.000000, 0.000000, 0.000000, 0.000000, 1.000000
0.000000, 0.000000, 0.000000, 0.000000, 0.000000, 0.000000, 1.000000
0.000000, 0.000000, 0.000000, 0.000000, 0.000000, 0.000000, 1.000000
0.000000, 0.000000, 0.000000, 0.000000, 0.000000, 0.000000, 1.000000
0.000000, 0.000000, 0.000000, 0.000000, 0.000000, 0.000000, 1.000000
0.000000, 0.000000, 0.000000, 0.000000, 0.000000, 0.000000, 1.000000
0.000000, 0.000000, 0.000000, 0.000000, 0.000000, 0.000000, 1.000000
0.000000, 0.000000, 0.000000, 0.000000, 0.000000, 0.000000, 1.000000
0.000000, 0.000000, 0.000000, 0.000000, 0.000000, 0.000000, 1.000000
0.000000, 0.000000, 0.000000, 0.000000, 0.000000, 0.000000, 1.000000
0.000000, 0.000000, 0.000000, 0.000000, 0.000000, 0.000000, 1.000000
0.000000, 0.000000, 0.000000, 0.000000, 0.000000, 0.000000, 1.000000
0.000000, 0.000000, 0.000000, 0.000000, 0.000000, 0.000000, 1.000000
0.000000, 0.000000, 0.000000, 0.000000, 0.000000, 0.000000, 1.000000
0.000000, 0.000000, 0.000000, 0.000000, 0.000000, 0.000000, 1.000000
0.000000, 0.000000, 0.000000, 0.000000, 0.000000, 0.000000, 1.000000
0.000000, 0.000000, 0.000000, 0.000000, 0.000000, 0.000000, 1.000000
0.000000, 0.000000, 0.000000, 0.000000, 0.000000, 0.000000, 1.000000
0.000000, 0.000000, 0.000000, 0.000000, 0.000000, 0.000000, 1.000000
0.000000, 0.000000, 0.000000, 0.000000, 0.000000, 0.000000, 1.000000
0.000000, 0.000000, 0.000000, 0.000000, 0.000000, 0.000000, 1.000000
0.000000, 0.000000, 0.000000, 0.000000, 0.000000, 0.000000, 1.000000
0.000000, 0.000000, 0.000000, 0.000000, 0.000000, 0.000000, 1.000000
0.000000, 0.000000, 0.000000, 0.000000, 0.000000, 0.000000, 1.000000
0.000000, 0.000000, 0.000000, 0.000000, 0.000000, 0.000000, 1.000000
0.000000, 0.000000, 0.000000, 0.000000, 0.000000, 0.000000, 1.000000
0.000000, 0.000000, 0.000000, 0.000000, 0.000000, 0.000000, 1.000000
0.000000, 0.000000, 0.000000, 0.000000, 0.000000, 0.000000, 1.000000
0.000000, 0.000000, 0.000000, 0.000000, 0.000000, 0.000000, 1.000000
0.000000, 0.000000, 0.000000, 0.000000, 0.000000, 0.000000, 1.000000
0.000000, 0.000000, 0.000000, 0.000000, 0.000000, 0.000000, 1.000000
0.000000, 0.000000, 0.000000, 0.000000, 0.000000, 0.000000, 1.000000
0.000000, 0.000000, 0.000000, 0.000000, 0.000000, 0.000000, 1.000000
0.000000, 0.000000, 0.000000, 0.000000, 0.000000, 0.000000, 1.000000
0.000000, 0.000000, 0.000000, 0.000000, 0.000000, 0.000000, 1.000000
0.000000, 0.000000, 0.000000, 0.000000, 0.000000, 0.000000, 1.000000
0.000000, 0.000000, 0.000000, 0.000000, 0.000000, 0.000000, 1.000000
0.000000, 0.000000, 0.000000, 0.000000, 0.000000, 0.000000, 1.000000
0.000000, 0.000000, 0.000000, 0.000000, 0.000000, 0.000000, 1.000000
0.000000, 0.000000, 0.000000, 0.000000, 0.000000, 0.000000, 1.000000
0.000000, 0.000000, 0.000000, 0.000000, 0.000000, 0.000000, 1.000000
0.000000, 0.000000, 0.000000, 0.000000, 0.000000, 0.000000, 1.000000
0.000000, 0.000000, 0.000000, 0.000000, 0.000000, 0.000000, 1.000000
0.000000, 0.000000, 0.000000, 0.000000, 0.000000, 0.000000, 1.000000
0.000000, 0.000000, 0.000000, 0.000000, 0.000000, 0.000000, 1.000000
0.000000, 0.000000, 0.000000, 0.000000, 0.000000, 0.000000, 1.000000
0.000000, 0.000000, 0.000000, 0.000000, 0.000000, 0.000000, 1.000000
0.000000, 0.000000, 0.000000, 0.000000, 0.000000, 0.000000, 1.000000
0.000000, 0.000000, 0.000000, 0.000000, 0.000000, 0.000000, 1.000000
0.000000, 0.000000, 0.000000, 0.000000, 0.000000, 0.000000, 1.000000
0.000000, 0.000000, 0.000000, 0.000000, 0.000000, 0.000000, 1.000000
0.000000, 0.000000, 0.000000, 0.000000, 0.000000, 0.000000, 1.000000
0.000000, 0.000000, 0.000000, 0.000000, 0.000000, 0.000000, 1.000000
0.000000, 0.000000, 0.000000, 0.000000, 0.000000, 0.000000, 1.000000
0.000000, 0.000000, 0.000000, 0.000000, 0.000000, 0.000000, 1.000000
0.000000, 0.000000, 0.000000, 0.000000, 0.000000, 0.000000, 1.000000
0.000000, 0.000000, 0.000000, 0.000000, 0.000000, 0.000000, 1.000000
0.000000, 0.000000, 0.000000, 0.000000, 0.000000, 0.000000, 1.000000
0.000000, 0.000000, 0.000000, 0.000000, 0.000000, 0.000000, 1.000000
0.000000, 0.000000, 0.000000, 0.000000, 0.000000, 0.000000, 1.000000
0.000000, 0.000000, 0.000000, 0.000000, 0.000000, 0.000000, 1.000000
0.000000, 0.000000, 0.000000, 0.000000, 0.000000, 0.000000, 1.000000
0.000000, 0.000000, 0.000000, 0.000000, 0.000000, 0.000000, 1.000000
0.000000, 0.000000, 0.000000, 0.000000, 0.000000, 0.000000, 1.000000
0.000000, 0.000000, 0.000000, 0.000000, 0.000000, 0.000000, 1.000000
0.000000, 0.000000, 0.000000, 0.000000, 0.000000, 0.000000, 1.000000
0.000000, 0.000000, 0.000000, 0.000000, 0.000000, 0.000000, 1.000000
0.000000, 0.000000, 0.000000, 0.000000, 0.000000, 0.000000, 1.000000
0.000000, 0.000000, 0.000000, 0.000000, 0.000000, 0.000000, 1.000000
0.000000, 0.000000, 0.000000, 0.000000, 0.000000, 0.000000, 1.000000
0.000000, 0.000000, 0.000000, 0.000000, 0.000000, 0.000000, 1.000000
0.000000, 0.000000, 0.000000, 0.000000, 0.000000, 0.000000, 1.000000
0.000000, 0.000000, 0.000000, 0.000000, 0.000000, 0.000000, 1.000000
0.000000, 0.000000, 0.000000, 0.000000, 0.000000, 0.000000, 1.000000
0.000000, 0.000000, 0.000000, 0.000000, 0.000000, 0.000000, 1.000000
0.000000, 0.000000, 0.000000, 0.000000, 0.000000, 0.000000, 1.000000
0.000000, 0.000000, 0.000000, 0.000000, 0.000000, 0.000000, 1.000000
0.000000, 0.000000, 0.000000, 0.000000, 0.000000, 0.000000, 1.000000
0.000000, 0.000000, 0.000000, 0.000000, 0.000000, 0.000000, 1.000000
0.000000, 0.000000, 0.000000, 0.000000, 0.000000, 0.000000, 1.000000
0.000000, 0.000000, 0.000000, 0.000000, 0.000000, 0.000000, 1.000000
0.000000, 0.000000, 0.000000, 0.000000, 0.000000, 0.000000, 1.000000
0.000000, 0.000000, 0.000000, 0.000000, 0.000000, 0.000000, 1.000000
0.000000, 0.000000, 0.000000, 0.000000, 0.000000, 0.000000, 1.000000
0.000000, 0.000000, 0.000000, 0.000000, 0.000000, 0.000000, 1.000000
0.000000, 0.000000, 0.000000, 0.000000, 0.000000, 0.000000, 1.000000
0.000000, 0.000000, 0.000000, 0.000000, 0.000000, 0.000000, 1.000000
0.000000, 0.000000, 0.000000, 0.000000, 0.000000, 0.000000, 1.000000
0.000000, 0.000000, 0.000000, 0.000000, 0.000000, 0.000000, 1.000000
0.000000, 0.000000, 0.000000, 0.000000, 0.000000, 0.000000, 1.000000
0.000000, 0.000000, 0.000000, 0.000000, 0.000000, 0.000000, 1.000000
0.000000, 0.000000, 0.000000, 0.000000, 0.000000, 0.000000, 1.000000
0.000000, 0.000000, 0.000000, 0.000000, 0.000000, 0.000000, 1.000000
0.000000, 0.000000, 0.000000, 0.000000, 0.000000, 0.000000, 1.000000
0.000000, 0.000000, 0.000000, 0.000000, 0.000000, 0.000000, 1.000000
0.000000, 0.000000, 0.000000, 0.000000, 0.000000, 0.000000, 1.000000
0.000000, 0.000000, 0.000000, 0.000000, 0.000000, 0.000000, 1.000000
0.000000, 0.000000, 0.000000, 0.000000, 0.000000, 0.000000, 1.000000
0.000000, 0.000000, 0.000000, 0.000000, 0.000000, 0.000000, 1.000000
0.000000, 0.000000, 0.000000, 0.000000, 0.000000, 0.000000, 1.000000
0.000000, 0.000000, 0.000000, 0.000000, 0.000000, 0.000000, 1.000000
0.000000, 0.000000, 0.000000, 0.000000, 0.000000, 0.000000, 1.000000
0.000000, 0.000000, 0.000000, 0.000000, 0.000000, 0.000000, 1.000000
0.000000, 0.000000, 0.000000, 0.000000, 0.000000, 0.000000, 1.000000
0.000000, 0.000000, 0.000000, 0.000000, 0.000000, 0.000000, 1.000000
0.000000, 0.000000, 0.000000, 0.000000, 0.000000, 0.000000, 1.000000
0.000000, 0.000000, 0.000000, 0.000000, 0.000000, 0.000000, 1.000000
0.000000, 0.000000, 0.000000, 0.000000, 0.000000, 0.000000, 1.000000
0.000000, 0.000000, 0.000000, 0.000000, 0.000000, 0.000000, 1.000000
0.000000, 0.000000, 0.000000, 0.000000, 0.000000, 0.000000, 1.000000
0.000000, 0.000000, 0.000000, 0.000000, 0.000000, 0.000000, 1.000000
0.000000, 0.000000, 0.000000, 0.000000, 0.000000, 0.000000, 1.000000
0.000000, 0.000000, 0.000000, 0.000000, 0.000000, 0.000000, 1.000000
0.000000, 0.000000, 0.000000, 0.000000, 0.000000, 0.000000, 1.000000
0.000000, 0.000000, 0.000000, 0.000000, 0.000000, 0.000000, 1.000000
0.000000, 0.000000, 0.000000, 0.000000, 0.000000, 0.000000, 1.000000
0.000000, 0.000000, 0.000000, 0.000000, 0.000000, 0.000000, 1.000000
0.000000, 0.000000, 0.000000, 0.000000, 0.000000, 0.000000, 1.000000
0.000000, 0.000000, 0.000000, 0.000000, 0.000000, 0.000000, 1.000000
0.000000, 0.000000, 0.000000, 0.000000, 0.000000, 0.000000, 1.000000
0.000000, 0.000000, 0.000000, 0.000000, 0.000000, 0.000000, 1.000000
0.000000, 0.000000, 0.000000, 0.000000, 0.000000, 0.000000, 1.000000
0.000000, 0.000000, 0.000000, 0.000000, 0.000000, 0.000000, 1.000000
0.000000, 0.000000, 0.000000, 0.000000, 0.000000, 0.000000, 1.000000
0.000000, 0.000000, 0.000000, 0.000000, 0.000000, 0.000000, 1.000000
0.000000, 0.000000, 0.000000, 0.000000, 0.000000, 0.000000, 1.000000
0.000000, 0.000000, 0.000000, 0.000000, 0.000000, 0.000000, 1.000000
0.000000, 0.000000, 0.000000, 0.000000, 0.000000, 0.000000, 1.000000
0.000000, 0.000000, 0.000000, 0.000000, 0.000000, 0.000000, 1.000000
0.000000, 0.000000, 0.000000, 0.000000, 0.000000, 0.000000, 1.000000
0.000000, 0.000000, 0.000000, 0.000000, 0.000000, 0.000000, 1.000000
0.000000, 0.000000, 0.000000, 0.000000, 0.000000, 0.000000, 1.000000
0.000000, 0.000000, 0.000000, 0.000000, 0.000000, 0.000000, 1.000000
0.000000, 0.000000, 0.000000, 0.000000, 0.000000, 0.000000, 1.000000
0.000000, 0.000000, 0.000000, 0.000000, 0.000000, 0.000000, 1.000000
0.000000, 0.000000, 0.000000, 0.000000, 0.000000, 0.000000, 1.000000
0.000000, 0.000000, 0.000000, 0.000000, 0.000000, 0.000000, 1.000000
0.000000, 0.000000, 0.000000, 0.000000, 0.000000, 0.000000, 1.000000
0.000000, 0.000000, 0.000000, 0.000000, 0.000000, 0.000000, 1.000000
0.000000, 0.000000, 0.000000, 0.000000, 0.000000, 0.000000, 1.000000
0.000000, 0.000000, 0.000000, 0.000000, 0.000000, 0.000000, 1.000000
0.000000, 0.000000, 0.000000, 0.000000, 0.000000, 0.000000, 1.000000
0.000000, 0.000000, 0.000000, 0.000000, 0.000000, 0.000000, 1.000000
0.000000, 0.000000, 0.000000, 0.000000, 0.000000, 0.000000, 1.000000
0.000000, 0.000000, 0.000000, 0.000000, 0.000000, 0.000000, 1.000000
0.000000, 0.000000, 0.000000, 0.000000, 0.000000, 0.000000, 1.000000
0.000000, 0.000000, 0.000000, 0.000000, 0.000000, 0.000000, 1.000000
0.000000, 0.000000, 0.000000, 0.000000, 0.000000, 0.000000, 1.000000
0.000000, 0.000000, 0.000000, 0.000000, 0.000000, 0.000000, 1.000000
0.000000, 0.000000, 0.000000, 0.000000, 0.000000, 0.000000, 1.000000
0.000000, 0.000000, 0.000000, 0.000000, 0.000000, 0.000000, 1.000000
0.000000, 0.000000, 0.000000, 0.000000, 0.000000, 0.000000, 1.000000
0.000000, 0.000000, 0.000000, 0.000000, 0.000000, 0.000000, 1.000000
0.000000, 0.000000, 0.000000, 0.000000, 0.000000, 0.000000, 1.000000
0.000000, 0.000000, 0.000000, 0.000000, 0.000000, 0.000000, 1.000000
0.000000, 0.000000, 0.000000, 0.000000, 0.000000, 0.000000, 1.000000
0.000000, 0.000000, 0.000000, 0.000000, 0.000000, 0.000000, 1.000000
0.000000, 0.000000, 0.000000, 0.000000, 0.000000, 0.000000, 1.000000
0.000000, 0.000000, 0.000000, 0.000000, 0.000000, 0.000000, 1.000000
0.000000, 0.000000, 0.000000, 0.000000, 0.000000, 0.000000, 1.000000
0.000000, 0.000000, 0.000000, 0.000000, 0.000000, 0.000000, 1.000000
0.000000, 0.000000, 0.000000, 0.000000, 0.000000, 0.000000, 1.000000
0.000000, 0.000000, 0.000000, 0.000000, 0.000000, 0.000000, 1.000000
0.000000, 0.000000, 0.000000, 0.000000, 0.000000, 0.000000, 1.000000
0.000000, 0.000000, 0.000000, 0.000000, 0.000000, 0.000000, 1.000000
0.000000, 0.000000, 0.000000, 0.000000, 0.000000, 0.000000, 1.000000
0.000000, 0.000000, 0.000000, 0.000000, 0.000000, 0.000000, 1.000000
0.000000, 0.000000, 0.000000, 0.000000, 0.000000, 0.000000, 1.000000
0.000000, 0.000000, 0.000000, 0.000000, 0.000000, 0.000000, 1.000000
0.000000, 0.000000, 0.000000, 0.000000, 0.000000, 0.000000, 1.000000
0.000000, 0.000000, 0.000000, 0.000000, 0.000000, 0.000000, 1.000000
0.000000, 0.000000, 0.000000, 0.000000, 0.000000, 0.000000, 1.000000
0.000000, 0.000000, 0.000000, 0.000000, 0.000000, 0.000000, 1.000000
0.000000, 0.000000, 0.000000, 0.000000, 0.000000, 0.000000, 1.000000
0.000000, 0.000000, 0.000000, 0.000000, 0.000000, 0.000000, 1.000000
0.000000, 0.000000, 0.000000, 0.000000, 0.000000, 0.000000, 1.000000
0.000000, 0.000000, 0.000000, 0.000000, 0.000000, 0.000000, 1.000000
0.000000, 0.000000, 0.000000, 0.000000, 0.000000, 0.000000, 1.000000
0.000000, 0.000000, 0.000000, 0.000000, 0.000000, 0.000000, 1.000000
0.000000, 0.000000, 0.000000, 0.000000, 0.000000, 0.000000, 1.000000
0.000000, 0.000000, 0.000000, 0.000000, 0.000000, 0.000000, 1.000000
0.000000, 0.000000, 0.000000, 0.000000, 0.000000, 0.000000, 1.000000
0.000000, 0.000000, 0.000000, 0.000000, 0.000000, 0.000000, 1.000000
0.000000, 0.000000, 0.000000, 0.000000, 0.000000, 0.000000, 1.000000
0.000000, 0.000000, 0.000000, 0.000000, 0.000000, 0.000000, 1.000000
0.000000, 0.000000, 0.000000, 0.000000, 0.000000, 0.000000, 1.000000
0.000000, 0.000000, 0.000000, 0.000000, 0.000000, 0.000000, 1.000000
0.000000, 0.000000, 0.000000, 0.000000, 0.000000, 0.000000, 1.000000
0.000000, 0.000000, 0.000000, 0.000000, 0.000000, 0.000000, 1.000000
0.000000, 0.000000, 0.000000, 0.000000, 0.000000, 0.000000, 1.000000
0.000000, 0.000000, 0.000000, 0.000000, 0.000000, 0.000000, 1.000000
0.000000, 0.000000, 0.000000, 0.000000, 0.000000, 0.000000, 1.000000
0.000000, 0.000000, 0.000000, 0.000000, 0.000000, 0.000000, 1.000000
0.000000, 0.000000, 0.000000, 0.000000, 0.000000, 0.000000, 1.000000
0.000000, 0.000000, 0.000000, 0.000000, 0.000000, 0.000000, 1.000000
0.000000, 0.000000, 0.000000, 0.000000, 0.000000, 0.000000, 1.000000
0.000000, 0.000000, 0.000000, 0.000000, 0.000000, 0.000000, 1.000000
0.000000, 0.000000, 0.000000, 0.000000, 0.000000, 0.000000, 1.000000
0.000000, 0.000000, 0.000000, 0.000000, 0.000000, 0.000000, 1.000000
0.000000, 0.000000, 0.000000, 0.000000, 0.000000, 0.000000, 1.000000
0.000000, 0.000000, 0.000000, 0.000000, 0.000000, 0.000000, 1.000000
0.000000, 0.000000, 0.000000, 0.000000, 0.000000, 0.000000, 1.000000
0.000000, 0.000000, 0.000000, 0.000000, 0.000000, 0.000000, 1.000000
0.000000, 0.000000, 0.000000, 0.000000, 0.000000, 0.000000, 1.000000
0.000000, 0.000000, 0.000000, 0.000000, 0.000000, 0.000000, 1.000000
0.000000, 0.000000, 0.000000, 0.000000, 0.000000, 0.000000, 1.000000
0.000000, 0.000000, 0.000000, 0.000000, 0.000000, 0.000000, 1.000000
0.000000, 0.000000, 0.000000, 0.000000, 0.000000, 0.000000, 1.000000
0.000000, 0.000000, 0.000000, 0.000000, 0.000000, 0.000000, 1.000000
0.000000, 0.000000, 0.000000, 0.000000, 0.000000, 0.000000, 1.000000
0.000000, 0.000000, 0.000000, 0.000000, 0.000000, 0.000000, 1.000000
0.000000, 0.000000, 0.000000, 0.000000, 0.000000, 0.000000, 1.000000
0.000000, 0.000000, 0.000000, 0.000000, 0.000000, 0.000000, 1.000000
0.000000, 0.000000, 0.000000, 0.000000, 0.000000, 0.000000, 1.000000
0.000000, 0.000000, 0.000000, 0.000000, 0.000000, 0.000000, 1.000000
0.000000, 0.000000, 0.000000, 0.000000, 0.000000, 0.000000, 1.000000
0.000000, 0.000000, 0.000000, 0.000000, 0.000000, 0.000000, 1.000000
0.000000, 0.000000, 0.000000, 0.000000, 0.000000, 0.000000, 1.000000
0.000000, 0.000000, 0.000000, 0.000000, 0.000000, 0.000000, 1.000000
0.000000, 0.000000, 0.000000, 0.000000, 0.000000, 0.000000, 1.000000
0.000000, 0.000000, 0.000000, 0.000000, 0.000000, 0.000000, 1.000000
0.000000, 0.000000, 0.000000, 0.000000, 0.000000, 0.000000, 1.000000
0.000000, 0.000000, 0.000000, 0.000000, 0.000000, 0.000000, 1.000000
0.000000, 0.000000, 0.000000, 0.000000, 0.000000, 0.000000, 1.000000
0.000000, 0.000000, 0.000000, 0.000000, 0.000000, 0.000000, 1.000000
0.000000, 0.000000, 0.000000, 0.000000, 0.000000, 0.000000, 1.000000
0.000000, 0.000000, 0.000000, 0.000000, 0.000000, 0.000000, 1.000000
0.000000, 0.000000, 0.000000, 0.000000, 0.000000, 0.000000, 1.000000
0.000000, 0.000000, 0.000000, 0.000000, 0.000000, 0.000000, 1.000000
0.000000, 0.000000, 0.000000, 0.000000, 0.000000, 0.000000, 1.000000
0.000000, 0.000000, 0.000000, 0.000000, 0.000000, 0.000000, 1.000000
0.000000, 0.000000, 0.000000, 0.000000, 0.000000, 0.000000, 1.000000
0.000000, 0.000000, 0.000000, 0.000000, 0.000000, 0.000000, 1.000000
0.000000, 0.000000, 0.000000, 0.000000, 0.000000, 0.000000, 1.000000
0.000000, 0.000000, 0.000000, 0.000000, 0.000000, 0.000000, 1.000000
0.000000, 0.000000, 0.000000, 0.000000, 0.000000, 0.000000, 1.000000
0.000000, 0.000000, 0.000000, 0.000000, 0.000000, 0.000000, 1.000000
0.000000, 0.000000, 0.000000, 0.000000, 0.000000, 0.000000, 1.000000
0.000000, 0.000000, 0.000000, 0.000000, 0.000000, 0.000000, 1.000000
0.000000, 0.000000, 0.000000, 0.000000, 0.000000, 0.000000, 1.000000
0.000000, 0.000000, 0.000000, 0.000000, 0.000000, 0.000000, 1.000000
0.000000, 0.000000, 0.000000, 0.000000, 0.000000, 0.000000, 1.000000
0.000000, 0.000000, 0.000000, 0.000000, 0.000000, 0.000000, 1.000000
0.000000, 0.000000, 0.000000, 0.000000, 0.000000, 0.000000, 1.000000
0.000000, 0.000000, 0.000000, 0.000000, 0.000000, 0.000000, 1.000000
0.000000, 0.000000, 0.000000, 0.000000, 0.000000, 0.000000, 1.000000
0.000000, 0.000000, 0.000000, 0.000000, 0.000000, 0.000000, 1.000000
0.000000, 0.000000, 0.000000, 0.000000, 0.000000, 0.000000, 1.000000
0.000000, 0.000000, 0.000000, 0.000000, 0.000000, 0.000000, 1.000000
0.000000, 0.000000, 0.000000, 0.000000, 0.000000, 0.000000, 1.000000
0.000000, 0.000000, 0.000000, 0.000000, 0.000000, 0.000000, 1.000000
0.000000, 0.000000, 0.000000, 0.000000, 0.000000, 0.000000, 1.000000
0.000000, 0.000000, 0.000000, 0.000000, 0.000000, 0.000000, 1.000000
0.000000, 0.000000, 0.000000, 0.000000, 0.000000, 0.000000, 1.000000
0.000000, 0.000000, 0.000000, 0.000000, 0.000000, 0.000000, 1.000000
0.000000, 0.000000, 0.000000, 0.000000, 0.000000, 0.000000, 1.000000
0.000000, 0.000000, 0.000000, 0.000000, 0.000000, 0.000000, 1.000000
0.000000, 0.000000, 0.000000, 0.000000, 0.000000, 0.000000, 1.000000
0.000000, 0.000000, 0.000000, 0.000000, 0.000000, 0.000000, 1.000000
0.000000, 0.000000, 0.000000, 0.000000, 0.000000, 0.000000, 1.000000
0.000000, 0.000000, 0.000000, 0.000000, 0.000000, 0.000000, 1.000000
0.000000, 0.000000, 0.000000, 0.000000, 0.000000, 0.000000, 1.000000
0.000000, 0.000000, 0.000000, 0.000000, 0.000000, 0.000000, 1.000000
0.000000, 0.000000, 0.000000, 0.000000, 0.000000, 0.000000, 1.000000
0.000000, 0.000000, 0.000000, 0.000000, 0.000000, 0.000000, 1.000000
0.000000, 0.000000, 0.000000, 0.000000, 0.000000, 0.000000, 1.000000
0.000000, 0.000000, 0.000000, 0.000000, 0.000000, 0.000000, 1.000000
0.000000, 0.000000, 0.000000, 0.000000, 0.000000, 0.000000, 1.000000
0.000000, 0.000000, 0.000000, 0.000000, 0.000000, 0.000000, 1.000000
0.000000, 0.000000, 0.000000, 0.000000, 0.000000, 0.000000, 1.000000
0.000000, 0.000000, 0.000000, 0.000000, 0.000000, 0.000000, 1.000000
0.000000, 0.000000, 0.000000, 0.000000, 0.000000, 0.000000, 1.000000
0.000000, 0.000000, 0.000000, 0.000000, 0.000000, 0.000000, 1.000000
0.000000, 0.000000, 0.000000, 0.000000, 0.000000, 0.000000, 1.000000
0.000000, 0.000000, 0.000000, 0.000000, 0.000000, 0.000000, 1.000000
0.000000, 0.000000, 0.000000, 0.000000, 0.000000, 0.000000, 1.000000
0.000000, 0.000000, 0.000000, 0.000000, 0.000000, 0.000000, 1.000000
0.000000, 0.000000, 0.000000, 0.000000, 0.000000, 0.000000, 1.000000
0.000000, 0.000000, 0.000000, 0.000000, 0.000000, 0.000000, 1.000000
0.000000, 0.000000, 0.000000, 0.000000, 0.000000, 0.000000, 1.000000
0.000000, 0.000000, 0.000000, 0.000000, 0.000000, 0.000000, 1.000000
0.000000, 0.000000, 0.000000, 0.000000, 0.000000, 0.000000, 1.000000
0.000000, 0.000000, 0.000000, 0.000000, 0.000000, 0.000000, 1.000000
0.000000, 0.000000, 0.000000, 0.000000, 0.000000, 0.000000, 1.000000
0.000000, 0.000000, 0.000000, 0.000000, 0.000000, 0.000000, 1.000000
0.000000, 0.000000, 0.000000, 0.000000, 0.000000, 0.000000, 1.000000
0.000000, 0.000000, 0.000000, 0.000000, 0.000000, 0.000000, 1.000000
0.000000, 0.000000, 0.000000, 0.000000, 0.000000, 0.000000, 1.000000
0.000000, 0.000000, 0.000000, 0.000000, 0.000000, 0.000000, 1.000000
0.000000, 0.000000, 0.000000, 0.000000, 0.000000, 0.000000, 1.000000
0.000000, 0.000000, 0.000000, 0.000000, 0.000000, 0.000000, 1.000000
0.000000, 0.000000, 0.000000, 0.000000, 0.000000, 0.000000, 1.000000
0.000000, 0.000000, 0.000000, 0.000000, 0.000000, 0.000000, 1.000000
0.000000, 0.000000, 0.000000, 0.000000, 0.000000, 0.000000, 1.000000
0.000000, 0.000000, 0.000000, 0.000000, 0.000000, 0.000000, 1.000000
0.000000, 0.000000, 0.000000, 0.000000, 0.000000, 0.000000, 1.000000
0.000000, 0.000000, 0.000000, 0.000000, 0.000000, 0.000000, 1.000000
0.000000, 0.000000, 0.000000, 0.000000, 0.000000, 0.000000, 1.000000
0.000000, 0.000000, 0.000000, 0.000000, 0.000000, 0.000000, 1.000000
0.000000, 0.000000, 0.000000, 0.000000, 0.000000, 0.000000, 1.000000
0.000000, 0.000000, 0.000000, 0.000000, 0.000000, 0.000000, 1.000000
0.000000, 0.000000, 0.000000, 0.000000, 0.000000, 0.000000, 1.000000
0.000000, 0.000000, 0.000000, 0.000000, 0.000000, 0.000000, 1.000000
0.000000, 0.000000, 0.000000, 0.000000, 0.000000, 0.000000, 1.000000
0.000000, 0.000000, 0.000000, 0.000000, 0.000000, 0.000000, 1.000000
0.000000, 0.000000, 0.000000, 0.000000, 0.000000, 0.000000, 1.000000
0.000000, 0.000000, 0.000000, 0.000000, 0.000000, 0.000000, 1.000000
0.000000, 0.000000, 0.000000, 0.000000, 0.000000, 0.000000, 1.000000
0.000000, 0.000000, 0.000000, 0.000000, 0.000000, 0.000000, 1.000000
0.000000, 0.000000, 0.000000, 0.000000, 0.000000, 0.000000, 1.000000
0.000000, 0.000000, 0.000000, 0.000000, 0.000000, 0.000000, 1.000000
0.000000, 0.000000, 0.000000, 0.000000, 0.000000, 0.000000, 1.000000
0.000000, 0.000000, 0.000000, 0.000000, 0.000000, 0.000000, 1.000000
0.000000, 0.000000, 0.000000, 0.000000, 0.000000, 0.000000, 1.000000
0.000000, 0.000000, 0.000000, 0.000000, 0.000000, 0.000000, 1.000000
0.000000, 0.000000, 0.000000, 0.000000, 0.000000, 0.000000, 1.000000
0.000000, 0.000000, 0.000000, 0.000000, 0.000000, 0.000000, 1.000000
0.000000, 0.000000, 0.000000, 0.000000, 0.000000, 0.000000, 1.000000
0.000000, 0.000000, 0.000000, 0.000000, 0.000000, 0.000000, 1.000000
0.000000, 0.000000, 0.000000, 0.000000, 0.000000, 0.000000, 1.000000
0.000000, 0.000000, 0.000000, 0.000000, 0.000000, 0.000000, 1.000000
0.000000, 0.000000, 0.000000, 0.000000, 0.000000, 0.000000, 1.000000
0.000000, 0.000000, 0.000000, 0.000000, 0.000000, 0.000000, 1.000000
0.000000, 0.000000, 0.000000, 0.000000, 0.000000, 0.000000, 1.000000
0.000000, 0.000000, 0.000000, 0.000000, 0.000000, 0.000000, 1.000000
0.000000, 0.000000, 0.000000, 0.000000, 0.000000, 0.000000, 1.000000
0.000000, 0.000000, 0.000000, 0.000000, 0.000000, 0.000000, 1.000000
0.000000, 0.000000, 0.000000, 0.000000, 0.000000, 0.000000, 1.000000
0.000000, 0.000000, 0.000000, 0.000000, 0.000000, 0.000000, 1.000000
0.000000, 0.000000, 0.000000, 0.000000, 0.000000, 0.000000, 1.000000
0.000000, 0.000000, 0.000000, 0.000000, 0.000000, 0.000000, 1.000000
0.000000, 0.000000, 0.000000, 0.000000, 0.000000, 0.000000, 1.000000
0.000000, 0.000000, 0.000000, 0.000000, 0.000000, 0.000000, 1.000000
0.000000, 0.000000, 0.000000, 0.000000, 0.000000, 0.000000, 1.000000
0.000000, 0.000000, 0.000000, 0.000000, 0.000000, 0.000000, 1.000000
0.000000, 0.000000, 0.000000, 0.000000, 0.000000, 0.000000, 1.000000
0.000000, 0.000000, 0.000000, 0.000000, 0.000000, 0.000000, 1.000000
0.000000, 0.000000, 0.000000, 0.000000, 0.000000, 0.000000, 1.000000
0.000000, 0.000000, 0.000000, 0.000000, 0.000000, 0.000000, 1.000000
0.000000, 0.000000, 0.000000, 0.000000, 0.000000, 0.000000, 1.000000
0.000000, 0.000000, 0.000000, 0.000000, 0.000000, 0.000000, 1.000000
0.000000, 0.000000, 0.000000, 0.000000, 0.000000, 0.000000, 1.000000
0.000000, 0.000000, 0.000000, 0.000000, 0.000000, 0.000000, 1.000000
0.000000, 0.000000, 0.000000, 0.000000, 0.000000, 0.000000, 1.000000
0.000000, 0.000000, 0.000000, 0.000000, 0.000000, 0.000000, 1.000000
0.000000, 0.000000, 0.000000, 0.000000, 0.000000, 0.000000, 1.000000
0.000000, 0.000000, 0.000000, 0.000000, 0.000000, 0.000000, 1.000000
0.000000, 0.000000, 0.000000, 0.000000, 0.000000, 0.000000, 1.000000
0.000000, 0.000000, 0.000000, 0.000000, 0.000000, 0.000000, 1.000000
0.000000, 0.000000, 0.000000, 0.000000, 0.000000, 0.000000, 1.000000
0.000000, 0.000000, 0.000000, 0.000000, 0.000000, 0.000000, 1.000000
0.000000, 0.000000, 0.000000, 0.000000, 0.000000, 0.000000, 1.000000
0.000000, 0.000000, 0.000000, 0.000000, 0.000000, 0.000000, 1.000000
0.000000, 0.000000, 0.000000, 0.000000, 0.000000, 0.000000, 1.000000
0.000000, 0.000000, 0.000000, 0.000000, 0.000000, 0.000000, 1.000000
0.000000, 0.000000, 0.000000, 0.000000, 0.000000, 0.000000, 1.000000
0.000000, 0.000000, 0.000000, 0.000000, 0.000000, 0.000000, 1.000000
0.000000, 0.000000, 0.000000, 0.000000, 0.000000, 0.000000, 1.000000
0.000000, 0.000000, 0.000000, 0.000000, 0.000000, 0.000000, 1.000000
0.000000, 0.000000, 0.000000, 0.000000, 0.000000, 0.000000, 1.000000
0.000000, 0.000000, 0.000000, 0.000000, 0.000000, 0.000000, 1.000000
0.000000, 0.000000, 0.000000, 0.000000, 0.000000, 0.000000, 1.000000
0.000000, 0.000000, 0.000000, 0.000000, 0.000000, 0.000000, 1.000000
0.000000, 0.000000, 0.000000, 0.000000, 0.000000, 0.000000, 1.000000
0.000000, 0.000000, 0.000000, 0.000000, 0.000000, 0.000000, 1.000000
0.000000, 0.000000, 0.000000, 0.000000, 0.000000, 0.000000, 1.000000
0.000000, 0.000000, 0.000000, 0.000000, 0.000000, 0.000000, 1.000000
0.000000, 0.000000, 0.000000, 0.000000, 0.000000, 0.000000, 1.000000
0.000000, 0.000000, 0.000000, 0.000000, 0.000000, 0.000000, 1.000000
0.000000, 0.000000, 0.000000, 0.000000, 0.000000, 0.000000, 1.000000
0.000000, 0.000000, 0.000000, 0.000000, 0.000000, 0.000000, 1.000000
0.000000, 0.000000, 0.000000, 0.000000, 0.000000, 0.000000, 1.000000
0.000000, 0.000000, 0.000000, 0.000000, 0.000000, 0.000000, 1.000000
0.000000, 0.000000, 0.000000, 0.000000, 0.000000, 0.000000, 1.000000
0.000000, 0.000000, 0.000000, 0.000000, 0.000000, 0.000000, 1.000000
0.000000, 0.000000, 0.000000, 0.000000, 0.000000, 0.000000, 1.000000
0.000000, 0.000000, 0.000000, 0.000000, 0.000000, 0.000000, 1.000000
0.000000, 0.000000, 0.000000, 0.000000, 0.000000, 0.000000, 1.000000
0.000000, 0.000000, 0.000000, 0.000000, 0.000000, 0.000000, 1.000000
0.000000, 0.000000, 0.000000, 0.000000, 0.000000, 0.000000, 1.000000
0.000000, 0.000000, 0.000000, 0.000000, 0.000000, 0.000000, 1.000000
0.000000, 0.000000, 0.000000, 0.000000, 0.000000, 0.000000, 1.000000
0.000000, 0.000000, 0.000000, 0.000000, 0.000000, 0.000000, 1.000000
0.000000, 0.000000, 0.000000, 0.000000, 0.000000, 0.000000, 1.000000
0.000000, 0.000000, 0.000000, 0.000000, 0.000000, 0.000000, 1.000000
0.000000, 0.000000, 0.000000, 0.000000, 0.000000, 0.000000, 1.000000
0.000000, 0.000000, 0.000000, 0.000000, 0.000000, 0.000000, 1.000000
0.000000, 0.000000, 0.000000, 0.000000, 0.000000, 0.000000, 1.000000
0.000000, 0.000000, 0.000000, 0.000000, 0.000000, 0.000000, 1.000000
0.000000, 0.000000, 0.000000, 0.000000, 0.000000, 0.000000, 1.000000
0.000000, 0.000000, 0.000000, 0.000000, 0.000000, 0.000000, 1.000000
0.000000, 0.000000, 0.000000, 0.000000, 0.000000, 0.000000, 1.000000
0.000000, 0.000000, 0.000000, 0.000000, 0.000000, 0.000000, 1.000000
0.000000, 0.000000, 0.000000, 0.000000, 0.000000, 0.000000, 1.000000
0.000000, 0.000000, 0.000000, 0.000000, 0.000000, 0.000000, 1.000000
0.000000, 0.000000, 0.000000, 0.000000, 0.000000, 0.000000, 1.000000
0.000000, 0.000000, 0.000000, 0.000000, 0.000000, 0.000000, 1.000000
0.000000, 0.000000, 0.000000, 0.000000, 0.000000, 0.000000, 1.000000
0.000000, 0.000000, 0.000000, 0.000000, 0.000000, 0.000000, 1.000000
0.000000, 0.000000, 0.000000, 0.000000, 0.000000, 0.000000, 1.000000
0.000000, 0.000000, 0.000000, 0.000000, 0.000000, 0.000000, 1.000000
0.000000, 0.000000, 0.000000, 0.000000, 0.000000, 0.000000, 1.000000
0.000000, 0.000000, 0.000000, 0.000000, 0.000000, 0.000000, 1.000000
0.000000, 0.000000, 0.000000, 0.000000, 0.000000, 0.000000, 1.000000
0.000000, 0.000000, 0.000000, 0.000000, 0.000000, 0.000000, 1.000000
0.000000, 0.000000, 0.000000, 0.000000, 0.000000, 0.000000, 1.000000
0.000000, 0.000000, 0.000000, 0.000000, 0.000000, 0.000000, 1.000000
0.000000, 0.000000, 0.000000, 0.000000, 0.000000, 0.000000, 1.000000
0.000000, 0.000000, 0.000000, 0.000000, 0.000000, 0.000000, 1.000000
0.000000, 0.000000, 0.000000, 0.000000, 0.000000, 0.000000, 1.000000
0.000000, 0.000000, 0.000000, 0.000000, 0.000000, 0.000000, 1.000000
0.000000, 0.000000, 0.000000, 0.000000, 0.000000, 0.000000, 1.000000
0.000000, 0.000000, 0.000000, 0.000000, 0.000000, 0.000000, 1.000000
0.000000, 0.000000, 0.000000, 0.000000, 0.000000, 0.000000, 1.000000
0.000000, 0.000000, 0.000000, 0.000000, 0.000000, 0.000000, 1.000000
0.000000, 0.000000, 0.000000, 0.000000, 0.000000, 0.000000, 1.000000
0.000000, 0.000000, 0.000000, 0.000000, 0.000000, 0.000000, 1.000000
0.000000, 0.000000, 0.000000, 0.000000, 0.000000, 0.000000, 1.000000
0.000000, 0.000000, 0.000000, 0.000000, 0.000000, 0.000000, 1.000000
0.000000, 0.000000, 0.000000, 0.000000, 0.000000, 0.000000, 1.000000
0.000000, 0.000000, 0.000000, 0.000000, 0.000000, 0.000000, 1.000000
0.000000, 0.000000, 0.000000, 0.000000, 0.000000, 0.000000, 1.000000
0.000000, 0.000000, 0.000000, 0.000000, 0.000000, 0.000000, 1.000000
0.000000, 0.000000, 0.000000, 0.000000, 0.000000, 0.000000, 1.000000
0.000000, 0.000000, 0.000000, 0.000000, 0.000000, 0.000000, 1.000000
0.000000, 0.000000, 0.000000, 0.000000, 0.000000, 0.000000, 1.000000
0.000000, 0.000000, 0.000000, 0.000000, 0.000000, 0.000000, 1.000000
0.000000, 0.000000, 0.000000, 0.000000, 0.000000, 0.000000, 1.000000
0.000000, 0.000000, 0.000000, 0.000000, 0.000000, 0.000000, 1.000000
0.000000, 0.000000, 0.000000, 0.000000, 0.000000, 0.000000, 1.000000
0.000000, 0.000000, 0.000000, 0.000000, 0.000000, 0.000000, 1.000000
0.000000, 0.000000, 0.000000, 0.000000, 0.000000, 0.000000, 1.000000
0.000000, 0.000000, 0.000000, 0.000000, 0.000000, 0.000000, 1.000000
0.000000, 0.000000, 0.000000, 0.000000, 0.000000, 0.000000, 1.000000
0.000000, 0.000000, 0.000000, 0.000000, 0.000000, 0.000000, 1.000000
0.000000, 0.000000, 0.000000, 0.000000, 0.000000, 0.000000, 1.000000
0.000000, 0.000000, 0.000000, 0.000000, 0.000000, 0.000000, 1.000000
0.000000, 0.000000, 0.000000, 0.000000, 0.000000, 0.000000, 1.000000
0.000000, 0.000000, 0.000000, 0.000000, 0.000000, 0.000000, 1.000000
0.000000, 0.000000, 0.000000, 0.000000, 0.000000, 0.000000, 1.000000
0.000000, 0.000000, 0.000000, 0.000000, 0.000000, 0.000000, 1.000000
0.000000, 0.000000, 0.000000, 0.000000, 0.000000, 0.000000, 1.000000
0.000000, 0.000000, 0.000000, 0.000000, 0.000000, 0.000000, 1.000000
0.000000, 0.000000, 0.000000, 0.000000, 0.000000, 0.000000, 1.000000
0.000000, 0.000000, 0.000000, 0.000000, 0.000000, 0.000000, 1.000000
0.000000, 0.000000, 0.000000, 0.000000, 0.000000, 0.000000, 1.000000
0.000000, 0.000000, 0.000000, 0.000000, 0.000000, 0.000000, 1.000000
0.000000, 0.000000, 0.000000, 0.000000, 0.000000, 0.000000, 1.000000
0.000000, 0.000000, 0.000000, 0.000000, 0.000000, 0.000000, 1.000000
0.000000, 0.000000, 0.000000, 0.000000, 0.000000, 0.000000, 1.000000
0.000000, 0.000000, 0.000000, 0.000000, 0.000000, 0.000000, 1.000000
0.000000, 0.000000, 0.000000, 0.000000, 0.000000, 0.000000, 1.000000
0.000000, 0.000000, 0.000000, 0.000000, 0.000000, 0.000000, 1.000000
0.000000, 0.000000, 0.000000, 0.000000, 0.000000, 0.000000, 1.000000
0.000000, 0.000000, 0.000000, 0.000000, 0.000000, 0.000000, 1.000000
0.000000, 0.000000, 0.000000, 0.000000, 0.000000, 0.000000, 1.000000
0.000000, 0.000000, 0.000000, 0.000000, 0.000000, 0.000000, 1.000000
0.000000, 0.000000, 0.000000, 0.000000, 0.000000, 0.000000, 1.000000
0.000000, 0.000000, 0.000000, 0.000000, 0.000000, 0.000000, 1.000000
0.000000, 0.000000, 0.000000, 0.000000, 0.000000, 0.000000, 1.000000
0.000000, 0.000000, 0.000000, 0.000000, 0.000000, 0.000000, 1.000000
0.000000, 0.000000, 0.000000, 0.000000, 0.000000, 0.000000, 1.000000
0.000000, 0.000000, 0.000000, 0.000000, 0.000000, 0.000000, 1.000000
0.000000, 0.000000, 0.000000, 0.000000, 0.000000, 0.000000, 1.000000
0.000000, 0.000000, 0.000000, 0.000000, 0.000000, 0.000000, 1.000000
0.000000, 0.000000, 0.000000, 0.000000, 0.000000, 0.000000, 1.000000
0.000000, 0.000000, 0.000000, 0.000000, 0.000000, 0.000000, 1.000000
0.000000, 0.000000, 0.000000, 0.000000, 0.000000, 0.000000, 1.000000
0.000000, 0.000000, 0.000000, 0.000000, 0.000000, 0.000000, 1.000000
0.000000, 0.000000, 0.000000, 0.000000, 0.000000, 0.000000, 1.000000
0.000000, 0.000000, 0.000000, 0.000000, 0.000000, 0.000000, 1.000000
0.000000, 0.000000, 0.000000, 0.000000, 0.000000, 0.000000, 1.000000
0.000000, 0.000000, 0.000000, 0.000000, 0.000000, 0.000000, 1.000000
0.000000, 0.000000, 0.000000, 0.000000, 0.000000, 0.000000, 1.000000
0.000000, 0.000000, 0.000000, 0.000000, 0.000000, 0.000000, 1.000000
0.000000, 0.000000, 0.000000, 0.000000, 0.000000, 0.000000, 1.000000
0.000000, 0.000000, 0.000000, 0.000000, 0.000000, 0.000000, 1.000000
0.000000, 0.000000, 0.000000, 0.000000, 0.000000, 0.000000, 1.000000
0.000000, 0.000000, 0.000000, 0.000000, 0.000000, 0.000000, 1.000000
0.000000, 0.000000, 0.000000, 0.000000, 0.000000, 0.000000, 1.000000
0.000000, 0.000000, 0.000000, 0.000000, 0.000000, 0.000000, 1.000000
0.000000, 0.000000, 0.000000, 0.000000, 0.000000, 0.000000, 1.000000
0.000000, 0.000000, 0.000000, 0.000000, 0.000000, 0.000000, 1.000000
0.000000, 0.000000, 0.000000, 0.000000, 0.000000, 0.000000, 1.000000
0.000000, 0.000000, 0.000000, 0.000000, 0.000000, 0.000000, 1.000000
0.000000, 0.000000, 0.000000, 0.000000, 0.000000, 0.000000, 1.000000
0.000000, 0.000000, 0.000000, 0.000000, 0.000000, 0.000000, 1.000000
0.000000, 0.000000, 0.000000, 0.000000, 0.000000, 0.000000, 1.000000
0.000000, 0.000000, 0.000000, 0.000000, 0.000000, 0.000000, 1.000000
0.000000, 0.000000, 0.000000, 0.000000, 0.000000, 0.000000, 1.000000
0.000000, 0.000000, 0.000000, 0.000000, 0.000000, 0.000000, 1.000000
0.000000, 0.000000, 0.000000, 0.000000, 0.000000, 0.000000, 1.000000
0.000000, 0.000000, 0.000000, 0.000000, 0.000000, 0.000000, 1.000000
0.000000, 0.000000, 0.000000, 0.000000, 0.000000, 0.000000, 1.000000
0.000000, 0.000000, 0.000000, 0.000000, 0.000000, 0.000000, 1.000000
0.000000, 0.000000, 0.000000, 0.000000, 0.000000, 0.000000, 1.000000
0.000000, 0.000000, 0.000000, 0.000000, 0.000000, 0.000000, 1.000000
0.000000, 0.000000, 0.000000, 0.000000, 0.000000, 0.000000, 1.000000
0.000000, 0.000000, 0.000000, 0.000000, 0.000000, 0.000000, 1.000000
0.000000, 0.000000, 0.000000, 0.000000, 0.000000, 0.000000, 1.000000
0.000000, 0.000000, 0.000000, 0.000000, 0.000000, 0.000000, 1.000000
0.000000, 0.000000, 0.000000, 0.000000, 0.000000, 0.000000, 1.000000
0.000000, 0.000000, 0.000000, 0.000000, 0.000000, 0.000000, 1.000000
0.000000, 0.000000, 0.000000, 0.000000, 0.000000, 0.000000, 1.000000
0.000000, 0.000000, 0.000000, 0.000000, 0.000000, 0.000000, 1.000000
0.000000, 0.000000, 0.000000, 0.000000, 0.000000, 0.000000, 1.000000
0.000000, 0.000000, 0.000000, 0.000000, 0.000000, 0.000000, 1.000000
0.000000, 0.000000, 0.000000, 0.000000, 0.000000, 0.000000, 1.000000
0.000000, 0.000000, 0.000000, 0.000000, 0.000000, 0.000000, 1.000000
0.000000, 0.000000, 0.000000, 0.000000, 0.000000, 0.000000, 1.000000
0.000000, 0.000000, 0.000000, 0.000000, 0.000000, 0.000000, 1.000000
0.000000, 0.000000, 0.000000, 0.000000, 0.000000, 0.000000, 1.000000
0.000000, 0.000000, 0.000000, 0.000000, 0.000000, 0.000000, 1.000000
0.000000, 0.000000, 0.000000, 0.000000, 0.000000, 0.000000, 1.000000
0.000000, 0.000000, 0.000000, 0.000000, 0.000000, 0.000000, 1.000000
0.000000, 0.000000, 0.000000, 0.000000, 0.000000, 0.000000, 1.000000
0.000000, 0.000000, 0.000000, 0.000000, 0.000000, 0.000000, 1.000000
0.000000, 0.000000, 0.000000, 0.000000, 0.000000, 0.000000, 1.000000
0.000000, 0.000000, 0.000000, 0.000000, 0.000000, 0.000000, 1.000000
0.000000, 0.000000, 0.000000, 0.000000, 0.000000, 0.000000, 1.000000
0.000000, 0.000000, 0.000000, 0.000000, 0.000000, 0.000000, 1.000000
0.000000, 0.000000, 0.000000, 0.000000, 0.000000, 0.000000, 1.000000
0.000000, 0.000000, 0.000000, 0.000000, 0.000000, 0.000000, 1.000000
0.000000, 0.000000, 0.000000, 0.000000, 0.000000, 0.000000, 1.000000
0.000000, 0.000000, 0.000000, 0.000000, 0.000000, 0.000000, 1.000000
0.000000, 0.000000, 0.000000, 0.000000, 0.000000, 0.000000, 1.000000
0.000000, 0.000000, 0.000000, 0.000000, 0.000000, 0.000000, 1.000000
0.000000, 0.000000, 0.000000, 0.000000, 0.000000, 0.000000, 1.000000
0.000000, 0.000000, 0.000000, 0.000000, 0.000000, 0.000000, 1.000000
0.000000, 0.000000, 0.000000, 0.000000, 0.000000, 0.000000, 1.000000
0.000000, 0.000000, 0.000000, 0.000000, 0.000000, 0.000000, 1.000000
0.000000, 0.000000, 0.000000, 0.000000, 0.000000, 0.000000, 1.000000
0.000000, 0.000000, 0.000000, 0.000000, 0.000000, 0.000000, 1.000000
0.000000, 0.000000, 0.000000, 0.000000, 0.000000, 0.000000, 1.000000
0.000000, 0.000000, 0.000000, 0.000000, 0.000000, 0.000000, 1.000000
0.000000, 0.000000, 0.000000, 0.000000, 0.000000, 0.000000, 1.000000
0.000000, 0.000000, 0.000000, 0.000000, 0.000000, 0.000000, 1.000000
0.000000, 0.000000, 0.000000, 0.000000, 0.000000, 0.000000, 1.000000
0.000000, 0.000000, 0.000000, 0.000000, 0.000000, 0.000000, 1.000000
0.000000, 0.000000, 0.000000, 0.000000, 0.000000, 0.000000, 1.000000
0.000000, 0.000000, 0.000000, 0.000000, 0.000000, 0.000000, 1.000000
0.000000, 0.000000, 0.000000, 0.000000, 0.000000, 0.000000, 1.000000
0.000000, 0.000000, 0.000000, 0.000000, 0.000000, 0.000000, 1.000000
0.000000, 0.000000, 0.000000, 0.000000, 0.000000, 0.000000, 1.000000
0.000000, 0.000000, 0.000000, 0.000000, 0.000000, 0.000000, 1.000000
0.000000, 0.000000, 0.000000, 0.000000, 0.000000, 0.000000, 1.000000
0.000000, 0.000000, 0.000000, 0.000000, 0.000000, 0.000000, 1.000000
0.000000, 0.000000, 0.000000, 0.000000, 0.000000, 0.000000, 1.000000
0.000000, 0.000000, 0.000000, 0.000000, 0.000000, 0.000000, 1.000000
0.000000, 0.000000, 0.000000, 0.000000, 0.000000, 0.000000, 1.000000
0.000000, 0.000000, 0.000000, 0.000000, 0.000000, 0.000000, 1.000000
0.000000, 0.000000, 0.000000, 0.000000, 0.000000, 0.000000, 1.000000
0.000000, 0.000000, 0.000000, 0.000000, 0.000000, 0.000000, 1.000000
0.000000, 0.000000, 0.000000, 0.000000, 0.000000, 0.000000, 1.000000
0.000000, 0.000000, 0.000000, 0.000000, 0.000000, 0.000000, 1.000000
0.000000, 0.000000, 0.000000, 0.000000, 0.000000, 0.000000, 1.000000
0.000000, 0.000000, 0.000000, 0.000000, 0.000000, 0.000000, 1.000000
0.000000, 0.000000, 0.000000, 0.000000, 0.000000, 0.000000, 1.000000
0.000000, 0.000000, 0.000000, 0.000000, 0.000000, 0.000000, 1.000000
0.000000, 0.000000, 0.000000, 0.000000, 0.000000, 0.000000, 1.000000
0.000000, 0.000000, 0.000000, 0.000000, 0.000000, 0.000000, 1.000000
0.000000, 0.000000, 0.000000, 0.000000, 0.000000, 0.000000, 1.000000
0.000000, 0.000000, 0.000000, 0.000000, 0.000000, 0.000000, 1.000000
0.000000, 0.000000, 0.000000, 0.000000, 0.000000, 0.000000, 1.000000
0.000000, 0.000000, 0.000000, 0.000000, 0.000000, 0.000000, 1.000000
0.000000, 0.000000, 0.000000, 0.000000, 0.000000, 0.000000, 1.000000
0.000000, 0.000000, 0.000000, 0.000000, 0.000000, 0.000000, 1.000000
0.000000, 0.000000, 0.000000, 0.000000, 0.000000, 0.000000, 1.000000
0.000000, 0.000000, 0.000000, 0.000000, 0.000000, 0.000000, 1.000000
0.000000, 0.000000, 0.000000, 0.000000, 0.000000, 0.000000, 1.000000
0.000000, 0.000000, 0.000000, 0.000000, 0.000000, 0.000000, 1.000000
0.000000, 0.000000, 0.000000, 0.000000, 0.000000, 0.000000, 1.000000
0.000000, 0.000000, 0.000000, 0.000000, 0.000000, 0.000000, 1.000000
0.000000, 0.000000, 0.000000, 0.000000, 0.000000, 0.000000, 1.000000
0.000000, 0.000000, 0.000000, 0.000000, 0.000000, 0.000000, 1.000000
0.000000, 0.000000, 0.000000, 0.000000, 0.000000, 0.000000, 1.000000
0.000000, 0.000000, 0.000000, 0.000000, 0.000000, 0.000000, 1.000000
0.000000, 0.000000, 0.000000, 0.000000, 0.000000, 0.000000, 1.000000
0.000000, 0.000000, 0.000000, 0.000000, 0.000000, 0.000000, 1.000000
0.000000, 0.000000, 0.000000, 0.000000, 0.000000, 0.000000, 1.000000
0.000000, 0.000000, 0.000000, 0.000000, 0.000000, 0.000000, 1.000000
0.000000, 0.000000, 0.000000, 0.000000, 0.000000, 0.000000, 1.000000
0.000000, 0.000000, 0.000000, 0.000000, 0.000000, 0.000000, 1.000000
0.000000, 0.000000, 0.000000, 0.000000, 0.000000, 0.000000, 1.000000
0.000000, 0.000000, 0.000000, 0.000000, 0.000000, 0.000000, 1.000000
0.000000, 0.000000, 0.000000, 0.000000, 0.000000, 0.000000, 1.000000
0.000000, 0.000000, 0.000000, 0.000000, 0.000000, 0.000000, 1.000000
0.000000, 0.000000, 0.000000, 0.000000, 0.000000, 0.000000, 1.000000
0.000000, 0.000000, 0.000000, 0.000000, 0.000000, 0.000000, 1.000000
0.000000, 0.000000, 0.000000, 0.000000, 0.000000, 0.000000, 1.000000
0.000000, 0.000000, 0.000000, 0.000000, 0.000000, 0.000000, 1.000000
0.000000, 0.000000, 0.000000, 0.000000, 0.000000, 0.000000, 1.000000
0.000000, 0.000000, 0.000000, 0.000000, 0.000000, 0.000000, 1.000000
0.000000, 0.000000, 0.000000, 0.000000, 0.000000, 0.000000, 1.000000
0.000000, 0.000000, 0.000000, 0.000000, 0.000000, 0.000000, 1.000000
0.000000, 0.000000, 0.000000, 0.000000, 0.000000, 0.000000, 1.000000
0.000000, 0.000000, 0.000000, 0.000000, 0.000000, 0.000000, 1.000000
0.000000, 0.000000, 0.000000, 0.000000, 0.000000, 0.000000, 1.000000
0.000000, 0.000000, 0.000000, 0.000000, 0.000000, 0.000000, 1.000000
0.000000, 0.000000, 0.000000, 0.000000, 0.000000, 0.000000, 1.000000
0.000000, 0.000000, 0.000000, 0.000000, 0.000000, 0.000000, 1.000000
0.000000, 0.000000, 0.000000, 0.000000, 0.000000, 0.000000, 1.000000
0.000000, 0.000000, 0.000000, 0.000000, 0.000000, 0.000000, 1.000000
0.000000, 0.000000, 0.000000, 0.000000, 0.000000, 0.000000, 1.000000
0.000000, 0.000000, 0.000000, 0.000000, 0.000000, 0.000000, 1.000000
0.000000, 0.000000, 0.000000, 0.000000, 0.000000, 0.000000, 1.000000
0.000000, 0.000000, 0.000000, 0.000000, 0.000000, 0.000000, 1.000000
0.000000, 0.000000, 0.000000, 0.000000, 0.000000, 0.000000, 1.000000
0.000000, 0.000000, 0.000000, 0.000000, 0.000000, 0.000000, 1.000000
0.000000, 0.000000, 0.000000, 0.000000, 0.000000, 0.000000, 1.000000
0.000000, 0.000000, 0.000000, 0.000000, 0.000000, 0.000000, 1.000000
0.000000, 0.000000, 0.000000, 0.000000, 0.000000, 0.000000, 1.000000
0.000000, 0.000000, 0.000000, 0.000000, 0.000000, 0.000000, 1.000000
0.000000, 0.000000, 0.000000, 0.000000, 0.000000, 0.000000, 1.000000
0.000000, 0.000000, 0.000000, 0.000000, 0.000000, 0.000000, 1.000000
0.000000, 0.000000, 0.000000, 0.000000, 0.000000, 0.000000, 1.000000
0.000000, 0.000000, 0.000000, 0.000000, 0.000000, 0.000000, 1.000000
0.000000, 0.000000, 0.000000, 0.000000, 0.000000, 0.000000, 1.000000
0.000000, 0.000000, 0.000000, 0.000000, 0.000000, 0.000000, 1.000000
0.000000, 0.000000, 0.000000, 0.000000, 0.000000, 0.000000, 1.000000
0.000000, 0.000000, 0.000000, 0.000000, 0.000000, 0.000000, 1.000000
0.000000, 0.000000, 0.000000, 0.000000, 0.000000, 0.000000, 1.000000
0.000000, 0.000000, 0.000000, 0.000000, 0.000000, 0.000000, 1.000000
0.000000, 0.000000, 0.000000, 0.000000, 0.000000, 0.000000, 1.000000
0.000000, 0.000000, 0.000000, 0.000000, 0.000000, 0.000000, 1.000000
0.000000, 0.000000, 0.000000, 0.000000, 0.000000, 0.000000, 1.000000
0.000000, 0.000000, 0.000000, 0.000000, 0.000000, 0.000000, 1.000000
0.000000, 0.000000, 0.000000, 0.000000, 0.000000, 0.000000, 1.000000
0.000000, 0.000000, 0.000000, 0.000000, 0.000000, 0.000000, 1.000000
0.000000, 0.000000, 0.000000, 0.000000, 0.000000, 0.000000, 1.000000
0.000000, 0.000000, 0.000000, 0.000000, 0.000000, 0.000000, 1.000000
0.000000, 0.000000, 0.000000, 0.000000, 0.000000, 0.000000, 1.000000
0.000000, 0.000000, 0.000000, 0.000000, 0.000000, 0.000000, 1.000000
0.000000, 0.000000, 0.000000, 0.000000, 0.000000, 0.000000, 1.000000
0.000000, 0.000000, 0.000000, 0.000000, 0.000000, 0.000000, 1.000000
0.000000, 0.000000, 0.000000, 0.000000, 0.000000, 0.000000, 1.000000
0.000000, 0.000000, 0.000000, 0.000000, 0.000000, 0.000000, 1.000000
0.000000, 0.000000, 0.000000, 0.000000, 0.000000, 0.000000, 1.000000
0.000000, 0.000000, 0.000000, 0.000000, 0.000000, 0.000000, 1.000000
0.000000, 0.000000, 0.000000, 0.000000, 0.000000, 0.000000, 1.000000
0.000000, 0.000000, 0.000000, 0.000000, 0.000000, 0.000000, 1.000000
0.000000, 0.000000, 0.000000, 0.000000, 0.000000, 0.000000, 1.000000
0.000000, 0.000000, 0.000000, 0.000000, 0.000000, 0.000000, 1.000000
0.000000, 0.000000, 0.000000, 0.000000, 0.000000, 0.000000, 1.000000
0.000000, 0.000000, 0.000000, 0.000000, 0.000000, 0.000000, 1.000000
0.000000, 0.000000, 0.000000, 0.000000, 0.000000, 0.000000, 1.000000
0.000000, 0.000000, 0.000000, 0.000000, 0.000000, 0.000000, 1.000000
0.000000, 0.000000, 0.000000, 0.000000, 0.000000, 0.000000, 1.000000
0.000000, 0.000000, 0.000000, 0.000000, 0.000000, 0.000000, 1.000000
0.000000, 0.000000, 0.000000, 0.000000, 0.000000, 0.000000, 1.000000
0.000000, 0.000000, 0.000000, 0.000000, 0.000000, 0.000000, 1.000000
0.000000, 0.000000, 0.000000, 0.000000, 0.000000, 0.000000, 1.000000
0.000000, 0.000000, 0.000000, 0.000000, 0.000000, 0.000000, 1.000000
0.000000, 0.000000, 0.000000, 0.000000, 0.000000, 0.000000, 1.000000
0.000000, 0.000000, 0.000000, 0.000000, 0.000000, 0.000000, 1.000000
0.000000, 0.000000, 0.000000, 0.000000, 0.000000, 0.000000, 1.000000
0.000000, 0.000000, 0.000000, 0.000000, 0.000000, 0.000000, 1.000000
0.000000, 0.000000, 0.000000, 0.000000, 0.000000, 0.000000, 1.000000
0.000000, 0.000000, 0.000000, 0.000000, 0.000000, 0.000000, 1.000000
0.000000, 0.000000, 0.000000, 0.000000, 0.000000, 0.000000, 1.000000
0.000000, 0.000000, 0.000000, 0.000000, 0.000000, 0.000000, 1.000000
0.000000, 0.000000, 0.000000, 0.000000, 0.000000, 0.000000, 1.000000
0.000000, 0.000000, 0.000000, 0.000000, 0.000000, 0.000000, 1.000000
0.000000, 0.000000, 0.000000, 0.000000, 0.000000, 0.000000, 1.000000
0.000000, 0.000000, 0.000000, 0.000000, 0.000000, 0.000000, 1.000000
0.000000, 0.000000, 0.000000, 0.000000, 0.000000, 0.000000, 1.000000
0.000000, 0.000000, 0.000000, 0.000000, 0.000000, 0.000000, 1.000000
0.000000, 0.000000, 0.000000, 0.000000, 0.000000, 0.000000, 1.000000
0.000000, 0.000000, 0.000000, 0.000000, 0.000000, 0.000000, 1.000000
0.000000, 0.000000, 0.000000, 0.000000, 0.000000, 0.000000, 1.000000
0.000000, 0.000000, 0.000000, 0.000000, 0.000000, 0.000000, 1.000000
0.000000, 0.000000, 0.000000, 0.000000, 0.000000, 0.000000, 1.000000
0.000000, 0.000000, 0.000000, 0.000000, 0.000000, 0.000000, 1.000000
0.000000, 0.000000, 0.000000, 0.000000, 0.000000, 0.000000, 1.000000
0.000000, 0.000000, 0.000000, 0.000000, 0.000000, 0.000000, 1.000000
0.000000, 0.000000, 0.000000, 0.000000, 0.000000, 0.000000, 1.000000
0.000000, 0.000000, 0.000000, 0.000000, 0.000000, 0.000000, 1.000000
0.000000, 0.000000, 0.000000, 0.000000, 0.000000, 0.000000, 1.000000
0.000000, 0.000000, 0.000000, 0.000000, 0.000000, 0.000000, 1.000000
0.000000, 0.000000, 0.000000, 0.000000, 0.000000, 0.000000, 1.000000
0.000000, 0.000000, 0.000000, 0.000000, 0.000000, 0.000000, 1.000000
0.000000, 0.000000, 0.000000, 0.000000, 0.000000, 0.000000, 1.000000
0.000000, 0.000000, 0.000000, 0.000000, 0.000000, 0.000000, 1.000000
0.000000, 0.000000, 0.000000, 0.000000, 0.000000, 0.000000, 1.000000
0.000000, 0.000000, 0.000000, 0.000000, 0.000000, 0.000000, 1.000000
0.000000, 0.000000, 0.000000, 0.000000, 0.000000, 0.000000, 1.000000
0.000000, 0.000000, 0.000000, 0.000000, 0.000000, 0.000000, 1.000000
0.000000, 0.000000, 0.000000, 0.000000, 0.000000, 0.000000, 1.000000
0.000000, 0.000000, 0.000000, 0.000000, 0.000000, 0.000000, 1.000000
0.000000, 0.000000, 0.000000, 0.000000, 0.000000, 0.000000, 1.000000
0.000000, 0.000000, 0.000000, 0.000000, 0.000000, 0.000000, 1.000000
0.000000, 0.000000, 0.000000, 0.000000, 0.000000, 0.000000, 1.000000
0.000000, 0.000000, 0.000000, 0.000000, 0.000000, 0.000000, 1.000000
0.000000, 0.000000, 0.000000, 0.000000, 0.000000, 0.000000, 1.000000
0.000000, 0.000000, 0.000000, 0.000000, 0.000000, 0.000000, 1.000000
0.000000, 0.000000, 0.000000, 0.000000, 0.000000, 0.000000, 1.000000
0.000000, 0.000000, 0.000000, 0.000000, 0.000000, 0.000000, 1.000000
0.000000, 0.000000, 0.000000, 0.000000, 0.000000, 0.000000, 1.000000
0.000000, 0.000000, 0.000000, 0.000000, 0.000000, 0.000000, 1.000000
0.000000, 0.000000, 0.000000, 0.000000, 0.000000, 0.000000, 1.000000
0.000000, 0.000000, 0.000000, 0.000000, 0.000000, 0.000000, 1.000000
0.000000, 0.000000, 0.000000, 0.000000, 0.000000, 0.000000, 1.000000
0.000000, 0.000000, 0.000000, 0.000000, 0.000000, 0.000000, 1.000000
0.000000, 0.000000, 0.000000, 0.000000, 0.000000, 0.000000, 1.000000
0.000000, 0.000000, 0.000000, 0.000000, 0.000000, 0.000000, 1.000000
0.000000, 0.000000, 0.000000, 0.000000, 0.000000, 0.000000, 1.000000
0.000000, 0.000000, 0.000000, 0.000000, 0.000000, 0.000000, 1.000000
0.000000, 0.000000, 0.000000, 0.000000, 0.000000, 0.000000, 1.000000
0.000000, 0.000000, 0.000000, 0.000000, 0.000000, 0.000000, 1.000000
0.000000, 0.000000, 0.000000, 0.000000, 0.000000, 0.000000, 1.000000
0.000000, 0.000000, 0.000000, 0.000000, 0.000000, 0.000000, 1.000000
0.000000, 0.000000, 0.000000, 0.000000, 0.000000, 0.000000, 1.000000
0.000000, 0.000000, 0.000000, 0.000000, 0.000000, 0.000000, 1.000000
0.000000, 0.000000, 0.000000, 0.000000, 0.000000, 0.000000, 1.000000
0.000000, 0.000000, 0.000000, 0.000000, 0.000000, 0.000000, 1.000000
0.000000, 0.000000, 0.000000, 0.000000, 0.000000, 0.000000, 1.000000
0.000000, 0.000000, 0.000000, 0.000000, 0.000000, 0.000000, 1.000000
0.000000, 0.000000, 0.000000, 0.000000, 0.000000, 0.000000, 1.000000
0.000000, 0.000000, 0.000000, 0.000000, 0.000000, 0.000000, 1.000000
0.000000, 0.000000, 0.000000, 0.000000, 0.000000, 0.000000, 1.000000
0.000000, 0.000000, 0.000000, 0.000000, 0.000000, 0.000000, 1.000000
0.000000, 0.000000, 0.000000, 0.000000, 0.000000, 0.000000, 1.000000
0.000000, 0.000000, 0.000000, 0.000000, 0.000000, 0.000000, 1.000000
0.000000, 0.000000, 0.000000, 0.000000, 0.000000, 0.000000, 1.000000
0.000000, 0.000000, 0.000000, 0.000000, 0.000000, 0.000000, 1.000000
0.000000, 0.000000, 0.000000, 0.000000, 0.000000, 0.000000, 1.000000
0.000000, 0.000000, 0.000000, 0.000000, 0.000000, 0.000000, 1.000000
0.000000, 0.000000, 0.000000, 0.000000, 0.000000, 0.000000, 1.000000
0.000000, 0.000000, 0.000000, 0.000000, 0.000000, 0.000000, 1.000000
0.000000, 0.000000, 0.000000, 0.000000, 0.000000, 0.000000, 1.000000
0.000000, 0.000000, 0.000000, 0.000000, 0.000000, 0.000000, 1.000000
0.000000, 0.000000, 0.000000, 0.000000, 0.000000, 0.000000, 1.000000
0.000000, 0.000000, 0.000000, 0.000000, 0.000000, 0.000000, 1.000000
0.000000, 0.000000, 0.000000, 0.000000, 0.000000, 0.000000, 1.000000
0.000000, 0.000000, 0.000000, 0.000000, 0.000000, 0.000000, 1.000000
0.000000, 0.000000, 0.000000, 0.000000, 0.000000, 0.000000, 1.000000
0.000000, 0.000000, 0.000000, 0.000000, 0.000000, 0.000000, 1.000000
0.000000, 0.000000, 0.000000, 0.000000, 0.000000, 0.000000, 1.000000
0.000000, 0.000000, 0.000000, 0.000000, 0.000000, 0.000000, 1.000000
0.000000, 0.000000, 0.000000, 0.000000, 0.000000, 0.000000, 1.000000
0.000000, 0.000000, 0.000000, 0.000000, 0.000000, 0.000000, 1.000000
0.000000, 0.000000, 0.000000, 0.000000, 0.000000, 0.000000, 1.000000
0.000000, 0.000000, 0.000000, 0.000000, 0.000000, 0.000000, 1.000000
0.000000, 0.000000, 0.000000, 0.000000, 0.000000, 0.000000, 1.000000
0.000000, 0.000000, 0.000000, 0.000000, 0.000000, 0.000000, 1.000000
0.000000, 0.000000, 0.000000, 0.000000, 0.000000, 0.000000, 1.000000
0.000000, 0.000000, 0.000000, 0.000000, 0.000000, 0.000000, 1.000000
0.000000, 0.000000, 0.000000, 0.000000, 0.000000, 0.000000, 1.000000
0.000000, 0.000000, 0.000000, 0.000000, 0.000000, 0.000000, 1.000000
0.000000, 0.000000, 0.000000, 0.000000, 0.000000, 0.000000, 1.000000
0.000000, 0.000000, 0.000000, 0.000000, 0.000000, 0.000000, 1.000000
0.000000, 0.000000, 0.000000, 0.000000, 0.000000, 0.000000, 1.000000
0.000000, 0.000000, 0.000000, 0.000000, 0.000000, 0.000000, 1.000000
0.000000, 0.000000, 0.000000, 0.000000, 0.000000, 0.000000, 1.000000
0.000000, 0.000000, 0.000000, 0.000000, 0.000000, 0.000000, 1.000000
0.000000, 0.000000, 0.000000, 0.000000, 0.000000, 0.000000, 1.000000
0.000000, 0.000000, 0.000000, 0.000000, 0.000000, 0.000000, 1.000000
0.000000, 0.000000, 0.000000, 0.000000, 0.000000, 0.000000, 1.000000
0.000000, 0.000000, 0.000000, 0.000000, 0.000000, 0.000000, 1.000000
0.000000, 0.000000, 0.000000, 0.000000, 0.000000, 0.000000, 1.000000
0.000000, 0.000000, 0.000000, 0.000000, 0.000000, 0.000000, 1.000000
0.000000, 0.000000, 0.000000, 0.000000, 0.000000, 0.000000, 1.000000
0.000000, 0.000000, 0.000000, 0.000000, 0.000000, 0.000000, 1.000000
0.000000, 0.000000, 0.000000, 0.000000, 0.000000, 0.000000, 1.000000
0.000000, 0.000000, 0.000000, 0.000000, 0.000000, 0.000000, 1.000000
0.000000, 0.000000, 0.000000, 0.000000, 0.000000, 0.000000, 1.000000
0.000000, 0.000000, 0.000000, 0.000000, 0.000000, 0.000000, 1.000000
0.000000, 0.000000, 0.000000, 0.000000, 0.000000, 0.000000, 1.000000
0.000000, 0.000000, 0.000000, 0.000000, 0.000000, 0.000000, 1.000000
0.000000, 0.000000, 0.000000, 0.000000, 0.000000, 0.000000, 1.000000
0.000000, 0.000000, 0.000000, 0.000000, 0.000000, 0.000000, 1.000000
0.000000, 0.000000, 0.000000, 0.000000, 0.000000, 0.000000, 1.000000
0.000000, 0.000000, 0.000000, 0.000000, 0.000000, 0.000000, 1.000000
0.000000, 0.000000, 0.000000, 0.000000, 0.000000, 0.000000, 1.000000
0.000000, 0.000000, 0.000000, 0.000000, 0.000000, 0.000000, 1.000000
0.000000, 0.000000, 0.000000, 0.000000, 0.000000, 0.000000, 1.000000
0.000000, 0.000000, 0.000000, 0.000000, 0.000000, 0.000000, 1.000000
0.000000, 0.000000, 0.000000, 0.000000, 0.000000, 0.000000, 1.000000
0.000000, 0.000000, 0.000000, 0.000000, 0.000000, 0.000000, 1.000000
0.000000, 0.000000, 0.000000, 0.000000, 0.000000, 0.000000, 1.000000
0.000000, 0.000000, 0.000000, 0.000000, 0.000000, 0.000000, 1.000000
0.000000, 0.000000, 0.000000, 0.000000, 0.000000, 0.000000, 1.000000
0.000000, 0.000000, 0.000000, 0.000000, 0.000000, 0.000000, 1.000000
0.000000, 0.000000, 0.000000, 0.000000, 0.000000, 0.000000, 1.000000
0.000000, 0.000000, 0.000000, 0.000000, 0.000000, 0.000000, 1.000000
0.000000, 0.000000, 0.000000, 0.000000, 0.000000, 0.000000, 1.000000
0.000000, 0.000000, 0.000000, 0.000000, 0.000000, 0.000000, 1.000000
0.000000, 0.000000, 0.000000, 0.000000, 0.000000, 0.000000, 1.000000
0.000000, 0.000000, 0.000000, 0.000000, 0.000000, 0.000000, 1.000000
0.000000, 0.000000, 0.000000, 0.000000, 0.000000, 0.000000, 1.000000
0.000000, 0.000000, 0.000000, 0.000000, 0.000000, 0.000000, 1.000000
0.000000, 0.000000, 0.000000, 0.000000, 0.000000, 0.000000, 1.000000
0.000000, 0.000000, 0.000000, 0.000000, 0.000000, 0.000000, 1.000000
0.000000, 0.000000, 0.000000, 0.000000, 0.000000, 0.000000, 1.000000
0.000000, 0.000000, 0.000000, 0.000000, 0.000000, 0.000000, 1.000000
0.000000, 0.000000, 0.000000, 0.000000, 0.000000, 0.000000, 1.000000
0.000000, 0.000000, 0.000000, 0.000000, 0.000000, 0.000000, 1.000000
0.000000, 0.000000, 0.000000, 0.000000, 0.000000, 0.000000, 1.000000
0.000000, 0.000000, 0.000000, 0.000000, 0.000000, 0.000000, 1.000000
0.000000, 0.000000, 0.000000, 0.000000, 0.000000, 0.000000, 1.000000
0.000000, 0.000000, 0.000000, 0.000000, 0.000000, 0.000000, 1.000000
0.000000, 0.000000, 0.000000, 0.000000, 0.000000, 0.000000, 1.000000
0.000000, 0.000000, 0.000000, 0.000000, 0.000000, 0.000000, 1.000000
0.000000, 0.000000, 0.000000, 0.000000, 0.000000, 0.000000, 1.000000
0.000000, 0.000000, 0.000000, 0.000000, 0.000000, 0.000000, 1.000000
0.000000, 0.000000, 0.000000, 0.000000, 0.000000, 0.000000, 1.000000
0.000000, 0.000000, 0.000000, 0.000000, 0.000000, 0.000000, 1.000000
0.000000, 0.000000, 0.000000, 0.000000, 0.000000, 0.000000, 1.000000
0.000000, 0.000000, 0.000000, 0.000000, 0.000000, 0.000000, 1.000000
0.000000, 0.000000, 0.000000, 0.000000, 0.000000, 0.000000, 1.000000
0.000000, 0.000000, 0.000000, 0.000000, 0.000000, 0.000000, 1.000000
0.000000, 0.000000, 0.000000, 0.000000, 0.000000, 0.000000, 1.000000
0.000000, 0.000000, 0.000000, 0.000000, 0.000000, 0.000000, 1.000000
0.000000, 0.000000, 0.000000, 0.000000, 0.000000, 0.000000, 1.000000
0.000000, 0.000000, 0.000000, 0.000000, 0.000000, 0.000000, 1.000000
0.000000, 0.000000, 0.000000, 0.000000, 0.000000, 0.000000, 1.000000
0.000000, 0.000000, 0.000000, 0.000000, 0.000000, 0.000000, 1.000000
0.000000, 0.000000, 0.000000, 0.000000, 0.000000, 0.000000, 1.000000
0.000000, 0.000000, 0.000000, 0.000000, 0.000000, 0.000000, 1.000000
0.000000, 0.000000, 0.000000, 0.000000, 0.000000, 0.000000, 1.000000
0.000000, 0.000000, 0.000000, 0.000000, 0.000000, 0.000000, 1.000000
0.000000, 0.000000, 0.000000, 0.000000, 0.000000, 0.000000, 1.000000
0.000000, 0.000000, 0.000000, 0.000000, 0.000000, 0.000000, 1.000000
0.000000, 0.000000, 0.000000, 0.000000, 0.000000, 0.000000, 1.000000
0.000000, 0.000000, 0.000000, 0.000000, 0.000000, 0.000000, 1.000000
0.000000, 0.000000, 0.000000, 0.000000, 0.000000, 0.000000, 1.000000
0.000000, 0.000000, 0.000000, 0.000000, 0.000000, 0.000000, 1.000000
0.000000, 0.000000, 0.000000, 0.000000, 0.000000, 0.000000, 1.000000
0.000000, 0.000000, 0.000000, 0.000000, 0.000000, 0.000000, 1.000000
0.000000, 0.000000, 0.000000, 0.000000, 0.000000, 0.000000, 1.000000
0.000000, 0.000000, 0.000000, 0.000000, 0.000000, 0.000000, 1.000000
0.000000, 0.000000, 0.000000, 0.000000, 0.000000, 0.000000, 1.000000
0.000000, 0.000000, 0.000000, 0.000000, 0.000000, 0.000000, 1.000000
0.000000, 0.000000, 0.000000, 0.000000, 0.000000, 0.000000, 1.000000
0.000000, 0.000000, 0.000000, 0.000000, 0.000000, 0.000000, 1.000000
0.000000, 0.000000, 0.000000, 0.000000, 0.000000, 0.000000, 1.000000
0.000000, 0.000000, 0.000000, 0.000000, 0.000000, 0.000000, 1.000000
0.000000, 0.000000, 0.000000, 0.000000, 0.000000, 0.000000, 1.000000
0.000000, 0.000000, 0.000000, 0.000000, 0.000000, 0.000000, 1.000000
0.000000, 0.000000, 0.000000, 0.000000, 0.000000, 0.000000, 1.000000
0.000000, 0.000000, 0.000000, 0.000000, 0.000000, 0.000000, 1.000000
0.000000, 0.000000, 0.000000, 0.000000, 0.000000, 0.000000, 1.000000
0.000000, 0.000000, 0.000000, 0.000000, 0.000000, 0.000000, 1.000000
0.000000, 0.000000, 0.000000, 0.000000, 0.000000, 0.000000, 1.000000
0.000000, 0.000000, 0.000000, 0.000000, 0.000000, 0.000000, 1.000000
0.000000, 0.000000, 0.000000, 0.000000, 0.000000, 0.000000, 1.000000
0.000000, 0.000000, 0.000000, 0.000000, 0.000000, 0.000000, 1.000000
0.000000, 0.000000, 0.000000, 0.000000, 0.000000, 0.000000, 1.000000
0.000000, 0.000000, 0.000000, 0.000000, 0.000000, 0.000000, 1.000000
0.000000, 0.000000, 0.000000, 0.000000, 0.000000, 0.000000, 1.000000
0.000000, 0.000000, 0.000000, 0.000000, 0.000000, 0.000000, 1.000000
0.000000, 0.000000, 0.000000, 0.000000, 0.000000, 0.000000, 1.000000
0.000000, 0.000000, 0.000000, 0.000000, 0.000000, 0.000000, 1.000000
0.000000, 0.000000, 0.000000, 0.000000, 0.000000, 0.000000, 1.000000
0.000000, 0.000000, 0.000000, 0.000000, 0.000000, 0.000000, 1.000000
0.000000, 0.000000, 0.000000, 0.000000, 0.000000, 0.000000, 1.000000
0.000000, 0.000000, 0.000000, 0.000000, 0.000000, 0.000000, 1.000000
0.000000, 0.000000, 0.000000, 0.000000, 0.000000, 0.000000, 1.000000
0.000000, 0.000000, 0.000000, 0.000000, 0.000000, 0.000000, 1.000000
0.000000, 0.000000, 0.000000, 0.000000, 0.000000, 0.000000, 1.000000
0.000000, 0.000000, 0.000000, 0.000000, 0.000000, 0.000000, 1.000000
0.000000, 0.000000, 0.000000, 0.000000, 0.000000, 0.000000, 1.000000
0.000000, 0.000000, 0.000000, 0.000000, 0.000000, 0.000000, 1.000000
0.000000, 0.000000, 0.000000, 0.000000, 0.000000, 0.000000, 1.000000
0.000000, 0.000000, 0.000000, 0.000000, 0.000000, 0.000000, 1.000000
0.000000, 0.000000, 0.000000, 0.000000, 0.000000, 0.000000, 1.000000
0.000000, 0.000000, 0.000000, 0.000000, 0.000000, 0.000000, 1.000000
0.000000, 0.000000, 0.000000, 0.000000, 0.000000, 0.000000, 1.000000
0.000000, 0.000000, 0.000000, 0.000000, 0.000000, 0.000000, 1.000000
0.000000, 0.000000, 0.000000, 0.000000, 0.000000, 0.000000, 1.000000
0.000000, 0.000000, 0.000000, 0.000000, 0.000000, 0.000000, 1.000000
0.000000, 0.000000, 0.000000, 0.000000, 0.000000, 0.000000, 1.000000
0.000000, 0.000000, 0.000000, 0.000000, 0.000000, 0.000000, 1.000000
0.000000, 0.000000, 0.000000, 0.000000, 0.000000, 0.000000, 1.000000
0.000000, 0.000000, 0.000000, 0.000000, 0.000000, 0.000000, 1.000000
0.000000, 0.000000, 0.000000, 0.000000, 0.000000, 0.000000, 1.000000
0.000000, 0.000000, 0.000000, 0.000000, 0.000000, 0.000000, 1.000000
0.000000, 0.000000, 0.000000, 0.000000, 0.000000, 0.000000, 1.000000
0.000000, 0.000000, 0.000000, 0.000000, 0.000000, 0.000000, 1.000000
0.000000, 0.000000, 0.000000, 0.000000, 0.000000, 0.000000, 1.000000
0.000000, 0.000000, 0.000000, 0.000000, 0.000000, 0.000000, 1.000000
0.000000, 0.000000, 0.000000, 0.000000, 0.000000, 0.000000, 1.000000
0.000000, 0.000000, 0.000000, 0.000000, 0.000000, 0.000000, 1.000000
0.000000, 0.000000, 0.000000, 0.000000, 0.000000, 0.000000, 1.000000
0.000000, 0.000000, 0.000000, 0.000000, 0.000000, 0.000000, 1.000000
0.000000, 0.000000, 0.000000, 0.000000, 0.000000, 0.000000, 1.000000
0.000000, 0.000000, 0.000000, 0.000000, 0.000000, 0.000000, 1.000000
0.000000, 0.000000, 0.000000, 0.000000, 0.000000, 0.000000, 1.000000
0.000000, 0.000000, 0.000000, 0.000000, 0.000000, 0.000000, 1.000000
0.000000, 0.000000, 0.000000, 0.000000, 0.000000, 0.000000, 1.000000
0.000000, 0.000000, 0.000000, 0.000000, 0.000000, 0.000000, 1.000000
0.000000, 0.000000, 0.000000, 0.000000, 0.000000, 0.000000, 1.000000
0.000000, 0.000000, 0.000000, 0.000000, 0.000000, 0.000000, 1.000000
0.000000, 0.000000, 0.000000, 0.000000, 0.000000, 0.000000, 1.000000
0.000000, 0.000000, 0.000000, 0.000000, 0.000000, 0.000000, 1.000000
0.000000, 0.000000, 0.000000, 0.000000, 0.000000, 0.000000, 1.000000
0.000000, 0.000000, 0.000000, 0.000000, 0.000000, 0.000000, 1.000000
0.000000, 0.000000, 0.000000, 0.000000, 0.000000, 0.000000, 1.000000
0.000000, 0.000000, 0.000000, 0.000000, 0.000000, 0.000000, 1.000000
0.000000, 0.000000, 0.000000, 0.000000, 0.000000, 0.000000, 1.000000
0.000000, 0.000000, 0.000000, 0.000000, 0.000000, 0.000000, 1.000000
0.000000, 0.000000, 0.000000, 0.000000, 0.000000, 0.000000, 1.000000
0.000000, 0.000000, 0.000000, 0.000000, 0.000000, 0.000000, 1.000000
0.000000, 0.000000, 0.000000, 0.000000, 0.000000, 0.000000, 1.000000
0.000000, 0.000000, 0.000000, 0.000000, 0.000000, 0.000000, 1.000000
0.000000, 0.000000, 0.000000, 0.000000, 0.000000, 0.000000, 1.000000
0.000000, 0.000000, 0.000000, 0.000000, 0.000000, 0.000000, 1.000000
0.000000, 0.000000, 0.000000, 0.000000, 0.000000, 0.000000, 1.000000
0.000000, 0.000000, 0.000000, 0.000000, 0.000000, 0.000000, 1.000000
0.000000, 0.000000, 0.000000, 0.000000, 0.000000, 0.000000, 1.000000
0.000000, 0.000000, 0.000000, 0.000000, 0.000000, 0.000000, 1.000000
0.000000, 0.000000, 0.000000, 0.000000, 0.000000, 0.000000, 1.000000
0.000000, 0.000000, 0.000000, 0.000000, 0.000000, 0.000000, 1.000000
0.000000, 0.000000, 0.000000, 0.000000, 0.000000, 0.000000, 1.000000
0.000000, 0.000000, 0.000000, 0.000000, 0.000000, 0.000000, 1.000000
0.000000, 0.000000, 0.000000, 0.000000, 0.000000, 0.000000, 1.000000
0.000000, 0.000000, 0.000000, 0.000000, 0.000000, 0.000000, 1.000000
0.000000, 0.000000, 0.000000, 0.000000, 0.000000, 0.000000, 1.000000
0.000000, 0.000000, 0.000000, 0.000000, 0.000000, 0.000000, 1.000000
0.000000, 0.000000, 0.000000, 0.000000, 0.000000, 0.000000, 1.000000
0.000000, 0.000000, 0.000000, 0.000000, 0.000000, 0.000000, 1.000000
0.000000, 0.000000, 0.000000, 0.000000, 0.000000, 0.000000, 1.000000
0.000000, 0.000000, 0.000000, 0.000000, 0.000000, 0.000000, 1.000000
0.000000, 0.000000, 0.000000, 0.000000, 0.000000, 0.000000, 1.000000
0.000000, 0.000000, 0.000000, 0.000000, 0.000000, 0.000000, 1.000000
0.000000, 0.000000, 0.000000, 0.000000, 0.000000, 0.000000, 1.000000
0.000000, 0.000000, 0.000000, 0.000000, 0.000000, 0.000000, 1.000000
0.000000, 0.000000, 0.000000, 0.000000, 0.000000, 0.000000, 1.000000
0.000000, 0.000000, 0.000000, 0.000000, 0.000000, 0.000000, 1.000000
0.000000, 0.000000, 0.000000, 0.000000, 0.000000, 0.000000, 1.000000
0.000000, 0.000000, 0.000000, 0.000000, 0.000000, 0.000000, 1.000000
0.000000, 0.000000, 0.000000, 0.000000, 0.000000, 0.000000, 1.000000
0.000000, 0.000000, 0.000000, 0.000000, 0.000000, 0.000000, 1.000000
0.000000, 0.000000, 0.000000, 0.000000, 0.000000, 0.000000, 1.000000
0.000000, 0.000000, 0.000000, 0.000000, 0.000000, 0.000000, 1.000000
0.000000, 0.000000, 0.000000, 0.000000, 0.000000, 0.000000, 1.000000
0.000000, 0.000000, 0.000000, 0.000000, 0.000000, 0.000000, 1.000000
0.000000, 0.000000, 0.000000, 0.000000, 0.000000, 0.000000, 1.000000
0.000000, 0.000000, 0.000000, 0.000000, 0.000000, 0.000000, 1.000000
0.000000, 0.000000, 0.000000, 0.000000, 0.000000, 0.000000, 1.000000
0.000000, 0.000000, 0.000000, 0.000000, 0.000000, 0.000000, 1.000000
0.000000, 0.000000, 0.000000, 0.000000, 0.000000, 0.000000, 1.000000
0.000000, 0.000000, 0.000000, 0.000000, 0.000000, 0.000000, 1.000000
0.000000, 0.000000, 0.000000, 0.000000, 0.000000, 0.000000, 1.000000
0.000000, 0.000000, 0.000000, 0.000000, 0.000000, 0.000000, 1.000000
0.000000, 0.000000, 0.000000, 0.000000, 0.000000, 0.000000, 1.000000
0.000000, 0.000000, 0.000000, 0.000000, 0.000000, 0.000000, 1.000000
0.000000, 0.000000, 0.000000, 0.000000, 0.000000, 0.000000, 1.000000
0.000000, 0.000000, 0.000000, 0.000000, 0.000000, 0.000000, 1.000000
0.000000, 0.000000, 0.000000, 0.000000, 0.000000, 0.000000, 1.000000
0.000000, 0.000000, 0.000000, 0.000000, 0.000000, 0.000000, 1.000000
0.000000, 0.000000, 0.000000, 0.000000, 0.000000, 0.000000, 1.000000
0.000000, 0.000000, 0.000000, 0.000000, 0.000000, 0.000000, 1.000000
0.000000, 0.000000, 0.000000, 0.000000, 0.000000, 0.000000, 1.000000
0.000000, 0.000000, 0.000000, 0.000000, 0.000000, 0.000000, 1.000000
0.000000, 0.000000, 0.000000, 0.000000, 0.000000, 0.000000, 1.000000
0.000000, 0.000000, 0.000000, 0.000000, 0.000000, 0.000000, 1.000000
0.000000, 0.000000, 0.000000, 0.000000, 0.000000, 0.000000, 1.000000
0.000000, 0.000000, 0.000000, 0.000000, 0.000000, 0.000000, 1.000000
0.000000, 0.000000, 0.000000, 0.000000, 0.000000, 0.000000, 1.000000
0.000000, 0.000000, 0.000000, 0.000000, 0.000000, 0.000000, 1.000000
0.000000, 0.000000, 0.000000, 0.000000, 0.000000, 0.000000, 1.000000
0.000000, 0.000000, 0.000000, 0.000000, 0.000000, 0.000000, 1.000000
0.000000, 0.000000, 0.000000, 0.000000, 0.000000, 0.000000, 1.000000
0.000000, 0.000000, 0.000000, 0.000000, 0.000000, 0.000000, 1.000000
0.000000, 0.000000, 0.000000, 0.000000, 0.000000, 0.000000, 1.000000
0.000000, 0.000000, 0.000000, 0.000000, 0.000000, 0.000000, 1.000000
0.000000, 0.000000, 0.000000, 0.000000, 0.000000, 0.000000, 1.000000
0.000000, 0.000000, 0.000000, 0.000000, 0.000000, 0.000000, 1.000000
0.000000, 0.000000, 0.000000, 0.000000, 0.000000, 0.000000, 1.000000
0.000000, 0.000000, 0.000000, 0.000000, 0.000000, 0.000000, 1.000000
0.000000, 0.000000, 0.000000, 0.000000, 0.000000, 0.000000, 1.000000
0.000000, 0.000000, 0.000000, 0.000000, 0.000000, 0.000000, 1.000000
0.000000, 0.000000, 0.000000, 0.000000, 0.000000, 0.000000, 1.000000
0.000000, 0.000000, 0.000000, 0.000000, 0.000000, 0.000000, 1.000000
0.000000, 0.000000, 0.000000, 0.000000, 0.000000, 0.000000, 1.000000
0.000000, 0.000000, 0.000000, 0.000000, 0.000000, 0.000000, 1.000000
0.000000, 0.000000, 0.000000, 0.000000, 0.000000, 0.000000, 1.000000
0.000000, 0.000000, 0.000000, 0.000000, 0.000000, 0.000000, 1.000000
0.000000, 0.000000, 0.000000, 0.000000, 0.000000, 0.000000, 1.000000
0.000000, 0.000000, 0.000000, 0.000000, 0.000000, 0.000000, 1.000000
0.000000, 0.000000, 0.000000, 0.000000, 0.000000, 0.000000, 1.000000
0.000000, 0.000000, 0.000000, 0.000000, 0.000000, 0.000000, 1.000000
0.000000, 0.000000, 0.000000, 0.000000, 0.000000, 0.000000, 1.000000
0.000000, 0.000000, 0.000000, 0.000000, 0.000000, 0.000000, 1.000000
0.000000, 0.000000, 0.000000, 0.000000, 0.000000, 0.000000, 1.000000
0.000000, 0.000000, 0.000000, 0.000000, 0.000000, 0.000000, 1.000000
0.000000, 0.000000, 0.000000, 0.000000, 0.000000, 0.000000, 1.000000
0.000000, 0.000000, 0.000000, 0.000000, 0.000000, 0.000000, 1.000000
0.000000, 0.000000, 0.000000, 0.000000, 0.000000, 0.000000, 1.000000
0.000000, 0.000000, 0.000000, 0.000000, 0.000000, 0.000000, 1.000000
0.000000, 0.000000, 0.000000, 0.000000, 0.000000, 0.000000, 1.000000
0.000000, 0.000000, 0.000000, 0.000000, 0.000000, 0.000000, 1.000000
0.000000, 0.000000, 0.000000, 0.000000, 0.000000, 0.000000, 1.000000
0.000000, 0.000000, 0.000000, 0.000000, 0.000000, 0.000000, 1.000000
0.000000, 0.000000, 0.000000, 0.000000, 0.000000, 0.000000, 1.000000
0.000000, 0.000000, 0.000000, 0.000000, 0.000000, 0.000000, 1.000000
0.000000, 0.000000, 0.000000, 0.000000, 0.000000, 0.000000, 1.000000
0.000000, 0.000000, 0.000000, 0.000000, 0.000000, 0.000000, 1.000000
0.000000, 0.000000, 0.000000, 0.000000, 0.000000, 0.000000, 1.000000
0.000000, 0.000000, 0.000000, 0.000000, 0.000000, 0.000000, 1.000000
0.000000, 0.000000, 0.000000, 0.000000, 0.000000, 0.000000, 1.000000
0.000000, 0.000000, 0.000000, 0.000000, 0.000000, 0.000000, 1.000000
0.000000, 0.000000, 0.000000, 0.000000, 0.000000, 0.000000, 1.000000
0.000000, 0.000000, 0.000000, 0.000000, 0.000000, 0.000000, 1.000000
0.000000, 0.000000, 0.000000, 0.000000, 0.000000, 0.000000, 1.000000
0.000000, 0.000000, 0.000000, 0.000000, 0.000000, 0.000000, 1.000000
0.000000, 0.000000, 0.000000, 0.000000, 0.000000, 0.000000, 1.000000
0.000000, 0.000000, 0.000000, 0.000000, 0.000000, 0.000000, 1.000000
0.000000, 0.000000, 0.000000, 0.000000, 0.000000, 0.000000, 1.000000
0.000000, 0.000000, 0.000000, 0.000000, 0.000000, 0.000000, 1.000000
0.000000, 0.000000, 0.000000, 0.000000, 0.000000, 0.000000, 1.000000
0.000000, 0.000000, 0.000000, 0.000000, 0.000000, 0.000000, 1.000000
0.000000, 0.000000, 0.000000, 0.000000, 0.000000, 0.000000, 1.000000
0.000000, 0.000000, 0.000000, 0.000000, 0.000000, 0.000000, 1.000000
0.000000, 0.000000, 0.000000, 0.000000, 0.000000, 0.000000, 1.000000
0.000000, 0.000000, 0.000000, 0.000000, 0.000000, 0.000000, 1.000000
0.000000, 0.000000, 0.000000, 0.000000, 0.000000, 0.000000, 1.000000
0.000000, 0.000000, 0.000000, 0.000000, 0.000000, 0.000000, 1.000000
0.000000, 0.000000, 0.000000, 0.000000, 0.000000, 0.000000, 1.000000
0.000000, 0.000000, 0.000000, 0.000000, 0.000000, 0.000000, 1.000000
0.000000, 0.000000, 0.000000, 0.000000, 0.000000, 0.000000, 1.000000
0.000000, 0.000000, 0.000000, 0.000000, 0.000000, 0.000000, 1.000000
0.000000, 0.000000, 0.000000, 0.000000, 0.000000, 0.000000, 1.000000
0.000000, 0.000000, 0.000000, 0.000000, 0.000000, 0.000000, 1.000000
0.000000, 0.000000, 0.000000, 0.000000, 0.000000, 0.000000, 1.000000
0.000000, 0.000000, 0.000000, 0.000000, 0.000000, 0.000000, 1.000000
0.000000, 0.000000, 0.000000, 0.000000, 0.000000, 0.000000, 1.000000
0.000000, 0.000000, 0.000000, 0.000000, 0.000000, 0.000000, 1.000000
0.000000, 0.000000, 0.000000, 0.000000, 0.000000, 0.000000, 1.000000
0.000000, 0.000000, 0.000000, 0.000000, 0.000000, 0.000000, 1.000000
0.000000, 0.000000, 0.000000, 0.000000, 0.000000, 0.000000, 1.000000
0.000000, 0.000000, 0.000000, 0.000000, 0.000000, 0.000000, 1.000000
0.000000, 0.000000, 0.000000, 0.000000, 0.000000, 0.000000, 1.000000
0.000000, 0.000000, 0.000000, 0.000000, 0.000000, 0.000000, 1.000000
0.000000, 0.000000, 0.000000, 0.000000, 0.000000, 0.000000, 1.000000
0.000000, 0.000000, 0.000000, 0.000000, 0.000000, 0.000000, 1.000000
0.000000, 0.000000, 0.000000, 0.000000, 0.000000, 0.000000, 1.000000
0.000000, 0.000000, 0.000000, 0.000000, 0.000000, 0.000000, 1.000000
0.000000, 0.000000, 0.000000, 0.000000, 0.000000, 0.000000, 1.000000
0.000000, 0.000000, 0.000000, 0.000000, 0.000000, 0.000000, 1.000000
0.000000, 0.000000, 0.000000, 0.000000, 0.000000, 0.000000, 1.000000
0.000000, 0.000000, 0.000000, 0.000000, 0.000000, 0.000000, 1.000000
0.000000, 0.000000, 0.000000, 0.000000, 0.000000, 0.000000, 1.000000
0.000000, 0.000000, 0.000000, 0.000000, 0.000000, 0.000000, 1.000000
0.000000, 0.000000, 0.000000, 0.000000, 0.000000, 0.000000, 1.000000
0.000000, 0.000000, 0.000000, 0.000000, 0.000000, 0.000000, 1.000000
0.000000, 0.000000, 0.000000, 0.000000, 0.000000, 0.000000, 1.000000
0.000000, 0.000000, 0.000000, 0.000000, 0.000000, 0.000000, 1.000000
0.000000, 0.000000, 0.000000, 0.000000, 0.000000, 0.000000, 1.000000
0.000000, 0.000000, 0.000000, 0.000000, 0.000000, 0.000000, 1.000000
0.000000, 0.000000, 0.000000, 0.000000, 0.000000, 0.000000, 1.000000
0.000000, 0.000000, 0.000000, 0.000000, 0.000000, 0.000000, 1.000000
0.000000, 0.000000, 0.000000, 0.000000, 0.000000, 0.000000, 1.000000
0.000000, 0.000000, 0.000000, 0.000000, 0.000000, 0.000000, 1.000000
0.000000, 0.000000, 0.000000, 0.000000, 0.000000, 0.000000, 1.000000
0.000000, 0.000000, 0.000000, 0.000000, 0.000000, 0.000000, 1.000000
0.000000, 0.000000, 0.000000, 0.000000, 0.000000, 0.000000, 1.000000
0.000000, 0.000000, 0.000000, 0.000000, 0.000000, 0.000000, 1.000000
0.000000, 0.000000, 0.000000, 0.000000, 0.000000, 0.000000, 1.000000
0.000000, 0.000000, 0.000000, 0.000000, 0.000000, 0.000000, 1.000000
0.000000, 0.000000, 0.000000, 0.000000, 0.000000, 0.000000, 1.000000
0.000000, 0.000000, 0.000000, 0.000000, 0.000000, 0.000000, 1.000000
0.000000, 0.000000, 0.000000, 0.000000, 0.000000, 0.000000, 1.000000
0.000000, 0.000000, 0.000000, 0.000000, 0.000000, 0.000000, 1.000000
0.000000, 0.000000, 0.000000, 0.000000, 0.000000, 0.000000, 1.000000
0.000000, 0.000000, 0.000000, 0.000000, 0.000000, 0.000000, 1.000000
0.000000, 0.000000, 0.000000, 0.000000, 0.000000, 0.000000, 1.000000
0.000000, 0.000000, 0.000000, 0.000000, 0.000000, 0.000000, 1.000000
0.000000, 0.000000, 0.000000, 0.000000, 0.000000, 0.000000, 1.000000
0.000000, 0.000000, 0.000000, 0.000000, 0.000000, 0.000000, 1.000000
0.000000, 0.000000, 0.000000, 0.000000, 0.000000, 0.000000, 1.000000
0.000000, 0.000000, 0.000000, 0.000000, 0.000000, 0.000000, 1.000000
0.000000, 0.000000, 0.000000, 0.000000, 0.000000, 0.000000, 1.000000
0.000000, 0.000000, 0.000000, 0.000000, 0.000000, 0.000000, 1.000000
0.000000, 0.000000, 0.000000, 0.000000, 0.000000, 0.000000, 1.000000
0.000000, 0.000000, 0.000000, 0.000000, 0.000000, 0.000000, 1.000000
0.000000, 0.000000, 0.000000, 0.000000, 0.000000, 0.000000, 1.000000
0.000000, 0.000000, 0.000000, 0.000000, 0.000000, 0.000000, 1.000000
0.000000, 0.000000, 0.000000, 0.000000, 0.000000, 0.000000, 1.000000
0.000000, 0.000000, 0.000000, 0.000000, 0.000000, 0.000000, 1.000000
0.000000, 0.000000, 0.000000, 0.000000, 0.000000, 0.000000, 1.000000
0.000000, 0.000000, 0.000000, 0.000000, 0.000000, 0.000000, 1.000000
0.000000, 0.000000, 0.000000, 0.000000, 0.000000, 0.000000, 1.000000
0.000000, 0.000000, 0.000000, 0.000000, 0.000000, 0.000000, 1.000000
0.000000, 0.000000, 0.000000, 0.000000, 0.000000, 0.000000, 1.000000
0.000000, 0.000000, 0.000000, 0.000000, 0.000000, 0.000000, 1.000000
0.000000, 0.000000, 0.000000, 0.000000, 0.000000, 0.000000, 1.000000
0.000000, 0.000000, 0.000000, 0.000000, 0.000000, 0.000000, 1.000000
0.000000, 0.000000, 0.000000, 0.000000, 0.000000, 0.000000, 1.000000
0.000000, 0.000000, 0.000000, 0.000000, 0.000000, 0.000000, 1.000000
0.000000, 0.000000, 0.000000, 0.000000, 0.000000, 0.000000, 1.000000
0.000000, 0.000000, 0.000000, 0.000000, 0.000000, 0.000000, 1.000000
0.000000, 0.000000, 0.000000, 0.000000, 0.000000, 0.000000, 1.000000
0.000000, 0.000000, 0.000000, 0.000000, 0.000000, 0.000000, 1.000000
0.000000, 0.000000, 0.000000, 0.000000, 0.000000, 0.000000, 1.000000
0.000000, 0.000000, 0.000000, 0.000000, 0.000000, 0.000000, 1.000000
0.000000, 0.000000, 0.000000, 0.000000, 0.000000, 0.000000, 1.000000
0.000000, 0.000000, 0.000000, 0.000000, 0.000000, 0.000000, 1.000000
0.000000, 0.000000, 0.000000, 0.000000, 0.000000, 0.000000, 1.000000
0.000000, 0.000000, 0.000000, 0.000000, 0.000000, 0.000000, 1.000000
0.000000, 0.000000, 0.000000, 0.000000, 0.000000, 0.000000, 1.000000
0.000000, 0.000000, 0.000000, 0.000000, 0.000000, 0.000000, 1.000000
0.000000, 0.000000, 0.000000, 0.000000, 0.000000, 0.000000, 1.000000
0.000000, 0.000000, 0.000000, 0.000000, 0.000000, 0.000000, 1.000000
0.000000, 0.000000, 0.000000, 0.000000, 0.000000, 0.000000, 1.000000
0.000000, 0.000000, 0.000000, 0.000000, 0.000000, 0.000000, 1.000000
0.000000, 0.000000, 0.000000, 0.000000, 0.000000, 0.000000, 1.000000
0.000000, 0.000000, 0.000000, 0.000000, 0.000000, 0.000000, 1.000000
0.000000, 0.000000, 0.000000, 0.000000, 0.000000, 0.000000, 1.000000
0.000000, 0.000000, 0.000000, 0.000000, 0.000000, 0.000000, 1.000000
0.000000, 0.000000, 0.000000, 0.000000, 0.000000, 0.000000, 1.000000
0.000000, 0.000000, 0.000000, 0.000000, 0.000000, 0.000000, 1.000000
0.000000, 0.000000, 0.000000, 0.000000, 0.000000, 0.000000, 1.000000
0.000000, 0.000000, 0.000000, 0.000000, 0.000000, 0.000000, 1.000000
0.000000, 0.000000, 0.000000, 0.000000, 0.000000, 0.000000, 1.000000
0.000000, 0.000000, 0.000000, 0.000000, 0.000000, 0.000000, 1.000000
0.000000, 0.000000, 0.000000, 0.000000, 0.000000, 0.000000, 1.000000
0.000000, 0.000000, 0.000000, 0.000000, 0.000000, 0.000000, 1.000000
0.000000, 0.000000, 0.000000, 0.000000, 0.000000, 0.000000, 1.000000
0.000000, 0.000000, 0.000000, 0.000000, 0.000000, 0.000000, 1.000000
0.000000, 0.000000, 0.000000, 0.000000, 0.000000, 0.000000, 1.000000
0.000000, 0.000000, 0.000000, 0.000000, 0.000000, 0.000000, 1.000000
0.000000, 0.000000, 0.000000, 0.000000, 0.000000, 0.000000, 1.000000
0.000000, 0.000000, 0.000000, 0.000000, 0.000000, 0.000000, 1.000000
0.000000, 0.000000, 0.000000, 0.000000, 0.000000, 0.000000, 1.000000
0.000000, 0.000000, 0.000000, 0.000000, 0.000000, 0.000000, 1.000000
0.000000, 0.000000, 0.000000, 0.000000, 0.000000, 0.000000, 1.000000
0.000000, 0.000000, 0.000000, 0.000000, 0.000000, 0.000000, 1.000000
0.000000, 0.000000, 0.000000, 0.000000, 0.000000, 0.000000, 1.000000
0.000000, 0.000000, 0.000000, 0.000000, 0.000000, 0.000000, 1.000000
0.000000, 0.000000, 0.000000, 0.000000, 0.000000, 0.000000, 1.000000
0.000000, 0.000000, 0.000000, 0.000000, 0.000000, 0.000000, 1.000000
0.000000, 0.000000, 0.000000, 0.000000, 0.000000, 0.000000, 1.000000
0.000000, 0.000000, 0.000000, 0.000000, 0.000000, 0.000000, 1.000000
0.000000, 0.000000, 0.000000, 0.000000, 0.000000, 0.000000, 1.000000
0.000000, 0.000000, 0.000000, 0.000000, 0.000000, 0.000000, 1.000000
0.000000, 0.000000, 0.000000, 0.000000, 0.000000, 0.000000, 1.000000
0.000000, 0.000000, 0.000000, 0.000000, 0.000000, 0.000000, 1.000000
0.000000, 0.000000, 0.000000, 0.000000, 0.000000, 0.000000, 1.000000
0.000000, 0.000000, 0.000000, 0.000000, 0.000000, 0.000000, 1.000000
0.000000, 0.000000, 0.000000, 0.000000, 0.000000, 0.000000, 1.000000
0.000000, 0.000000, 0.000000, 0.000000, 0.000000, 0.000000, 1.000000
0.000000, 0.000000, 0.000000, 0.000000, 0.000000, 0.000000, 1.000000
0.000000, 0.000000, 0.000000, 0.000000, 0.000000, 0.000000, 1.000000
0.000000, 0.000000, 0.000000, 0.000000, 0.000000, 0.000000, 1.000000
0.000000, 0.000000, 0.000000, 0.000000, 0.000000, 0.000000, 1.000000
0.000000, 0.000000, 0.000000, 0.000000, 0.000000, 0.000000, 1.000000
0.000000, 0.000000, 0.000000, 0.000000, 0.000000, 0.000000, 1.000000
0.000000, 0.000000, 0.000000, 0.000000, 0.000000, 0.000000, 1.000000
0.000000, 0.000000, 0.000000, 0.000000, 0.000000, 0.000000, 1.000000
0.000000, 0.000000, 0.000000, 0.000000, 0.000000, 0.000000, 1.000000
0.000000, 0.000000, 0.000000, 0.000000, 0.000000, 0.000000, 1.000000
0.000000, 0.000000, 0.000000, 0.000000, 0.000000, 0.000000, 1.000000
0.000000, 0.000000, 0.000000, 0.000000, 0.000000, 0.000000, 1.000000
0.000000, 0.000000, 0.000000, 0.000000, 0.000000, 0.000000, 1.000000
0.000000, 0.000000, 0.000000, 0.000000, 0.000000, 0.000000, 1.000000
0.000000, 0.000000, 0.000000, 0.000000, 0.000000, 0.000000, 1.000000
0.000000, 0.000000, 0.000000, 0.000000, 0.000000, 0.000000, 1.000000
0.000000, 0.000000, 0.000000, 0.000000, 0.000000, 0.000000, 1.000000
0.000000, 0.000000, 0.000000, 0.000000, 0.000000, 0.000000, 1.000000
0.000000, 0.000000, 0.000000, 0.000000, 0.000000, 0.000000, 1.000000
0.000000, 0.000000, 0.000000, 0.000000, 0.000000, 0.000000, 1.000000
0.000000, 0.000000, 0.000000, 0.000000, 0.000000, 0.000000, 1.000000
0.000000, 0.000000, 0.000000, 0.000000, 0.000000, 0.000000, 1.000000
0.000000, 0.000000, 0.000000, 0.000000, 0.000000, 0.000000, 1.000000
0.000000, 0.000000, 0.000000, 0.000000, 0.000000, 0.000000, 1.000000
0.000000, 0.000000, 0.000000, 0.000000, 0.000000, 0.000000, 1.000000
0.000000, 0.000000, 0.000000, 0.000000, 0.000000, 0.000000, 1.000000
0.000000, 0.000000, 0.000000, 0.000000, 0.000000, 0.000000, 1.000000
0.000000, 0.000000, 0.000000, 0.000000, 0.000000, 0.000000, 1.000000
0.000000, 0.000000, 0.000000, 0.000000, 0.000000, 0.000000, 1.000000
0.000000, 0.000000, 0.000000, 0.000000, 0.000000, 0.000000, 1.000000
0.000000, 0.000000, 0.000000, 0.000000, 0.000000, 0.000000, 1.000000
0.000000, 0.000000, 0.000000, 0.000000, 0.000000, 0.000000, 1.000000
0.000000, 0.000000, 0.000000, 0.000000, 0.000000, 0.000000, 1.000000
0.000000, 0.000000, 0.000000, 0.000000, 0.000000, 0.000000, 1.000000
0.000000, 0.000000, 0.000000, 0.000000, 0.000000, 0.000000, 1.000000
0.000000, 0.000000, 0.000000, 0.000000, 0.000000, 0.000000, 1.000000
0.000000, 0.000000, 0.000000, 0.000000, 0.000000, 0.000000, 1.000000
0.000000, 0.000000, 0.000000, 0.000000, 0.000000, 0.000000, 1.000000
0.000000, 0.000000, 0.000000, 0.000000, 0.000000, 0.000000, 1.000000
0.000000, 0.000000, 0.000000, 0.000000, 0.000000, 0.000000, 1.000000
0.000000, 0.000000, 0.000000, 0.000000, 0.000000, 0.000000, 1.000000
0.000000, 0.000000, 0.000000, 0.000000, 0.000000, 0.000000, 1.000000
0.000000, 0.000000, 0.000000, 0.000000, 0.000000, 0.000000, 1.000000
0.000000, 0.000000, 0.000000, 0.000000, 0.000000, 0.000000, 1.000000
0.000000, 0.000000, 0.000000, 0.000000, 0.000000, 0.000000, 1.000000
0.000000, 0.000000, 0.000000, 0.000000, 0.000000, 0.000000, 1.000000
0.000000, 0.000000, 0.000000, 0.000000, 0.000000, 0.000000, 1.000000
0.000000, 0.000000, 0.000000, 0.000000, 0.000000, 0.000000, 1.000000
0.000000, 0.000000, 0.000000, 0.000000, 0.000000, 0.000000, 1.000000
0.000000, 0.000000, 0.000000, 0.000000, 0.000000, 0.000000, 1.000000
0.000000, 0.000000, 0.000000, 0.000000, 0.000000, 0.000000, 1.000000
0.000000, 0.000000, 0.000000, 0.000000, 0.000000, 0.000000, 1.000000
0.000000, 0.000000, 0.000000, 0.000000, 0.000000, 0.000000, 1.000000
0.000000, 0.000000, 0.000000, 0.000000, 0.000000, 0.000000, 1.000000
0.000000, 0.000000, 0.000000, 0.000000, 0.000000, 0.000000, 1.000000
0.000000, 0.000000, 0.000000, 0.000000, 0.000000, 0.000000, 1.000000
0.000000, 0.000000, 0.000000, 0.000000, 0.000000, 0.000000, 1.000000
0.000000, 0.000000, 0.000000, 0.000000, 0.000000, 0.000000, 1.000000
0.000000, 0.000000, 0.000000, 0.000000, 0.000000, 0.000000, 1.000000
0.000000, 0.000000, 0.000000, 0.000000, 0.000000, 0.000000, 1.000000
0.000000, 0.000000, 0.000000, 0.000000, 0.000000, 0.000000, 1.000000
0.000000, 0.000000, 0.000000, 0.000000, 0.000000, 0.000000, 1.000000
0.000000, 0.000000, 0.000000, 0.000000, 0.000000, 0.000000, 1.000000
0.000000, 0.000000, 0.000000, 0.000000, 0.000000, 0.000000, 1.000000
0.000000, 0.000000, 0.000000, 0.000000, 0.000000, 0.000000, 1.000000
0.000000, 0.000000, 0.000000, 0.000000, 0.000000, 0.000000, 1.000000
0.000000, 0.000000, 0.000000, 0.000000, 0.000000, 0.000000, 1.000000
0.000000, 0.000000, 0.000000, 0.000000, 0.000000, 0.000000, 1.000000
0.000000, 0.000000, 0.000000, 0.000000, 0.000000, 0.000000, 1.000000
0.000000, 0.000000, 0.000000, 0.000000, 0.000000, 0.000000, 1.000000
0.000000, 0.000000, 0.000000, 0.000000, 0.000000, 0.000000, 1.000000
0.000000, 0.000000, 0.000000, 0.000000, 0.000000, 0.000000, 1.000000
0.000000, 0.000000, 0.000000, 0.000000, 0.000000, 0.000000, 1.000000
0.000000, 0.000000, 0.000000, 0.000000, 0.000000, 0.000000, 1.000000
0.000000, 0.000000, 0.000000, 0.000000, 0.000000, 0.000000, 1.000000
0.000000, 0.000000, 0.000000, 0.000000, 0.000000, 0.000000, 1.000000
0.000000, 0.000000, 0.000000, 0.000000, 0.000000, 0.000000, 1.000000
0.000000, 0.000000, 0.000000, 0.000000, 0.000000, 0.000000, 1.000000
0.000000, 0.000000, 0.000000, 0.000000, 0.000000, 0.000000, 1.000000
0.000000, 0.000000, 0.000000, 0.000000, 0.000000, 0.000000, 1.000000
0.000000, 0.000000, 0.000000, 0.000000, 0.000000, 0.000000, 1.000000
0.000000, 0.000000, 0.000000, 0.000000, 0.000000, 0.000000, 1.000000
0.000000, 0.000000, 0.000000, 0.000000, 0.000000, 0.000000, 1.000000
0.000000, 0.000000, 0.000000, 0.000000, 0.000000, 0.000000, 1.000000
0.000000, 0.000000, 0.000000, 0.000000, 0.000000, 0.000000, 1.000000
0.000000, 0.000000, 0.000000, 0.000000, 0.000000, 0.000000, 1.000000
0.000000, 0.000000, 0.000000, 0.000000, 0.000000, 0.000000, 1.000000
0.000000, 0.000000, 0.000000, 0.000000, 0.000000, 0.000000, 1.000000
0.000000, 0.000000, 0.000000, 0.000000, 0.000000, 0.000000, 1.000000
0.000000, 0.000000, 0.000000, 0.000000, 0.000000, 0.000000, 1.000000
0.000000, 0.000000, 0.000000, 0.000000, 0.000000, 0.000000, 1.000000
0.000000, 0.000000, 0.000000, 0.000000, 0.000000, 0.000000, 1.000000
0.000000, 0.000000, 0.000000, 0.000000, 0.000000, 0.000000, 1.000000
0.000000, 0.000000, 0.000000, 0.000000, 0.000000, 0.000000, 1.000000
0.000000, 0.000000, 0.000000, 0.000000, 0.000000, 0.000000, 1.000000
0.000000, 0.000000, 0.000000, 0.000000, 0.000000, 0.000000, 1.000000
0.000000, 0.000000, 0.000000, 0.000000, 0.000000, 0.000000, 1.000000
0.000000, 0.000000, 0.000000, 0.000000, 0.000000, 0.000000, 1.000000
0.000000, 0.000000, 0.000000, 0.000000, 0.000000, 0.000000, 1.000000
0.000000, 0.000000, 0.000000, 0.000000, 0.000000, 0.000000, 1.000000
0.000000, 0.000000, 0.000000, 0.000000, 0.000000, 0.000000, 1.000000
0.000000, 0.000000, 0.000000, 0.000000, 0.000000, 0.000000, 1.000000
0.000000, 0.000000, 0.000000, 0.000000, 0.000000, 0.000000, 1.000000
0.000000, 0.000000, 0.000000, 0.000000, 0.000000, 0.000000, 1.000000
0.000000, 0.000000, 0.000000, 0.000000, 0.000000, 0.000000, 1.000000
0.000000, 0.000000, 0.000000, 0.000000, 0.000000, 0.000000, 1.000000
0.000000, 0.000000, 0.000000, 0.000000, 0.000000, 0.000000, 1.000000
0.000000, 0.000000, 0.000000, 0.000000, 0.000000, 0.000000, 1.000000
0.000000, 0.000000, 0.000000, 0.000000, 0.000000, 0.000000, 1.000000
0.000000, 0.000000, 0.000000, 0.000000, 0.000000, 0.000000, 1.000000
0.000000, 0.000000, 0.000000, 0.000000, 0.000000, 0.000000, 1.000000
0.000000, 0.000000, 0.000000, 0.000000, 0.000000, 0.000000, 1.000000
0.000000, 0.000000, 0.000000, 0.000000, 0.000000, 0.000000, 1.000000
0.000000, 0.000000, 0.000000, 0.000000, 0.000000, 0.000000, 1.000000
0.000000, 0.000000, 0.000000, 0.000000, 0.000000, 0.000000, 1.000000
0.000000, 0.000000, 0.000000, 0.000000, 0.000000, 0.000000, 1.000000
0.000000, 0.000000, 0.000000, 0.000000, 0.000000, 0.000000, 1.000000
0.000000, 0.000000, 0.000000, 0.000000, 0.000000, 0.000000, 1.000000
0.000000, 0.000000, 0.000000, 0.000000, 0.000000, 0.000000, 1.000000
0.000000, 0.000000, 0.000000, 0.000000, 0.000000, 0.000000, 1.000000
0.000000, 0.000000, 0.000000, 0.000000, 0.000000, 0.000000, 1.000000
0.000000, 0.000000, 0.000000, 0.000000, 0.000000, 0.000000, 1.000000
0.000000, 0.000000, 0.000000, 0.000000, 0.000000, 0.000000, 1.000000
0.000000, 0.000000, 0.000000, 0.000000, 0.000000, 0.000000, 1.000000
0.000000, 0.000000, 0.000000, 0.000000, 0.000000, 0.000000, 1.000000
0.000000, 0.000000, 0.000000, 0.000000, 0.000000, 0.000000, 1.000000
0.000000, 0.000000, 0.000000, 0.000000, 0.000000, 0.000000, 1.000000
0.000000, 0.000000, 0.000000, 0.000000, 0.000000, 0.000000, 1.000000
0.000000, 0.000000, 0.000000, 0.000000, 0.000000, 0.000000, 1.000000
0.000000, 0.000000, 0.000000, 0.000000, 0.000000, 0.000000, 1.000000
0.000000, 0.000000, 0.000000, 0.000000, 0.000000, 0.000000, 1.000000
0.000000, 0.000000, 0.000000, 0.000000, 0.000000, 0.000000, 1.000000
0.000000, 0.000000, 0.000000, 0.000000, 0.000000, 0.000000, 1.000000
0.000000, 0.000000, 0.000000, 0.000000, 0.000000, 0.000000, 1.000000
0.000000, 0.000000, 0.000000, 0.000000, 0.000000, 0.000000, 1.000000
0.000000, 0.000000, 0.000000, 0.000000, 0.000000, 0.000000, 1.000000
0.000000, 0.000000, 0.000000, 0.000000, 0.000000, 0.000000, 1.000000
0.000000, 0.000000, 0.000000, 0.000000, 0.000000, 0.000000, 1.000000
0.000000, 0.000000, 0.000000, 0.000000, 0.000000, 0.000000, 1.000000
0.000000, 0.000000, 0.000000, 0.000000, 0.000000, 0.000000, 1.000000
0.000000, 0.000000, 0.000000, 0.000000, 0.000000, 0.000000, 1.000000
0.000000, 0.000000, 0.000000, 0.000000, 0.000000, 0.000000, 1.000000
0.000000, 0.000000, 0.000000, 0.000000, 0.000000, 0.000000, 1.000000
0.000000, 0.000000, 0.000000, 0.000000, 0.000000, 0.000000, 1.000000
0.000000, 0.000000, 0.000000, 0.000000, 0.000000, 0.000000, 1.000000
0.000000, 0.000000, 0.000000, 0.000000, 0.000000, 0.000000, 1.000000
0.000000, 0.000000, 0.000000, 0.000000, 0.000000, 0.000000, 1.000000
0.000000, 0.000000, 0.000000, 0.000000, 0.000000, 0.000000, 1.000000
0.000000, 0.000000, 0.000000, 0.000000, 0.000000, 0.000000, 1.000000
0.000000, 0.000000, 0.000000, 0.000000, 0.000000, 0.000000, 1.000000
0.000000, 0.000000, 0.000000, 0.000000, 0.000000, 0.000000, 1.000000
0.000000, 0.000000, 0.000000, 0.000000, 0.000000, 0.000000, 1.000000
0.000000, 0.000000, 0.000000, 0.000000, 0.000000, 0.000000, 1.000000
0.000000, 0.000000, 0.000000, 0.000000, 0.000000, 0.000000, 1.000000
0.000000, 0.000000, 0.000000, 0.000000, 0.000000, 0.000000, 1.000000
0.000000, 0.000000, 0.000000, 0.000000, 0.000000, 0.000000, 1.000000
0.000000, 0.000000, 0.000000, 0.000000, 0.000000, 0.000000, 1.000000
0.000000, 0.000000, 0.000000, 0.000000, 0.000000, 0.000000, 1.000000
0.000000, 0.000000, 0.000000, 0.000000, 0.000000, 0.000000, 1.000000
0.000000, 0.000000, 0.000000, 0.000000, 0.000000, 0.000000, 1.000000
0.000000, 0.000000, 0.000000, 0.000000, 0.000000, 0.000000, 1.000000
0.000000, 0.000000, 0.000000, 0.000000, 0.000000, 0.000000, 1.000000
0.000000, 0.000000, 0.000000, 0.000000, 0.000000, 0.000000, 1.000000
0.000000, 0.000000, 0.000000, 0.000000, 0.000000, 0.000000, 1.000000
0.000000, 0.000000, 0.000000, 0.000000, 0.000000, 0.000000, 1.000000
0.000000, 0.000000, 0.000000, 0.000000, 0.000000, 0.000000, 1.000000
0.000000, 0.000000, 0.000000, 0.000000, 0.000000, 0.000000, 1.000000
0.000000, 0.000000, 0.000000, 0.000000, 0.000000, 0.000000, 1.000000
0.000000, 0.000000, 0.000000, 0.000000, 0.000000, 0.000000, 1.000000
0.000000, 0.000000, 0.000000, 0.000000, 0.000000, 0.000000, 1.000000
0.000000, 0.000000, 0.000000, 0.000000, 0.000000, 0.000000, 1.000000
0.000000, 0.000000, 0.000000, 0.000000, 0.000000, 0.000000, 1.000000
0.000000, 0.000000, 0.000000, 0.000000, 0.000000, 0.000000, 1.000000
0.000000, 0.000000, 0.000000, 0.000000, 0.000000, 0.000000, 1.000000
0.000000, 0.000000, 0.000000, 0.000000, 0.000000, 0.000000, 1.000000
0.000000, 0.000000, 0.000000, 0.000000, 0.000000, 0.000000, 1.000000
0.000000, 0.000000, 0.000000, 0.000000, 0.000000, 0.000000, 1.000000
0.000000, 0.000000, 0.000000, 0.000000, 0.000000, 0.000000, 1.000000
0.000000, 0.000000, 0.000000, 0.000000, 0.000000, 0.000000, 1.000000
0.000000, 0.000000, 0.000000, 0.000000, 0.000000, 0.000000, 1.000000
0.000000, 0.000000, 0.000000, 0.000000, 0.000000, 0.000000, 1.000000
0.000000, 0.000000, 0.000000, 0.000000, 0.000000, 0.000000, 1.000000
0.000000, 0.000000, 0.000000, 0.000000, 0.000000, 0.000000, 1.000000
0.000000, 0.000000, 0.000000, 0.000000, 0.000000, 0.000000, 1.000000
0.000000, 0.000000, 0.000000, 0.000000, 0.000000, 0.000000, 1.000000
0.000000, 0.000000, 0.000000, 0.000000, 0.000000, 0.000000, 1.000000
0.000000, 0.000000, 0.000000, 0.000000, 0.000000, 0.000000, 1.000000
0.000000, 0.000000, 0.000000, 0.000000, 0.000000, 0.000000, 1.000000
0.000000, 0.000000, 0.000000, 0.000000, 0.000000, 0.000000, 1.000000
0.000000, 0.000000, 0.000000, 0.000000, 0.000000, 0.000000, 1.000000
0.000000, 0.000000, 0.000000, 0.000000, 0.000000, 0.000000, 1.000000
0.000000, 0.000000, 0.000000, 0.000000, 0.000000, 0.000000, 1.000000
0.000000, 0.000000, 0.000000, 0.000000, 0.000000, 0.000000, 1.000000
0.000000, 0.000000, 0.000000, 0.000000, 0.000000, 0.000000, 1.000000
0.000000, 0.000000, 0.000000, 0.000000, 0.000000, 0.000000, 1.000000
0.000000, 0.000000, 0.000000, 0.000000, 0.000000, 0.000000, 1.000000
0.000000, 0.000000, 0.000000, 0.000000, 0.000000, 0.000000, 1.000000
0.000000, 0.000000, 0.000000, 0.000000, 0.000000, 0.000000, 1.000000
0.000000, 0.000000, 0.000000, 0.000000, 0.000000, 0.000000, 1.000000
0.000000, 0.000000, 0.000000, 0.000000, 0.000000, 0.000000, 1.000000
0.000000, 0.000000, 0.000000, 0.000000, 0.000000, 0.000000, 1.000000
0.000000, 0.000000, 0.000000, 0.000000, 0.000000, 0.000000, 1.000000
0.000000, 0.000000, 0.000000, 0.000000, 0.000000, 0.000000, 1.000000
0.000000, 0.000000, 0.000000, 0.000000, 0.000000, 0.000000, 1.000000
0.000000, 0.000000, 0.000000, 0.000000, 0.000000, 0.000000, 1.000000
0.000000, 0.000000, 0.000000, 0.000000, 0.000000, 0.000000, 1.000000
0.000000, 0.000000, 0.000000, 0.000000, 0.000000, 0.000000, 1.000000
0.000000, 0.000000, 0.000000, 0.000000, 0.000000, 0.000000, 1.000000
0.000000, 0.000000, 0.000000, 0.000000, 0.000000, 0.000000, 1.000000
0.000000, 0.000000, 0.000000, 0.000000, 0.000000, 0.000000, 1.000000
0.000000, 0.000000, 0.000000, 0.000000, 0.000000, 0.000000, 1.000000
0.000000, 0.000000, 0.000000, 0.000000, 0.000000, 0.000000, 1.000000
0.000000, 0.000000, 0.000000, 0.000000, 0.000000, 0.000000, 1.000000
0.000000, 0.000000, 0.000000, 0.000000, 0.000000, 0.000000, 1.000000
0.000000, 0.000000, 0.000000, 0.000000, 0.000000, 0.000000, 1.000000
0.000000, 0.000000, 0.000000, 0.000000, 0.000000, 0.000000, 1.000000
0.000000, 0.000000, 0.000000, 0.000000, 0.000000, 0.000000, 1.000000
0.000000, 0.000000, 0.000000, 0.000000, 0.000000, 0.000000, 1.000000
0.000000, 0.000000, 0.000000, 0.000000, 0.000000, 0.000000, 1.000000
0.000000, 0.000000, 0.000000, 0.000000, 0.000000, 0.000000, 1.000000
0.000000, 0.000000, 0.000000, 0.000000, 0.000000, 0.000000, 1.000000
0.000000, 0.000000, 0.000000, 0.000000, 0.000000, 0.000000, 1.000000
0.000000, 0.000000, 0.000000, 0.000000, 0.000000, 0.000000, 1.000000
0.000000, 0.000000, 0.000000, 0.000000, 0.000000, 0.000000, 1.000000
0.000000, 0.000000, 0.000000, 0.000000, 0.000000, 0.000000, 1.000000
0.000000, 0.000000, 0.000000, 0.000000, 0.000000, 0.000000, 1.000000
0.000000, 0.000000, 0.000000, 0.000000, 0.000000, 0.000000, 1.000000
0.000000, 0.000000, 0.000000, 0.000000, 0.000000, 0.000000, 1.000000
0.000000, 0.000000, 0.000000, 0.000000, 0.000000, 0.000000, 1.000000
0.000000, 0.000000, 0.000000, 0.000000, 0.000000, 0.000000, 1.000000
0.000000, 0.000000, 0.000000, 0.000000, 0.000000, 0.000000, 1.000000
0.000000, 0.000000, 0.000000, 0.000000, 0.000000, 0.000000, 1.000000
0.000000, 0.000000, 0.000000, 0.000000, 0.000000, 0.000000, 1.000000
0.000000, 0.000000, 0.000000, 0.000000, 0.000000, 0.000000, 1.000000
0.000000, 0.000000, 0.000000, 0.000000, 0.000000, 0.000000, 1.000000
0.000000, 0.000000, 0.000000, 0.000000, 0.000000, 0.000000, 1.000000
0.000000, 0.000000, 0.000000, 0.000000, 0.000000, 0.000000, 1.000000
0.000000, 0.000000, 0.000000, 0.000000, 0.000000, 0.000000, 1.000000
0.000000, 0.000000, 0.000000, 0.000000, 0.000000, 0.000000, 1.000000
0.000000, 0.000000, 0.000000, 0.000000, 0.000000, 0.000000, 1.000000
0.000000, 0.000000, 0.000000, 0.000000, 0.000000, 0.000000, 1.000000
0.000000, 0.000000, 0.000000, 0.000000, 0.000000, 0.000000, 1.000000
0.000000, 0.000000, 0.000000, 0.000000, 0.000000, 0.000000, 1.000000
0.000000, 0.000000, 0.000000, 0.000000, 0.000000, 0.000000, 1.000000
0.000000, 0.000000, 0.000000, 0.000000, 0.000000, 0.000000, 1.000000
0.000000, 0.000000, 0.000000, 0.000000, 0.000000, 0.000000, 1.000000
0.000000, 0.000000, 0.000000, 0.000000, 0.000000, 0.000000, 1.000000
0.000000, 0.000000, 0.000000, 0.000000, 0.000000, 0.000000, 1.000000
0.000000, 0.000000, 0.000000, 0.000000, 0.000000, 0.000000, 1.000000
0.000000, 0.000000, 0.000000, 0.000000, 0.000000, 0.000000, 1.000000
0.000000, 0.000000, 0.000000, 0.000000, 0.000000, 0.000000, 1.000000
0.000000, 0.000000, 0.000000, 0.000000, 0.000000, 0.000000, 1.000000
0.000000, 0.000000, 0.000000, 0.000000, 0.000000, 0.000000, 1.000000
0.000000, 0.000000, 0.000000, 0.000000, 0.000000, 0.000000, 1.000000
0.000000, 0.000000, 0.000000, 0.000000, 0.000000, 0.000000, 1.000000
0.000000, 0.000000, 0.000000, 0.000000, 0.000000, 0.000000, 1.000000
0.000000, 0.000000, 0.000000, 0.000000, 0.000000, 0.000000, 1.000000
0.000000, 0.000000, 0.000000, 0.000000, 0.000000, 0.000000, 1.000000
0.000000, 0.000000, 0.000000, 0.000000, 0.000000, 0.000000, 1.000000
0.000000, 0.000000, 0.000000, 0.000000, 0.000000, 0.000000, 1.000000
0.000000, 0.000000, 0.000000, 0.000000, 0.000000, 0.000000, 1.000000
0.000000, 0.000000, 0.000000, 0.000000, 0.000000, 0.000000, 1.000000
0.000000, 0.000000, 0.000000, 0.000000, 0.000000, 0.000000, 1.000000
0.000000, 0.000000, 0.000000, 0.000000, 0.000000, 0.000000, 1.000000
0.000000, 0.000000, 0.000000, 0.000000, 0.000000, 0.000000, 1.000000
0.000000, 0.000000, 0.000000, 0.000000, 0.000000, 0.000000, 1.000000
0.000000, 0.000000, 0.000000, 0.000000, 0.000000, 0.000000, 1.000000
0.000000, 0.000000, 0.000000, 0.000000, 0.000000, 0.000000, 1.000000
0.000000, 0.000000, 0.000000, 0.000000, 0.000000, 0.000000, 1.000000
0.000000, 0.000000, 0.000000, 0.000000, 0.000000, 0.000000, 1.000000
0.000000, 0.000000, 0.000000, 0.000000, 0.000000, 0.000000, 1.000000
0.000000, 0.000000, 0.000000, 0.000000, 0.000000, 0.000000, 1.000000
0.000000, 0.000000, 0.000000, 0.000000, 0.000000, 0.000000, 1.000000
0.000000, 0.000000, 0.000000, 0.000000, 0.000000, 0.000000, 1.000000
0.000000, 0.000000, 0.000000, 0.000000, 0.000000, 0.000000, 1.000000
0.000000, 0.000000, 0.000000, 0.000000, 0.000000, 0.000000, 1.000000
0.000000, 0.000000, 0.000000, 0.000000, 0.000000, 0.000000, 1.000000
0.000000, 0.000000, 0.000000, 0.000000, 0.000000, 0.000000, 1.000000
0.000000, 0.000000, 0.000000, 0.000000, 0.000000, 0.000000, 1.000000
0.000000, 0.000000, 0.000000, 0.000000, 0.000000, 0.000000, 1.000000
0.000000, 0.000000, 0.000000, 0.000000, 0.000000, 0.000000, 1.000000
0.000000, 0.000000, 0.000000, 0.000000, 0.000000, 0.000000, 1.000000
0.000000, 0.000000, 0.000000, 0.000000, 0.000000, 0.000000, 1.000000
0.000000, 0.000000, 0.000000, 0.000000, 0.000000, 0.000000, 1.000000
0.000000, 0.000000, 0.000000, 0.000000, 0.000000, 0.000000, 1.000000
0.000000, 0.000000, 0.000000, 0.000000, 0.000000, 0.000000, 1.000000
0.000000, 0.000000, 0.000000, 0.000000, 0.000000, 0.000000, 1.000000
0.000000, 0.000000, 0.000000, 0.000000, 0.000000, 0.000000, 1.000000
0.000000, 0.000000, 0.000000, 0.000000, 0.000000, 0.000000, 1.000000
0.000000, 0.000000, 0.000000, 0.000000, 0.000000, 0.000000, 1.000000
0.000000, 0.000000, 0.000000, 0.000000, 0.000000, 0.000000, 1.000000
0.000000, 0.000000, 0.000000, 0.000000, 0.000000, 0.000000, 1.000000
0.000000, 0.000000, 0.000000, 0.000000, 0.000000, 0.000000, 1.000000
0.000000, 0.000000, 0.000000, 0.000000, 0.000000, 0.000000, 1.000000
0.000000, 0.000000, 0.000000, 0.000000, 0.000000, 0.000000, 1.000000
0.000000, 0.000000, 0.000000, 0.000000, 0.000000, 0.000000, 1.000000
0.000000, 0.000000, 0.000000, 0.000000, 0.000000, 0.000000, 1.000000
0.000000, 0.000000, 0.000000, 0.000000, 0.000000, 0.000000, 1.000000
0.000000, 0.000000, 0.000000, 0.000000, 0.000000, 0.000000, 1.000000
0.000000, 0.000000, 0.000000, 0.000000, 0.000000, 0.000000, 1.000000
0.000000, 0.000000, 0.000000, 0.000000, 0.000000, 0.000000, 1.000000
0.000000, 0.000000, 0.000000, 0.000000, 0.000000, 0.000000, 1.000000
0.000000, 0.000000, 0.000000, 0.000000, 0.000000, 0.000000, 1.000000
0.000000, 0.000000, 0.000000, 0.000000, 0.000000, 0.000000, 1.000000
0.000000, 0.000000, 0.000000, 0.000000, 0.000000, 0.000000, 1.000000
0.000000, 0.000000, 0.000000, 0.000000, 0.000000, 0.000000, 1.000000
0.000000, 0.000000, 0.000000, 0.000000, 0.000000, 0.000000, 1.000000
0.000000, 0.000000, 0.000000, 0.000000, 0.000000, 0.000000, 1.000000
0.000000, 0.000000, 0.000000, 0.000000, 0.000000, 0.000000, 1.000000
0.000000, 0.000000, 0.000000, 0.000000, 0.000000, 0.000000, 1.000000
0.000000, 0.000000, 0.000000, 0.000000, 0.000000, 0.000000, 1.000000
0.000000, 0.000000, 0.000000, 0.000000, 0.000000, 0.000000, 1.000000
0.000000, 0.000000, 0.000000, 0.000000, 0.000000, 0.000000, 1.000000
0.000000, 0.000000, 0.000000, 0.000000, 0.000000, 0.000000, 1.000000
0.000000, 0.000000, 0.000000, 0.000000, 0.000000, 0.000000, 1.000000
0.000000, 0.000000, 0.000000, 0.000000, 0.000000, 0.000000, 1.000000
0.000000, 0.000000, 0.000000, 0.000000, 0.000000, 0.000000, 1.000000
0.000000, 0.000000, 0.000000, 0.000000, 0.000000, 0.000000, 1.000000
0.000000, 0.000000, 0.000000, 0.000000, 0.000000, 0.000000, 1.000000
0.000000, 0.000000, 0.000000, 0.000000, 0.000000, 0.000000, 1.000000
0.000000, 0.000000, 0.000000, 0.000000, 0.000000, 0.000000, 1.000000
0.000000, 0.000000, 0.000000, 0.000000, 0.000000, 0.000000, 1.000000
0.000000, 0.000000, 0.000000, 0.000000, 0.000000, 0.000000, 1.000000
0.000000, 0.000000, 0.000000, 0.000000, 0.000000, 0.000000, 1.000000
0.000000, 0.000000, 0.000000, 0.000000, 0.000000, 0.000000, 1.000000
0.000000, 0.000000, 0.000000, 0.000000, 0.000000, 0.000000, 1.000000
0.000000, 0.000000, 0.000000, 0.000000, 0.000000, 0.000000, 1.000000
0.000000, 0.000000, 0.000000, 0.000000, 0.000000, 0.000000, 1.000000
0.000000, 0.000000, 0.000000, 0.000000, 0.000000, 0.000000, 1.000000
0.000000, 0.000000, 0.000000, 0.000000, 0.000000, 0.000000, 1.000000
0.000000, 0.000000, 0.000000, 0.000000, 0.000000, 0.000000, 1.000000
0.000000, 0.000000, 0.000000, 0.000000, 0.000000, 0.000000, 1.000000
0.000000, 0.000000, 0.000000, 0.000000, 0.000000, 0.000000, 1.000000
0.000000, 0.000000, 0.000000, 0.000000, 0.000000, 0.000000, 1.000000
0.000000, 0.000000, 0.000000, 0.000000, 0.000000, 0.000000, 1.000000
0.000000, 0.000000, 0.000000, 0.000000, 0.000000, 0.000000, 1.000000
0.000000, 0.000000, 0.000000, 0.000000, 0.000000, 0.000000, 1.000000
0.000000, 0.000000, 0.000000, 0.000000, 0.000000, 0.000000, 1.000000
0.000000, 0.000000, 0.000000, 0.000000, 0.000000, 0.000000, 1.000000
0.000000, 0.000000, 0.000000, 0.000000, 0.000000, 0.000000, 1.000000
0.000000, 0.000000, 0.000000, 0.000000, 0.000000, 0.000000, 1.000000
0.000000, 0.000000, 0.000000, 0.000000, 0.000000, 0.000000, 1.000000
0.000000, 0.000000, 0.000000, 0.000000, 0.000000, 0.000000, 1.000000
0.000000, 0.000000, 0.000000, 0.000000, 0.000000, 0.000000, 1.000000
0.000000, 0.000000, 0.000000, 0.000000, 0.000000, 0.000000, 1.000000
0.000000, 0.000000, 0.000000, 0.000000, 0.000000, 0.000000, 1.000000
0.000000, 0.000000, 0.000000, 0.000000, 0.000000, 0.000000, 1.000000
0.000000, 0.000000, 0.000000, 0.000000, 0.000000, 0.000000, 1.000000
0.000000, 0.000000, 0.000000, 0.000000, 0.000000, 0.000000, 1.000000
0.000000, 0.000000, 0.000000, 0.000000, 0.000000, 0.000000, 1.000000
0.000000, 0.000000, 0.000000, 0.000000, 0.000000, 0.000000, 1.000000
0.000000, 0.000000, 0.000000, 0.000000, 0.000000, 0.000000, 1.000000
0.000000, 0.000000, 0.000000, 0.000000, 0.000000, 0.000000, 1.000000
0.000000, 0.000000, 0.000000, 0.000000, 0.000000, 0.000000, 1.000000
0.000000, 0.000000, 0.000000, 0.000000, 0.000000, 0.000000, 1.000000
0.000000, 0.000000, 0.000000, 0.000000, 0.000000, 0.000000, 1.000000
0.000000, 0.000000, 0.000000, 0.000000, 0.000000, 0.000000, 1.000000
0.000000, 0.000000, 0.000000, 0.000000, 0.000000, 0.000000, 1.000000
0.000000, 0.000000, 0.000000, 0.000000, 0.000000, 0.000000, 1.000000
0.000000, 0.000000, 0.000000, 0.000000, 0.000000, 0.000000, 1.000000
0.000000, 0.000000, 0.000000, 0.000000, 0.000000, 0.000000, 1.000000
0.000000, 0.000000, 0.000000, 0.000000, 0.000000, 0.000000, 1.000000
0.000000, 0.000000, 0.000000, 0.000000, 0.000000, 0.000000, 1.000000
0.000000, 0.000000, 0.000000, 0.000000, 0.000000, 0.000000, 1.000000
0.000000, 0.000000, 0.000000, 0.000000, 0.000000, 0.000000, 1.000000
0.000000, 0.000000, 0.000000, 0.000000, 0.000000, 0.000000, 1.000000
0.000000, 0.000000, 0.000000, 0.000000, 0.000000, 0.000000, 1.000000
0.000000, 0.000000, 0.000000, 0.000000, 0.000000, 0.000000, 1.000000
0.000000, 0.000000, 0.000000, 0.000000, 0.000000, 0.000000, 1.000000
0.000000, 0.000000, 0.000000, 0.000000, 0.000000, 0.000000, 1.000000
0.000000, 0.000000, 0.000000, 0.000000, 0.000000, 0.000000, 1.000000
0.000000, 0.000000, 0.000000, 0.000000, 0.000000, 0.000000, 1.000000
0.000000, 0.000000, 0.000000, 0.000000, 0.000000, 0.000000, 1.000000
0.000000, 0.000000, 0.000000, 0.000000, 0.000000, 0.000000, 1.000000
0.000000, 0.000000, 0.000000, 0.000000, 0.000000, 0.000000, 1.000000
0.000000, 0.000000, 0.000000, 0.000000, 0.000000, 0.000000, 1.000000
0.000000, 0.000000, 0.000000, 0.000000, 0.000000, 0.000000, 1.000000
0.000000, 0.000000, 0.000000, 0.000000, 0.000000, 0.000000, 1.000000
0.000000, 0.000000, 0.000000, 0.000000, 0.000000, 0.000000, 1.000000
0.000000, 0.000000, 0.000000, 0.000000, 0.000000, 0.000000, 1.000000
0.000000, 0.000000, 0.000000, 0.000000, 0.000000, 0.000000, 1.000000
0.000000, 0.000000, 0.000000, 0.000000, 0.000000, 0.000000, 1.000000
0.000000, 0.000000, 0.000000, 0.000000, 0.000000, 0.000000, 1.000000
0.000000, 0.000000, 0.000000, 0.000000, 0.000000, 0.000000, 1.000000
0.000000, 0.000000, 0.000000, 0.000000, 0.000000, 0.000000, 1.000000
0.000000, 0.000000, 0.000000, 0.000000, 0.000000, 0.000000, 1.000000
0.000000, 0.000000, 0.000000, 0.000000, 0.000000, 0.000000, 1.000000
0.000000, 0.000000, 0.000000, 0.000000, 0.000000, 0.000000, 1.000000
0.000000, 0.000000, 0.000000, 0.000000, 0.000000, 0.000000, 1.000000
0.000000, 0.000000, 0.000000, 0.000000, 0.000000, 0.000000, 1.000000
0.000000, 0.000000, 0.000000, 0.000000, 0.000000, 0.000000, 1.000000
0.000000, 0.000000, 0.000000, 0.000000, 0.000000, 0.000000, 1.000000
0.000000, 0.000000, 0.000000, 0.000000, 0.000000, 0.000000, 1.000000
0.000000, 0.000000, 0.000000, 0.000000, 0.000000, 0.000000, 1.000000
0.000000, 0.000000, 0.000000, 0.000000, 0.000000, 0.000000, 1.000000
0.000000, 0.000000, 0.000000, 0.000000, 0.000000, 0.000000, 1.000000
0.000000, 0.000000, 0.000000, 0.000000, 0.000000, 0.000000, 1.000000
0.000000, 0.000000, 0.000000, 0.000000, 0.000000, 0.000000, 1.000000
0.000000, 0.000000, 0.000000, 0.000000, 0.000000, 0.000000, 1.000000
0.000000, 0.000000, 0.000000, 0.000000, 0.000000, 0.000000, 1.000000
0.000000, 0.000000, 0.000000, 0.000000, 0.000000, 0.000000, 1.000000
0.000000, 0.000000, 0.000000, 0.000000, 0.000000, 0.000000, 1.000000
0.000000, 0.000000, 0.000000, 0.000000, 0.000000, 0.000000, 1.000000
0.000000, 0.000000, 0.000000, 0.000000, 0.000000, 0.000000, 1.000000
0.000000, 0.000000, 0.000000, 0.000000, 0.000000, 0.000000, 1.000000
0.000000, 0.000000, 0.000000, 0.000000, 0.000000, 0.000000, 1.000000
0.000000, 0.000000, 0.000000, 0.000000, 0.000000, 0.000000, 1.000000
0.000000, 0.000000, 0.000000, 0.000000, 0.000000, 0.000000, 1.000000
0.000000, 0.000000, 0.000000, 0.000000, 0.000000, 0.000000, 1.000000
0.000000, 0.000000, 0.000000, 0.000000, 0.000000, 0.000000, 1.000000
0.000000, 0.000000, 0.000000, 0.000000, 0.000000, 0.000000, 1.000000
0.000000, 0.000000, 0.000000, 0.000000, 0.000000, 0.000000, 1.000000
0.000000, 0.000000, 0.000000, 0.000000, 0.000000, 0.000000, 1.000000
0.000000, 0.000000, 0.000000, 0.000000, 0.000000, 0.000000, 1.000000
0.000000, 0.000000, 0.000000, 0.000000, 0.000000, 0.000000, 1.000000
0.000000, 0.000000, 0.000000, 0.000000, 0.000000, 0.000000, 1.000000
0.000000, 0.000000, 0.000000, 0.000000, 0.000000, 0.000000, 1.000000
0.000000, 0.000000, 0.000000, 0.000000, 0.000000, 0.000000, 1.000000
0.000000, 0.000000, 0.000000, 0.000000, 0.000000, 0.000000, 1.000000
0.000000, 0.000000, 0.000000, 0.000000, 0.000000, 0.000000, 1.000000
0.000000, 0.000000, 0.000000, 0.000000, 0.000000, 0.000000, 1.000000
0.000000, 0.000000, 0.000000, 0.000000, 0.000000, 0.000000, 1.000000
0.000000, 0.000000, 0.000000, 0.000000, 0.000000, 0.000000, 1.000000
0.000000, 0.000000, 0.000000, 0.000000, 0.000000, 0.000000, 1.000000
0.000000, 0.000000, 0.000000, 0.000000, 0.000000, 0.000000, 1.000000
0.000000, 0.000000, 0.000000, 0.000000, 0.000000, 0.000000, 1.000000
0.000000, 0.000000, 0.000000, 0.000000, 0.000000, 0.000000, 1.000000
0.000000, 0.000000, 0.000000, 0.000000, 0.000000, 0.000000, 1.000000
0.000000, 0.000000, 0.000000, 0.000000, 0.000000, 0.000000, 1.000000
0.000000, 0.000000, 0.000000, 0.000000, 0.000000, 0.000000, 1.000000
0.000000, 0.000000, 0.000000, 0.000000, 0.000000, 0.000000, 1.000000
0.000000, 0.000000, 0.000000, 0.000000, 0.000000, 0.000000, 1.000000
0.000000, 0.000000, 0.000000, 0.000000, 0.000000, 0.000000, 1.000000
0.000000, 0.000000, 0.000000, 0.000000, 0.000000, 0.000000, 1.000000
0.000000, 0.000000, 0.000000, 0.000000, 0.000000, 0.000000, 1.000000
0.000000, 0.000000, 0.000000, 0.000000, 0.000000, 0.000000, 1.000000
0.000000, 0.000000, 0.000000, 0.000000, 0.000000, 0.000000, 1.000000
0.000000, 0.000000, 0.000000, 0.000000, 0.000000, 0.000000, 1.000000
0.000000, 0.000000, 0.000000, 0.000000, 0.000000, 0.000000, 1.000000
0.000000, 0.000000, 0.000000, 0.000000, 0.000000, 0.000000, 1.000000
0.000000, 0.000000, 0.000000, 0.000000, 0.000000, 0.000000, 1.000000
0.000000, 0.000000, 0.000000, 0.000000, 0.000000, 0.000000, 1.000000
0.000000, 0.000000, 0.000000, 0.000000, 0.000000, 0.000000, 1.000000
0.000000, 0.000000, 0.000000, 0.000000, 0.000000, 0.000000, 1.000000
0.000000, 0.000000, 0.000000, 0.000000, 0.000000, 0.000000, 1.000000
0.000000, 0.000000, 0.000000, 0.000000, 0.000000, 0.000000, 1.000000
0.000000, 0.000000, 0.000000, 0.000000, 0.000000, 0.000000, 1.000000
0.000000, 0.000000, 0.000000, 0.000000, 0.000000, 0.000000, 1.000000
0.000000, 0.000000, 0.000000, 0.000000, 0.000000, 0.000000, 1.000000
0.000000, 0.000000, 0.000000, 0.000000, 0.000000, 0.000000, 1.000000
0.000000, 0.000000, 0.000000, 0.000000, 0.000000, 0.000000, 1.000000
0.000000, 0.000000, 0.000000, 0.000000, 0.000000, 0.000000, 1.000000
0.000000, 0.000000, 0.000000, 0.000000, 0.000000, 0.000000, 1.000000
0.000000, 0.000000, 0.000000, 0.000000, 0.000000, 0.000000, 1.000000
0.000000, 0.000000, 0.000000, 0.000000, 0.000000, 0.000000, 1.000000
0.000000, 0.000000, 0.000000, 0.000000, 0.000000, 0.000000, 1.000000
0.000000, 0.000000, 0.000000, 0.000000, 0.000000, 0.000000, 1.000000
0.000000, 0.000000, 0.000000, 0.000000, 0.000000, 0.000000, 1.000000
0.000000, 0.000000, 0.000000, 0.000000, 0.000000, 0.000000, 1.000000
0.000000, 0.000000, 0.000000, 0.000000, 0.000000, 0.000000, 1.000000
0.000000, 0.000000, 0.000000, 0.000000, 0.000000, 0.000000, 1.000000
0.000000, 0.000000, 0.000000, 0.000000, 0.000000, 0.000000, 1.000000
0.000000, 0.000000, 0.000000, 0.000000, 0.000000, 0.000000, 1.000000
0.000000, 0.000000, 0.000000, 0.000000, 0.000000, 0.000000, 1.000000
0.000000, 0.000000, 0.000000, 0.000000, 0.000000, 0.000000, 1.000000
0.000000, 0.000000, 0.000000, 0.000000, 0.000000, 0.000000, 1.000000
0.000000, 0.000000, 0.000000, 0.000000, 0.000000, 0.000000, 1.000000
0.000000, 0.000000, 0.000000, 0.000000, 0.000000, 0.000000, 1.000000
0.000000, 0.000000, 0.000000, 0.000000, 0.000000, 0.000000, 1.000000
0.000000, 0.000000, 0.000000, 0.000000, 0.000000, 0.000000, 1.000000
0.000000, 0.000000, 0.000000, 0.000000, 0.000000, 0.000000, 1.000000
0.000000, 0.000000, 0.000000, 0.000000, 0.000000, 0.000000, 1.000000
0.000000, 0.000000, 0.000000, 0.000000, 0.000000, 0.000000, 1.000000
0.000000, 0.000000, 0.000000, 0.000000, 0.000000, 0.000000, 1.000000
0.000000, 0.000000, 0.000000, 0.000000, 0.000000, 0.000000, 1.000000
0.000000, 0.000000, 0.000000, 0.000000, 0.000000, 0.000000, 1.000000
0.000000, 0.000000, 0.000000, 0.000000, 0.000000, 0.000000, 1.000000
0.000000, 0.000000, 0.000000, 0.000000, 0.000000, 0.000000, 1.000000
0.000000, 0.000000, 0.000000, 0.000000, 0.000000, 0.000000, 1.000000
0.000000, 0.000000, 0.000000, 0.000000, 0.000000, 0.000000, 1.000000
0.000000, 0.000000, 0.000000, 0.000000, 0.000000, 0.000000, 1.000000
0.000000, 0.000000, 0.000000, 0.000000, 0.000000, 0.000000, 1.000000
0.000000, 0.000000, 0.000000, 0.000000, 0.000000, 0.000000, 1.000000
0.000000, 0.000000, 0.000000, 0.000000, 0.000000, 0.000000, 1.000000
0.000000, 0.000000, 0.000000, 0.000000, 0.000000, 0.000000, 1.000000
0.000000, 0.000000, 0.000000, 0.000000, 0.000000, 0.000000, 1.000000
0.000000, 0.000000, 0.000000, 0.000000, 0.000000, 0.000000, 1.000000
0.000000, 0.000000, 0.000000, 0.000000, 0.000000, 0.000000, 1.000000
0.000000, 0.000000, 0.000000, 0.000000, 0.000000, 0.000000, 1.000000
0.000000, 0.000000, 0.000000, 0.000000, 0.000000, 0.000000, 1.000000
0.000000, 0.000000, 0.000000, 0.000000, 0.000000, 0.000000, 1.000000
0.000000, 0.000000, 0.000000, 0.000000, 0.000000, 0.000000, 1.000000
0.000000, 0.000000, 0.000000, 0.000000, 0.000000, 0.000000, 1.000000
0.000000, 0.000000, 0.000000, 0.000000, 0.000000, 0.000000, 1.000000
0.000000, 0.000000, 0.000000, 0.000000, 0.000000, 0.000000, 1.000000
0.000000, 0.000000, 0.000000, 0.000000, 0.000000, 0.000000, 1.000000
0.000000, 0.000000, 0.000000, 0.000000, 0.000000, 0.000000, 1.000000
0.000000, 0.000000, 0.000000, 0.000000, 0.000000, 0.000000, 1.000000
0.000000, 0.000000, 0.000000, 0.000000, 0.000000, 0.000000, 1.000000
0.000000, 0.000000, 0.000000, 0.000000, 0.000000, 0.000000, 1.000000
0.000000, 0.000000, 0.000000, 0.000000, 0.000000, 0.000000, 1.000000
0.000000, 0.000000, 0.000000, 0.000000, 0.000000, 0.000000, 1.000000
0.000000, 0.000000, 0.000000, 0.000000, 0.000000, 0.000000, 1.000000
0.000000, 0.000000, 0.000000, 0.000000, 0.000000, 0.000000, 1.000000
0.000000, 0.000000, 0.000000, 0.000000, 0.000000, 0.000000, 1.000000
0.000000, 0.000000, 0.000000, 0.000000, 0.000000, 0.000000, 1.000000
0.000000, 0.000000, 0.000000, 0.000000, 0.000000, 0.000000, 1.000000
0.000000, 0.000000, 0.000000, 0.000000, 0.000000, 0.000000, 1.000000
0.000000, 0.000000, 0.000000, 0.000000, 0.000000, 0.000000, 1.000000
0.000000, 0.000000, 0.000000, 0.000000, 0.000000, 0.000000, 1.000000
0.000000, 0.000000, 0.000000, 0.000000, 0.000000, 0.000000, 1.000000
0.000000, 0.000000, 0.000000, 0.000000, 0.000000, 0.000000, 1.000000
0.000000, 0.000000, 0.000000, 0.000000, 0.000000, 0.000000, 1.000000
0.000000, 0.000000, 0.000000, 0.000000, 0.000000, 0.000000, 1.000000
0.000000, 0.000000, 0.000000, 0.000000, 0.000000, 0.000000, 1.000000
0.000000, 0.000000, 0.000000, 0.000000, 0.000000, 0.000000, 1.000000
0.000000, 0.000000, 0.000000, 0.000000, 0.000000, 0.000000, 1.000000
0.000000, 0.000000, 0.000000, 0.000000, 0.000000, 0.000000, 1.000000
0.000000, 0.000000, 0.000000, 0.000000, 0.000000, 0.000000, 1.000000
0.000000, 0.000000, 0.000000, 0.000000, 0.000000, 0.000000, 1.000000
0.000000, 0.000000, 0.000000, 0.000000, 0.000000, 0.000000, 1.000000
0.000000, 0.000000, 0.000000, 0.000000, 0.000000, 0.000000, 1.000000
0.000000, 0.000000, 0.000000, 0.000000, 0.000000, 0.000000, 1.000000
0.000000, 0.000000, 0.000000, 0.000000, 0.000000, 0.000000, 1.000000
0.000000, 0.000000, 0.000000, 0.000000, 0.000000, 0.000000, 1.000000
0.000000, 0.000000, 0.000000, 0.000000, 0.000000, 0.000000, 1.000000
0.000000, 0.000000, 0.000000, 0.000000, 0.000000, 0.000000, 1.000000
0.000000, 0.000000, 0.000000, 0.000000, 0.000000, 0.000000, 1.000000
0.000000, 0.000000, 0.000000, 0.000000, 0.000000, 0.000000, 1.000000
0.000000, 0.000000, 0.000000, 0.000000, 0.000000, 0.000000, 1.000000
0.000000, 0.000000, 0.000000, 0.000000, 0.000000, 0.000000, 1.000000
0.000000, 0.000000, 0.000000, 0.000000, 0.000000, 0.000000, 1.000000
0.000000, 0.000000, 0.000000, 0.000000, 0.000000, 0.000000, 1.000000
0.000000, 0.000000, 0.000000, 0.000000, 0.000000, 0.000000, 1.000000
0.000000, 0.000000, 0.000000, 0.000000, 0.000000, 0.000000, 1.000000
0.000000, 0.000000, 0.000000, 0.000000, 0.000000, 0.000000, 1.000000
0.000000, 0.000000, 0.000000, 0.000000, 0.000000, 0.000000, 1.000000
0.000000, 0.000000, 0.000000, 0.000000, 0.000000, 0.000000, 1.000000
0.000000, 0.000000, 0.000000, 0.000000, 0.000000, 0.000000, 1.000000
0.000000, 0.000000, 0.000000, 0.000000, 0.000000, 0.000000, 1.000000
0.000000, 0.000000, 0.000000, 0.000000, 0.000000, 0.000000, 1.000000
0.000000, 0.000000, 0.000000, 0.000000, 0.000000, 0.000000, 1.000000
0.000000, 0.000000, 0.000000, 0.000000, 0.000000, 0.000000, 1.000000
0.000000, 0.000000, 0.000000, 0.000000, 0.000000, 0.000000, 1.000000
0.000000, 0.000000, 0.000000, 0.000000, 0.000000, 0.000000, 1.000000
0.000000, 0.000000, 0.000000, 0.000000, 0.000000, 0.000000, 1.000000
0.000000, 0.000000, 0.000000, 0.000000, 0.000000, 0.000000, 1.000000
0.000000, 0.000000, 0.000000, 0.000000, 0.000000, 0.000000, 1.000000
0.000000, 0.000000, 0.000000, 0.000000, 0.000000, 0.000000, 1.000000
0.000000, 0.000000, 0.000000, 0.000000, 0.000000, 0.000000, 1.000000
0.000000, 0.000000, 0.000000, 0.000000, 0.000000, 0.000000, 1.000000
0.000000, 0.000000, 0.000000, 0.000000, 0.000000, 0.000000, 1.000000
0.000000, 0.000000, 0.000000, 0.000000, 0.000000, 0.000000, 1.000000
0.000000, 0.000000, 0.000000, 0.000000, 0.000000, 0.000000, 1.000000
0.000000, 0.000000, 0.000000, 0.000000, 0.000000, 0.000000, 1.000000
0.000000, 0.000000, 0.000000, 0.000000, 0.000000, 0.000000, 1.000000
0.000000, 0.000000, 0.000000, 0.000000, 0.000000, 0.000000, 1.000000
0.000000, 0.000000, 0.000000, 0.000000, 0.000000, 0.000000, 1.000000
0.000000, 0.000000, 0.000000, 0.000000, 0.000000, 0.000000, 1.000000
0.000000, 0.000000, 0.000000, 0.000000, 0.000000, 0.000000, 1.000000
0.000000, 0.000000, 0.000000, 0.000000, 0.000000, 0.000000, 1.000000
0.000000, 0.000000, 0.000000, 0.000000, 0.000000, 0.000000, 1.000000
0.000000, 0.000000, 0.000000, 0.000000, 0.000000, 0.000000, 1.000000
0.000000, 0.000000, 0.000000, 0.000000, 0.000000, 0.000000, 1.000000
0.000000, 0.000000, 0.000000, 0.000000, 0.000000, 0.000000, 1.000000
0.000000, 0.000000, 0.000000, 0.000000, 0.000000, 0.000000, 1.000000
0.000000, 0.000000, 0.000000, 0.000000, 0.000000, 0.000000, 1.000000
0.000000, 0.000000, 0.000000, 0.000000, 0.000000, 0.000000, 1.000000
0.000000, 0.000000, 0.000000, 0.000000, 0.000000, 0.000000, 1.000000
0.000000, 0.000000, 0.000000, 0.000000, 0.000000, 0.000000, 1.000000
0.000000, 0.000000, 0.000000, 0.000000, 0.000000, 0.000000, 1.000000
0.000000, 0.000000, 0.000000, 0.000000, 0.000000, 0.000000, 1.000000
0.000000, 0.000000, 0.000000, 0.000000, 0.000000, 0.000000, 1.000000
0.000000, 0.000000, 0.000000, 0.000000, 0.000000, 0.000000, 1.000000
0.000000, 0.000000, 0.000000, 0.000000, 0.000000, 0.000000, 1.000000
0.000000, 0.000000, 0.000000, 0.000000, 0.000000, 0.000000, 1.000000
0.000000, 0.000000, 0.000000, 0.000000, 0.000000, 0.000000, 1.000000
0.000000, 0.000000, 0.000000, 0.000000, 0.000000, 0.000000, 1.000000
0.000000, 0.000000, 0.000000, 0.000000, 0.000000, 0.000000, 1.000000
0.000000, 0.000000, 0.000000, 0.000000, 0.000000, 0.000000, 1.000000
0.000000, 0.000000, 0.000000, 0.000000, 0.000000, 0.000000, 1.000000
0.000000, 0.000000, 0.000000, 0.000000, 0.000000, 0.000000, 1.000000
0.000000, 0.000000, 0.000000, 0.000000, 0.000000, 0.000000, 1.000000
0.000000, 0.000000, 0.000000, 0.000000, 0.000000, 0.000000, 1.000000
0.000000, 0.000000, 0.000000, 0.000000, 0.000000, 0.000000, 1.000000
0.000000, 0.000000, 0.000000, 0.000000, 0.000000, 0.000000, 1.000000
0.000000, 0.000000, 0.000000, 0.000000, 0.000000, 0.000000, 1.000000
0.000000, 0.000000, 0.000000, 0.000000, 0.000000, 0.000000, 1.000000
0.000000, 0.000000, 0.000000, 0.000000, 0.000000, 0.000000, 1.000000
0.000000, 0.000000, 0.000000, 0.000000, 0.000000, 0.000000, 1.000000
0.000000, 0.000000, 0.000000, 0.000000, 0.000000, 0.000000, 1.000000
0.000000, 0.000000, 0.000000, 0.000000, 0.000000, 0.000000, 1.000000
0.000000, 0.000000, 0.000000, 0.000000, 0.000000, 0.000000, 1.000000
0.000000, 0.000000, 0.000000, 0.000000, 0.000000, 0.000000, 1.000000
0.000000, 0.000000, 0.000000, 0.000000, 0.000000, 0.000000, 1.000000
0.000000, 0.000000, 0.000000, 0.000000, 0.000000, 0.000000, 1.000000
0.000000, 0.000000, 0.000000, 0.000000, 0.000000, 0.000000, 1.000000
0.000000, 0.000000, 0.000000, 0.000000, 0.000000, 0.000000, 1.000000
0.000000, 0.000000, 0.000000, 0.000000, 0.000000, 0.000000, 1.000000
0.000000, 0.000000, 0.000000, 0.000000, 0.000000, 0.000000, 1.000000
0.000000, 0.000000, 0.000000, 0.000000, 0.000000, 0.000000, 1.000000
0.000000, 0.000000, 0.000000, 0.000000, 0.000000, 0.000000, 1.000000
0.000000, 0.000000, 0.000000, 0.000000, 0.000000, 0.000000, 1.000000
0.000000, 0.000000, 0.000000, 0.000000, 0.000000, 0.000000, 1.000000
0.000000, 0.000000, 0.000000, 0.000000, 0.000000, 0.000000, 1.000000
0.000000, 0.000000, 0.000000, 0.000000, 0.000000, 0.000000, 1.000000
0.000000, 0.000000, 0.000000, 0.000000, 0.000000, 0.000000, 1.000000
0.000000, 0.000000, 0.000000, 0.000000, 0.000000, 0.000000, 1.000000
0.000000, 0.000000, 0.000000, 0.000000, 0.000000, 0.000000, 1.000000
0.000000, 0.000000, 0.000000, 0.000000, 0.000000, 0.000000, 1.000000
0.000000, 0.000000, 0.000000, 0.000000, 0.000000, 0.000000, 1.000000
0.000000, 0.000000, 0.000000, 0.000000, 0.000000, 0.000000, 1.000000
0.000000, 0.000000, 0.000000, 0.000000, 0.000000, 0.000000, 1.000000
0.000000, 0.000000, 0.000000, 0.000000, 0.000000, 0.000000, 1.000000
0.000000, 0.000000, 0.000000, 0.000000, 0.000000, 0.000000, 1.000000
0.000000, 0.000000, 0.000000, 0.000000, 0.000000, 0.000000, 1.000000
0.000000, 0.000000, 0.000000, 0.000000, 0.000000, 0.000000, 1.000000
0.000000, 0.000000, 0.000000, 0.000000, 0.000000, 0.000000, 1.000000
0.000000, 0.000000, 0.000000, 0.000000, 0.000000, 0.000000, 1.000000
0.000000, 0.000000, 0.000000, 0.000000, 0.000000, 0.000000, 1.000000
0.000000, 0.000000, 0.000000, 0.000000, 0.000000, 0.000000, 1.000000
0.000000, 0.000000, 0.000000, 0.000000, 0.000000, 0.000000, 1.000000
0.000000, 0.000000, 0.000000, 0.000000, 0.000000, 0.000000, 1.000000
0.000000, 0.000000, 0.000000, 0.000000, 0.000000, 0.000000, 1.000000
0.000000, 0.000000, 0.000000, 0.000000, 0.000000, 0.000000, 1.000000
0.000000, 0.000000, 0.000000, 0.000000, 0.000000, 0.000000, 1.000000
0.000000, 0.000000, 0.000000, 0.000000, 0.000000, 0.000000, 1.000000
0.000000, 0.000000, 0.000000, 0.000000, 0.000000, 0.000000, 1.000000
0.000000, 0.000000, 0.000000, 0.000000, 0.000000, 0.000000, 1.000000
0.000000, 0.000000, 0.000000, 0.000000, 0.000000, 0.000000, 1.000000
0.000000, 0.000000, 0.000000, 0.000000, 0.000000, 0.000000, 1.000000
0.000000, 0.000000, 0.000000, 0.000000, 0.000000, 0.000000, 1.000000
0.000000, 0.000000, 0.000000, 0.000000, 0.000000, 0.000000, 1.000000
0.000000, 0.000000, 0.000000, 0.000000, 0.000000, 0.000000, 1.000000
0.000000, 0.000000, 0.000000, 0.000000, 0.000000, 0.000000, 1.000000
0.000000, 0.000000, 0.000000, 0.000000, 0.000000, 0.000000, 1.000000
0.000000, 0.000000, 0.000000, 0.000000, 0.000000, 0.000000, 1.000000
0.000000, 0.000000, 0.000000, 0.000000, 0.000000, 0.000000, 1.000000
0.000000, 0.000000, 0.000000, 0.000000, 0.000000, 0.000000, 1.000000
0.000000, 0.000000, 0.000000, 0.000000, 0.000000, 0.000000, 1.000000
0.000000, 0.000000, 0.000000, 0.000000, 0.000000, 0.000000, 1.000000
0.000000, 0.000000, 0.000000, 0.000000, 0.000000, 0.000000, 1.000000
0.000000, 0.000000, 0.000000, 0.000000, 0.000000, 0.000000, 1.000000
0.000000, 0.000000, 0.000000, 0.000000, 0.000000, 0.000000, 1.000000
0.000000, 0.000000, 0.000000, 0.000000, 0.000000, 0.000000, 1.000000
0.000000, 0.000000, 0.000000, 0.000000, 0.000000, 0.000000, 1.000000
0.000000, 0.000000, 0.000000, 0.000000, 0.000000, 0.000000, 1.000000
0.000000, 0.000000, 0.000000, 0.000000, 0.000000, 0.000000, 1.000000
0.000000, 0.000000, 0.000000, 0.000000, 0.000000, 0.000000, 1.000000
0.000000, 0.000000, 0.000000, 0.000000, 0.000000, 0.000000, 1.000000
0.000000, 0.000000, 0.000000, 0.000000, 0.000000, 0.000000, 1.000000
0.000000, 0.000000, 0.000000, 0.000000, 0.000000, 0.000000, 1.000000
0.000000, 0.000000, 0.000000, 0.000000, 0.000000, 0.000000, 1.000000
0.000000, 0.000000, 0.000000, 0.000000, 0.000000, 0.000000, 1.000000
0.000000, 0.000000, 0.000000, 0.000000, 0.000000, 0.000000, 1.000000
0.000000, 0.000000, 0.000000, 0.000000, 0.000000, 0.000000, 1.000000
0.000000, 0.000000, 0.000000, 0.000000, 0.000000, 0.000000, 1.000000
0.000000, 0.000000, 0.000000, 0.000000, 0.000000, 0.000000, 1.000000
0.000000, 0.000000, 0.000000, 0.000000, 0.000000, 0.000000, 1.000000
0.000000, 0.000000, 0.000000, 0.000000, 0.000000, 0.000000, 1.000000
0.000000, 0.000000, 0.000000, 0.000000, 0.000000, 0.000000, 1.000000
0.000000, 0.000000, 0.000000, 0.000000, 0.000000, 0.000000, 1.000000
0.000000, 0.000000, 0.000000, 0.000000, 0.000000, 0.000000, 1.000000
0.000000, 0.000000, 0.000000, 0.000000, 0.000000, 0.000000, 1.000000
0.000000, 0.000000, 0.000000, 0.000000, 0.000000, 0.000000, 1.000000
0.000000, 0.000000, 0.000000, 0.000000, 0.000000, 0.000000, 1.000000
0.000000, 0.000000, 0.000000, 0.000000, 0.000000, 0.000000, 1.000000
0.000000, 0.000000, 0.000000, 0.000000, 0.000000, 0.000000, 1.000000
0.000000, 0.000000, 0.000000, 0.000000, 0.000000, 0.000000, 1.000000
0.000000, 0.000000, 0.000000, 0.000000, 0.000000, 0.000000, 1.000000
0.000000, 0.000000, 0.000000, 0.000000, 0.000000, 0.000000, 1.000000
0.000000, 0.000000, 0.000000, 0.000000, 0.000000, 0.000000, 1.000000
0.000000, 0.000000, 0.000000, 0.000000, 0.000000, 0.000000, 1.000000
0.000000, 0.000000, 0.000000, 0.000000, 0.000000, 0.000000, 1.000000
0.000000, 0.000000, 0.000000, 0.000000, 0.000000, 0.000000, 1.000000
0.000000, 0.000000, 0.000000, 0.000000, 0.000000, 0.000000, 1.000000
0.000000, 0.000000, 0.000000, 0.000000, 0.000000, 0.000000, 1.000000
0.000000, 0.000000, 0.000000, 0.000000, 0.000000, 0.000000, 1.000000
0.000000, 0.000000, 0.000000, 0.000000, 0.000000, 0.000000, 1.000000
0.000000, 0.000000, 0.000000, 0.000000, 0.000000, 0.000000, 1.000000
0.000000, 0.000000, 0.000000, 0.000000, 0.000000, 0.000000, 1.000000
0.000000, 0.000000, 0.000000, 0.000000, 0.000000, 0.000000, 1.000000
0.000000, 0.000000, 0.000000, 0.000000, 0.000000, 0.000000, 1.000000
0.000000, 0.000000, 0.000000, 0.000000, 0.000000, 0.000000, 1.000000
0.000000, 0.000000, 0.000000, 0.000000, 0.000000, 0.000000, 1.000000
0.000000, 0.000000, 0.000000, 0.000000, 0.000000, 0.000000, 1.000000
0.000000, 0.000000, 0.000000, 0.000000, 0.000000, 0.000000, 1.000000
0.000000, 0.000000, 0.000000, 0.000000, 0.000000, 0.000000, 1.000000
0.000000, 0.000000, 0.000000, 0.000000, 0.000000, 0.000000, 1.000000
0.000000, 0.000000, 0.000000, 0.000000, 0.000000, 0.000000, 1.000000
0.000000, 0.000000, 0.000000, 0.000000, 0.000000, 0.000000, 1.000000
0.000000, 0.000000, 0.000000, 0.000000, 0.000000, 0.000000, 1.000000
0.000000, 0.000000, 0.000000, 0.000000, 0.000000, 0.000000, 1.000000
0.000000, 0.000000, 0.000000, 0.000000, 0.000000, 0.000000, 1.000000
0.000000, 0.000000, 0.000000, 0.000000, 0.000000, 0.000000, 1.000000
0.000000, 0.000000, 0.000000, 0.000000, 0.000000, 0.000000, 1.000000
0.000000, 0.000000, 0.000000, 0.000000, 0.000000, 0.000000, 1.000000
0.000000, 0.000000, 0.000000, 0.000000, 0.000000, 0.000000, 1.000000
0.000000, 0.000000, 0.000000, 0.000000, 0.000000, 0.000000, 1.000000
0.000000, 0.000000, 0.000000, 0.000000, 0.000000, 0.000000, 1.000000
0.000000, 0.000000, 0.000000, 0.000000, 0.000000, 0.000000, 1.000000
0.000000, 0.000000, 0.000000, 0.000000, 0.000000, 0.000000, 1.000000
0.000000, 0.000000, 0.000000, 0.000000, 0.000000, 0.000000, 1.000000
0.000000, 0.000000, 0.000000, 0.000000, 0.000000, 0.000000, 1.000000
0.000000, 0.000000, 0.000000, 0.000000, 0.000000, 0.000000, 1.000000
0.000000, 0.000000, 0.000000, 0.000000, 0.000000, 0.000000, 1.000000
0.000000, 0.000000, 0.000000, 0.000000, 0.000000, 0.000000, 1.000000
0.000000, 0.000000, 0.000000, 0.000000, 0.000000, 0.000000, 1.000000
0.000000, 0.000000, 0.000000, 0.000000, 0.000000, 0.000000, 1.000000
0.000000, 0.000000, 0.000000, 0.000000, 0.000000, 0.000000, 1.000000
0.000000, 0.000000, 0.000000, 0.000000, 0.000000, 0.000000, 1.000000
0.000000, 0.000000, 0.000000, 0.000000, 0.000000, 0.000000, 1.000000
0.000000, 0.000000, 0.000000, 0.000000, 0.000000, 0.000000, 1.000000
0.000000, 0.000000, 0.000000, 0.000000, 0.000000, 0.000000, 1.000000
0.000000, 0.000000, 0.000000, 0.000000, 0.000000, 0.000000, 1.000000
0.000000, 0.000000, 0.000000, 0.000000, 0.000000, 0.000000, 1.000000
0.000000, 0.000000, 0.000000, 0.000000, 0.000000, 0.000000, 1.000000
0.000000, 0.000000, 0.000000, 0.000000, 0.000000, 0.000000, 1.000000
0.000000, 0.000000, 0.000000, 0.000000, 0.000000, 0.000000, 1.000000
0.000000, 0.000000, 0.000000, 0.000000, 0.000000, 0.000000, 1.000000
0.000000, 0.000000, 0.000000, 0.000000, 0.000000, 0.000000, 1.000000
0.000000, 0.000000, 0.000000, 0.000000, 0.000000, 0.000000, 1.000000
0.000000, 0.000000, 0.000000, 0.000000, 0.000000, 0.000000, 1.000000
0.000000, 0.000000, 0.000000, 0.000000, 0.000000, 0.000000, 1.000000
0.000000, 0.000000, 0.000000, 0.000000, 0.000000, 0.000000, 1.000000
0.000000, 0.000000, 0.000000, 0.000000, 0.000000, 0.000000, 1.000000
0.000000, 0.000000, 0.000000, 0.000000, 0.000000, 0.000000, 1.000000
0.000000, 0.000000, 0.000000, 0.000000, 0.000000, 0.000000, 1.000000
0.000000, 0.000000, 0.000000, 0.000000, 0.000000, 0.000000, 1.000000
0.000000, 0.000000, 0.000000, 0.000000, 0.000000, 0.000000, 1.000000
0.000000, 0.000000, 0.000000, 0.000000, 0.000000, 0.000000, 1.000000
0.000000, 0.000000, 0.000000, 0.000000, 0.000000, 0.000000, 1.000000
0.000000, 0.000000, 0.000000, 0.000000, 0.000000, 0.000000, 1.000000
0.000000, 0.000000, 0.000000, 0.000000, 0.000000, 0.000000, 1.000000
0.000000, 0.000000, 0.000000, 0.000000, 0.000000, 0.000000, 1.000000
0.000000, 0.000000, 0.000000, 0.000000, 0.000000, 0.000000, 1.000000
0.000000, 0.000000, 0.000000, 0.000000, 0.000000, 0.000000, 1.000000
0.000000, 0.000000, 0.000000, 0.000000, 0.000000, 0.000000, 1.000000
0.000000, 0.000000, 0.000000, 0.000000, 0.000000, 0.000000, 1.000000
0.000000, 0.000000, 0.000000, 0.000000, 0.000000, 0.000000, 1.000000
0.000000, 0.000000, 0.000000, 0.000000, 0.000000, 0.000000, 1.000000
0.000000, 0.000000, 0.000000, 0.000000, 0.000000, 0.000000, 1.000000
0.000000, 0.000000, 0.000000, 0.000000, 0.000000, 0.000000, 1.000000
0.000000, 0.000000, 0.000000, 0.000000, 0.000000, 0.000000, 1.000000
0.000000, 0.000000, 0.000000, 0.000000, 0.000000, 0.000000, 1.000000
0.000000, 0.000000, 0.000000, 0.000000, 0.000000, 0.000000, 1.000000
0.000000, 0.000000, 0.000000, 0.000000, 0.000000, 0.000000, 1.000000
0.000000, 0.000000, 0.000000, 0.000000, 0.000000, 0.000000, 1.000000
0.000000, 0.000000, 0.000000, 0.000000, 0.000000, 0.000000, 1.000000
0.000000, 0.000000, 0.000000, 0.000000, 0.000000, 0.000000, 1.000000
0.000000, 0.000000, 0.000000, 0.000000, 0.000000, 0.000000, 1.000000
0.000000, 0.000000, 0.000000, 0.000000, 0.000000, 0.000000, 1.000000
0.000000, 0.000000, 0.000000, 0.000000, 0.000000, 0.000000, 1.000000
0.000000, 0.000000, 0.000000, 0.000000, 0.000000, 0.000000, 1.000000
0.000000, 0.000000, 0.000000, 0.000000, 0.000000, 0.000000, 1.000000
0.000000, 0.000000, 0.000000, 0.000000, 0.000000, 0.000000, 1.000000
0.000000, 0.000000, 0.000000, 0.000000, 0.000000, 0.000000, 1.000000
0.000000, 0.000000, 0.000000, 0.000000, 0.000000, 0.000000, 1.000000
0.000000, 0.000000, 0.000000, 0.000000, 0.000000, 0.000000, 1.000000
0.000000, 0.000000, 0.000000, 0.000000, 0.000000, 0.000000, 1.000000
0.000000, 0.000000, 0.000000, 0.000000, 0.000000, 0.000000, 1.000000
0.000000, 0.000000, 0.000000, 0.000000, 0.000000, 0.000000, 1.000000
0.000000, 0.000000, 0.000000, 0.000000, 0.000000, 0.000000, 1.000000
0.000000, 0.000000, 0.000000, 0.000000, 0.000000, 0.000000, 1.000000
0.000000, 0.000000, 0.000000, 0.000000, 0.000000, 0.000000, 1.000000
0.000000, 0.000000, 0.000000, 0.000000, 0.000000, 0.000000, 1.000000
0.000000, 0.000000, 0.000000, 0.000000, 0.000000, 0.000000, 1.000000
0.000000, 0.000000, 0.000000, 0.000000, 0.000000, 0.000000, 1.000000
0.000000, 0.000000, 0.000000, 0.000000, 0.000000, 0.000000, 1.000000
0.000000, 0.000000, 0.000000, 0.000000, 0.000000, 0.000000, 1.000000
0.000000, 0.000000, 0.000000, 0.000000, 0.000000, 0.000000, 1.000000
0.000000, 0.000000, 0.000000, 0.000000, 0.000000, 0.000000, 1.000000
0.000000, 0.000000, 0.000000, 0.000000, 0.000000, 0.000000, 1.000000
0.000000, 0.000000, 0.000000, 0.000000, 0.000000, 0.000000, 1.000000
0.000000, 0.000000, 0.000000, 0.000000, 0.000000, 0.000000, 1.000000
0.000000, 0.000000, 0.000000, 0.000000, 0.000000, 0.000000, 1.000000
0.000000, 0.000000, 0.000000, 0.000000, 0.000000, 0.000000, 1.000000
0.000000, 0.000000, 0.000000, 0.000000, 0.000000, 0.000000, 1.000000
0.000000, 0.000000, 0.000000, 0.000000, 0.000000, 0.000000, 1.000000
0.000000, 0.000000, 0.000000, 0.000000, 0.000000, 0.000000, 1.000000
0.000000, 0.000000, 0.000000, 0.000000, 0.000000, 0.000000, 1.000000
0.000000, 0.000000, 0.000000, 0.000000, 0.000000, 0.000000, 1.000000
0.000000, 0.000000, 0.000000, 0.000000, 0.000000, 0.000000, 1.000000
0.000000, 0.000000, 0.000000, 0.000000, 0.000000, 0.000000, 1.000000
0.000000, 0.000000, 0.000000, 0.000000, 0.000000, 0.000000, 1.000000
0.000000, 0.000000, 0.000000, 0.000000, 0.000000, 0.000000, 1.000000
0.000000, 0.000000, 0.000000, 0.000000, 0.000000, 0.000000, 1.000000
0.000000, 0.000000, 0.000000, 0.000000, 0.000000, 0.000000, 1.000000
0.000000, 0.000000, 0.000000, 0.000000, 0.000000, 0.000000, 1.000000
0.000000, 0.000000, 0.000000, 0.000000, 0.000000, 0.000000, 1.000000
0.000000, 0.000000, 0.000000, 0.000000, 0.000000, 0.000000, 1.000000
0.000000, 0.000000, 0.000000, 0.000000, 0.000000, 0.000000, 1.000000
0.000000, 0.000000, 0.000000, 0.000000, 0.000000, 0.000000, 1.000000
0.000000, 0.000000, 0.000000, 0.000000, 0.000000, 0.000000, 1.000000
0.000000, 0.000000, 0.000000, 0.000000, 0.000000, 0.000000, 1.000000
0.000000, 0.000000, 0.000000, 0.000000, 0.000000, 0.000000, 1.000000
0.000000, 0.000000, 0.000000, 0.000000, 0.000000, 0.000000, 1.000000
0.000000, 0.000000, 0.000000, 0.000000, 0.000000, 0.000000, 1.000000
0.000000, 0.000000, 0.000000, 0.000000, 0.000000, 0.000000, 1.000000
0.000000, 0.000000, 0.000000, 0.000000, 0.000000, 0.000000, 1.000000
0.000000, 0.000000, 0.000000, 0.000000, 0.000000, 0.000000, 1.000000
0.000000, 0.000000, 0.000000, 0.000000, 0.000000, 0.000000, 1.000000
0.000000, 0.000000, 0.000000, 0.000000, 0.000000, 0.000000, 1.000000
0.000000, 0.000000, 0.000000, 0.000000, 0.000000, 0.000000, 1.000000
0.000000, 0.000000, 0.000000, 0.000000, 0.000000, 0.000000, 1.000000
0.000000, 0.000000, 0.000000, 0.000000, 0.000000, 0.000000, 1.000000
0.000000, 0.000000, 0.000000, 0.000000, 0.000000, 0.000000, 1.000000
0.000000, 0.000000, 0.000000, 0.000000, 0.000000, 0.000000, 1.000000
0.000000, 0.000000, 0.000000, 0.000000, 0.000000, 0.000000, 1.000000
0.000000, 0.000000, 0.000000, 0.000000, 0.000000, 0.000000, 1.000000
0.000000, 0.000000, 0.000000, 0.000000, 0.000000, 0.000000, 1.000000
0.000000, 0.000000, 0.000000, 0.000000, 0.000000, 0.000000, 1.000000
0.000000, 0.000000, 0.000000, 0.000000, 0.000000, 0.000000, 1.000000
0.000000, 0.000000, 0.000000, 0.000000, 0.000000, 0.000000, 1.000000
0.000000, 0.000000, 0.000000, 0.000000, 0.000000, 0.000000, 1.000000
0.000000, 0.000000, 0.000000, 0.000000, 0.000000, 0.000000, 1.000000
0.000000, 0.000000, 0.000000, 0.000000, 0.000000, 0.000000, 1.000000
0.000000, 0.000000, 0.000000, 0.000000, 0.000000, 0.000000, 1.000000
0.000000, 0.000000, 0.000000, 0.000000, 0.000000, 0.000000, 1.000000
0.000000, 0.000000, 0.000000, 0.000000, 0.000000, 0.000000, 1.000000
0.000000, 0.000000, 0.000000, 0.000000, 0.000000, 0.000000, 1.000000
0.000000, 0.000000, 0.000000, 0.000000, 0.000000, 0.000000, 1.000000
0.000000, 0.000000, 0.000000, 0.000000, 0.000000, 0.000000, 1.000000
0.000000, 0.000000, 0.000000, 0.000000, 0.000000, 0.000000, 1.000000
0.000000, 0.000000, 0.000000, 0.000000, 0.000000, 0.000000, 1.000000
0.000000, 0.000000, 0.000000, 0.000000, 0.000000, 0.000000, 1.000000
0.000000, 0.000000, 0.000000, 0.000000, 0.000000, 0.000000, 1.000000
0.000000, 0.000000, 0.000000, 0.000000, 0.000000, 0.000000, 1.000000
0.000000, 0.000000, 0.000000, 0.000000, 0.000000, 0.000000, 1.000000
0.000000, 0.000000, 0.000000, 0.000000, 0.000000, 0.000000, 1.000000
0.000000, 0.000000, 0.000000, 0.000000, 0.000000, 0.000000, 1.000000
0.000000, 0.000000, 0.000000, 0.000000, 0.000000, 0.000000, 1.000000
0.000000, 0.000000, 0.000000, 0.000000, 0.000000, 0.000000, 1.000000
0.000000, 0.000000, 0.000000, 0.000000, 0.000000, 0.000000, 1.000000
0.000000, 0.000000, 0.000000, 0.000000, 0.000000, 0.000000, 1.000000
0.000000, 0.000000, 0.000000, 0.000000, 0.000000, 0.000000, 1.000000
0.000000, 0.000000, 0.000000, 0.000000, 0.000000, 0.000000, 1.000000
0.000000, 0.000000, 0.000000, 0.000000, 0.000000, 0.000000, 1.000000
0.000000, 0.000000, 0.000000, 0.000000, 0.000000, 0.000000, 1.000000
0.000000, 0.000000, 0.000000, 0.000000, 0.000000, 0.000000, 1.000000
0.000000, 0.000000, 0.000000, 0.000000, 0.000000, 0.000000, 1.000000
0.000000, 0.000000, 0.000000, 0.000000, 0.000000, 0.000000, 1.000000
0.000000, 0.000000, 0.000000, 0.000000, 0.000000, 0.000000, 1.000000
0.000000, 0.000000, 0.000000, 0.000000, 0.000000, 0.000000, 1.000000
0.000000, 0.000000, 0.000000, 0.000000, 0.000000, 0.000000, 1.000000
0.000000, 0.000000, 0.000000, 0.000000, 0.000000, 0.000000, 1.000000
0.000000, 0.000000, 0.000000, 0.000000, 0.000000, 0.000000, 1.000000
0.000000, 0.000000, 0.000000, 0.000000, 0.000000, 0.000000, 1.000000
0.000000, 0.000000, 0.000000, 0.000000, 0.000000, 0.000000, 1.000000
0.000000, 0.000000, 0.000000, 0.000000, 0.000000, 0.000000, 1.000000
0.000000, 0.000000, 0.000000, 0.000000, 0.000000, 0.000000, 1.000000
0.000000, 0.000000, 0.000000, 0.000000, 0.000000, 0.000000, 1.000000
0.000000, 0.000000, 0.000000, 0.000000, 0.000000, 0.000000, 1.000000
0.000000, 0.000000, 0.000000, 0.000000, 0.000000, 0.000000, 1.000000
0.000000, 0.000000, 0.000000, 0.000000, 0.000000, 0.000000, 1.000000
0.000000, 0.000000, 0.000000, 0.000000, 0.000000, 0.000000, 1.000000
0.000000, 0.000000, 0.000000, 0.000000, 0.000000, 0.000000, 1.000000
0.000000, 0.000000, 0.000000, 0.000000, 0.000000, 0.000000, 1.000000
0.000000, 0.000000, 0.000000, 0.000000, 0.000000, 0.000000, 1.000000
0.000000, 0.000000, 0.000000, 0.000000, 0.000000, 0.000000, 1.000000
0.000000, 0.000000, 0.000000, 0.000000, 0.000000, 0.000000, 1.000000
0.000000, 0.000000, 0.000000, 0.000000, 0.000000, 0.000000, 1.000000
0.000000, 0.000000, 0.000000, 0.000000, 0.000000, 0.000000, 1.000000
0.000000, 0.000000, 0.000000, 0.000000, 0.000000, 0.000000, 1.000000
0.000000, 0.000000, 0.000000, 0.000000, 0.000000, 0.000000, 1.000000
0.000000, 0.000000, 0.000000, 0.000000, 0.000000, 0.000000, 1.000000
0.000000, 0.000000, 0.000000, 0.000000, 0.000000, 0.000000, 1.000000
0.000000, 0.000000, 0.000000, 0.000000, 0.000000, 0.000000, 1.000000
0.000000, 0.000000, 0.000000, 0.000000, 0.000000, 0.000000, 1.000000
0.000000, 0.000000, 0.000000, 0.000000, 0.000000, 0.000000, 1.000000
0.000000, 0.000000, 0.000000, 0.000000, 0.000000, 0.000000, 1.000000
0.000000, 0.000000, 0.000000, 0.000000, 0.000000, 0.000000, 1.000000
0.000000, 0.000000, 0.000000, 0.000000, 0.000000, 0.000000, 1.000000
0.000000, 0.000000, 0.000000, 0.000000, 0.000000, 0.000000, 1.000000
0.000000, 0.000000, 0.000000, 0.000000, 0.000000, 0.000000, 1.000000
0.000000, 0.000000, 0.000000, 0.000000, 0.000000, 0.000000, 1.000000
0.000000, 0.000000, 0.000000, 0.000000, 0.000000, 0.000000, 1.000000
0.000000, 0.000000, 0.000000, 0.000000, 0.000000, 0.000000, 1.000000
0.000000, 0.000000, 0.000000, 0.000000, 0.000000, 0.000000, 1.000000
0.000000, 0.000000, 0.000000, 0.000000, 0.000000, 0.000000, 1.000000
0.000000, 0.000000, 0.000000, 0.000000, 0.000000, 0.000000, 1.000000
0.000000, 0.000000, 0.000000, 0.000000, 0.000000, 0.000000, 1.000000
0.000000, 0.000000, 0.000000, 0.000000, 0.000000, 0.000000, 1.000000
0.000000, 0.000000, 0.000000, 0.000000, 0.000000, 0.000000, 1.000000
0.000000, 0.000000, 0.000000, 0.000000, 0.000000, 0.000000, 1.000000
0.000000, 0.000000, 0.000000, 0.000000, 0.000000, 0.000000, 1.000000
0.000000, 0.000000, 0.000000, 0.000000, 0.000000, 0.000000, 1.000000
0.000000, 0.000000, 0.000000, 0.000000, 0.000000, 0.000000, 1.000000
0.000000, 0.000000, 0.000000, 0.000000, 0.000000, 0.000000, 1.000000
0.000000, 0.000000, 0.000000, 0.000000, 0.000000, 0.000000, 1.000000
0.000000, 0.000000, 0.000000, 0.000000, 0.000000, 0.000000, 1.000000
0.000000, 0.000000, 0.000000, 0.000000, 0.000000, 0.000000, 1.000000
0.000000, 0.000000, 0.000000, 0.000000, 0.000000, 0.000000, 1.000000
0.000000, 0.000000, 0.000000, 0.000000, 0.000000, 0.000000, 1.000000
0.000000, 0.000000, 0.000000, 0.000000, 0.000000, 0.000000, 1.000000
0.000000, 0.000000, 0.000000, 0.000000, 0.000000, 0.000000, 1.000000
0.000000, 0.000000, 0.000000, 0.000000, 0.000000, 0.000000, 1.000000
0.000000, 0.000000, 0.000000, 0.000000, 0.000000, 0.000000, 1.000000
0.000000, 0.000000, 0.000000, 0.000000, 0.000000, 0.000000, 1.000000
0.000000, 0.000000, 0.000000, 0.000000, 0.000000, 0.000000, 1.000000
0.000000, 0.000000, 0.000000, 0.000000, 0.000000, 0.000000, 1.000000
0.000000, 0.000000, 0.000000, 0.000000, 0.000000, 0.000000, 1.000000
0.000000, 0.000000, 0.000000, 0.000000, 0.000000, 0.000000, 1.000000
0.000000, 0.000000, 0.000000, 0.000000, 0.000000, 0.000000, 1.000000
0.000000, 0.000000, 0.000000, 0.000000, 0.000000, 0.000000, 1.000000
0.000000, 0.000000, 0.000000, 0.000000, 0.000000, 0.000000, 1.000000
0.000000, 0.000000, 0.000000, 0.000000, 0.000000, 0.000000, 1.000000
0.000000, 0.000000, 0.000000, 0.000000, 0.000000, 0.000000, 1.000000
0.000000, 0.000000, 0.000000, 0.000000, 0.000000, 0.000000, 1.000000
0.000000, 0.000000, 0.000000, 0.000000, 0.000000, 0.000000, 1.000000
0.000000, 0.000000, 0.000000, 0.000000, 0.000000, 0.000000, 1.000000
0.000000, 0.000000, 0.000000, 0.000000, 0.000000, 0.000000, 1.000000
0.000000, 0.000000, 0.000000, 0.000000, 0.000000, 0.000000, 1.000000
0.000000, 0.000000, 0.000000, 0.000000, 0.000000, 0.000000, 1.000000
0.000000, 0.000000, 0.000000, 0.000000, 0.000000, 0.000000, 1.000000
0.000000, 0.000000, 0.000000, 0.000000, 0.000000, 0.000000, 1.000000
0.000000, 0.000000, 0.000000, 0.000000, 0.000000, 0.000000, 1.000000
0.000000, 0.000000, 0.000000, 0.000000, 0.000000, 0.000000, 1.000000
0.000000, 0.000000, 0.000000, 0.000000, 0.000000, 0.000000, 1.000000
0.000000, 0.000000, 0.000000, 0.000000, 0.000000, 0.000000, 1.000000
0.000000, 0.000000, 0.000000, 0.000000, 0.000000, 0.000000, 1.000000
0.000000, 0.000000, 0.000000, 0.000000, 0.000000, 0.000000, 1.000000
0.000000, 0.000000, 0.000000, 0.000000, 0.000000, 0.000000, 1.000000
0.000000, 0.000000, 0.000000, 0.000000, 0.000000, 0.000000, 1.000000
0.000000, 0.000000, 0.000000, 0.000000, 0.000000, 0.000000, 1.000000
0.000000, 0.000000, 0.000000, 0.000000, 0.000000, 0.000000, 1.000000
0.000000, 0.000000, 0.000000, 0.000000, 0.000000, 0.000000, 1.000000
0.000000, 0.000000, 0.000000, 0.000000, 0.000000, 0.000000, 1.000000
0.000000, 0.000000, 0.000000, 0.000000, 0.000000, 0.000000, 1.000000
0.000000, 0.000000, 0.000000, 0.000000, 0.000000, 0.000000, 1.000000
0.000000, 0.000000, 0.000000, 0.000000, 0.000000, 0.000000, 1.000000
0.000000, 0.000000, 0.000000, 0.000000, 0.000000, 0.000000, 1.000000
0.000000, 0.000000, 0.000000, 0.000000, 0.000000, 0.000000, 1.000000
0.000000, 0.000000, 0.000000, 0.000000, 0.000000, 0.000000, 1.000000
0.000000, 0.000000, 0.000000, 0.000000, 0.000000, 0.000000, 1.000000
0.000000, 0.000000, 0.000000, 0.000000, 0.000000, 0.000000, 1.000000
0.000000, 0.000000, 0.000000, 0.000000, 0.000000, 0.000000, 1.000000
0.000000, 0.000000, 0.000000, 0.000000, 0.000000, 0.000000, 1.000000
0.000000, 0.000000, 0.000000, 0.000000, 0.000000, 0.000000, 1.000000
0.000000, 0.000000, 0.000000, 0.000000, 0.000000, 0.000000, 1.000000
0.000000, 0.000000, 0.000000, 0.000000, 0.000000, 0.000000, 1.000000
0.000000, 0.000000, 0.000000, 0.000000, 0.000000, 0.000000, 1.000000
0.000000, 0.000000, 0.000000, 0.000000, 0.000000, 0.000000, 1.000000
0.000000, 0.000000, 0.000000, 0.000000, 0.000000, 0.000000, 1.000000
0.000000, 0.000000, 0.000000, 0.000000, 0.000000, 0.000000, 1.000000
0.000000, 0.000000, 0.000000, 0.000000, 0.000000, 0.000000, 1.000000
0.000000, 0.000000, 0.000000, 0.000000, 0.000000, 0.000000, 1.000000
0.000000, 0.000000, 0.000000, 0.000000, 0.000000, 0.000000, 1.000000
0.000000, 0.000000, 0.000000, 0.000000, 0.000000, 0.000000, 1.000000
0.000000, 0.000000, 0.000000, 0.000000, 0.000000, 0.000000, 1.000000
0.000000, 0.000000, 0.000000, 0.000000, 0.000000, 0.000000, 1.000000
0.000000, 0.000000, 0.000000, 0.000000, 0.000000, 0.000000, 1.000000
0.000000, 0.000000, 0.000000, 0.000000, 0.000000, 0.000000, 1.000000
0.000000, 0.000000, 0.000000, 0.000000, 0.000000, 0.000000, 1.000000
0.000000, 0.000000, 0.000000, 0.000000, 0.000000, 0.000000, 1.000000
0.000000, 0.000000, 0.000000, 0.000000, 0.000000, 0.000000, 1.000000
0.000000, 0.000000, 0.000000, 0.000000, 0.000000, 0.000000, 1.000000
0.000000, 0.000000, 0.000000, 0.000000, 0.000000, 0.000000, 1.000000
0.000000, 0.000000, 0.000000, 0.000000, 0.000000, 0.000000, 1.000000
0.000000, 0.000000, 0.000000, 0.000000, 0.000000, 0.000000, 1.000000
0.000000, 0.000000, 0.000000, 0.000000, 0.000000, 0.000000, 1.000000
0.000000, 0.000000, 0.000000, 0.000000, 0.000000, 0.000000, 1.000000
0.000000, 0.000000, 0.000000, 0.000000, 0.000000, 0.000000, 1.000000
0.000000, 0.000000, 0.000000, 0.000000, 0.000000, 0.000000, 1.000000
0.000000, 0.000000, 0.000000, 0.000000, 0.000000, 0.000000, 1.000000
0.000000, 0.000000, 0.000000, 0.000000, 0.000000, 0.000000, 1.000000
0.000000, 0.000000, 0.000000, 0.000000, 0.000000, 0.000000, 1.000000
0.000000, 0.000000, 0.000000, 0.000000, 0.000000, 0.000000, 1.000000
0.000000, 0.000000, 0.000000, 0.000000, 0.000000, 0.000000, 1.000000
0.000000, 0.000000, 0.000000, 0.000000, 0.000000, 0.000000, 1.000000
0.000000, 0.000000, 0.000000, 0.000000, 0.000000, 0.000000, 1.000000
0.000000, 0.000000, 0.000000, 0.000000, 0.000000, 0.000000, 1.000000
0.000000, 0.000000, 0.000000, 0.000000, 0.000000, 0.000000, 1.000000
0.000000, 0.000000, 0.000000, 0.000000, 0.000000, 0.000000, 1.000000
0.000000, 0.000000, 0.000000, 0.000000, 0.000000, 0.000000, 1.000000
0.000000, 0.000000, 0.000000, 0.000000, 0.000000, 0.000000, 1.000000
0.000000, 0.000000, 0.000000, 0.000000, 0.000000, 0.000000, 1.000000
0.000000, 0.000000, 0.000000, 0.000000, 0.000000, 0.000000, 1.000000
0.000000, 0.000000, 0.000000, 0.000000, 0.000000, 0.000000, 1.000000
0.000000, 0.000000, 0.000000, 0.000000, 0.000000, 0.000000, 1.000000
0.000000, 0.000000, 0.000000, 0.000000, 0.000000, 0.000000, 1.000000
0.000000, 0.000000, 0.000000, 0.000000, 0.000000, 0.000000, 1.000000
0.000000, 0.000000, 0.000000, 0.000000, 0.000000, 0.000000, 1.000000
0.000000, 0.000000, 0.000000, 0.000000, 0.000000, 0.000000, 1.000000
0.000000, 0.000000, 0.000000, 0.000000, 0.000000, 0.000000, 1.000000
0.000000, 0.000000, 0.000000, 0.000000, 0.000000, 0.000000, 1.000000
0.000000, 0.000000, 0.000000, 0.000000, 0.000000, 0.000000, 1.000000
0.000000, 0.000000, 0.000000, 0.000000, 0.000000, 0.000000, 1.000000
0.000000, 0.000000, 0.000000, 0.000000, 0.000000, 0.000000, 1.000000
0.000000, 0.000000, 0.000000, 0.000000, 0.000000, 0.000000, 1.000000
0.000000, 0.000000, 0.000000, 0.000000, 0.000000, 0.000000, 1.000000
0.000000, 0.000000, 0.000000, 0.000000, 0.000000, 0.000000, 1.000000
0.000000, 0.000000, 0.000000, 0.000000, 0.000000, 0.000000, 1.000000
0.000000, 0.000000, 0.000000, 0.000000, 0.000000, 0.000000, 1.000000
0.000000, 0.000000, 0.000000, 0.000000, 0.000000, 0.000000, 1.000000
0.000000, 0.000000, 0.000000, 0.000000, 0.000000, 0.000000, 1.000000
0.000000, 0.000000, 0.000000, 0.000000, 0.000000, 0.000000, 1.000000
0.000000, 0.000000, 0.000000, 0.000000, 0.000000, 0.000000, 1.000000
0.000000, 0.000000, 0.000000, 0.000000, 0.000000, 0.000000, 1.000000
0.000000, 0.000000, 0.000000, 0.000000, 0.000000, 0.000000, 1.000000
0.000000, 0.000000, 0.000000, 0.000000, 0.000000, 0.000000, 1.000000
0.000000, 0.000000, 0.000000, 0.000000, 0.000000, 0.000000, 1.000000
0.000000, 0.000000, 0.000000, 0.000000, 0.000000, 0.000000, 1.000000
0.000000, 0.000000, 0.000000, 0.000000, 0.000000, 0.000000, 1.000000
0.000000, 0.000000, 0.000000, 0.000000, 0.000000, 0.000000, 1.000000
0.000000, 0.000000, 0.000000, 0.000000, 0.000000, 0.000000, 1.000000
0.000000, 0.000000, 0.000000, 0.000000, 0.000000, 0.000000, 1.000000
0.000000, 0.000000, 0.000000, 0.000000, 0.000000, 0.000000, 1.000000
0.000000, 0.000000, 0.000000, 0.000000, 0.000000, 0.000000, 1.000000
0.000000, 0.000000, 0.000000, 0.000000, 0.000000, 0.000000, 1.000000
0.000000, 0.000000, 0.000000, 0.000000, 0.000000, 0.000000, 1.000000
0.000000, 0.000000, 0.000000, 0.000000, 0.000000, 0.000000, 1.000000
0.000000, 0.000000, 0.000000, 0.000000, 0.000000, 0.000000, 1.000000
0.000000, 0.000000, 0.000000, 0.000000, 0.000000, 0.000000, 1.000000
0.000000, 0.000000, 0.000000, 0.000000, 0.000000, 0.000000, 1.000000
0.000000, 0.000000, 0.000000, 0.000000, 0.000000, 0.000000, 1.000000
0.000000, 0.000000, 0.000000, 0.000000, 0.000000, 0.000000, 1.000000
0.000000, 0.000000, 0.000000, 0.000000, 0.000000, 0.000000, 1.000000
0.000000, 0.000000, 0.000000, 0.000000, 0.000000, 0.000000, 1.000000
0.000000, 0.000000, 0.000000, 0.000000, 0.000000, 0.000000, 1.000000
0.000000, 0.000000, 0.000000, 0.000000, 0.000000, 0.000000, 1.000000
0.000000, 0.000000, 0.000000, 0.000000, 0.000000, 0.000000, 1.000000
0.000000, 0.000000, 0.000000, 0.000000, 0.000000, 0.000000, 1.000000
0.000000, 0.000000, 0.000000, 0.000000, 0.000000, 0.000000, 1.000000
0.000000, 0.000000, 0.000000, 0.000000, 0.000000, 0.000000, 1.000000
0.000000, 0.000000, 0.000000, 0.000000, 0.000000, 0.000000, 1.000000
0.000000, 0.000000, 0.000000, 0.000000, 0.000000, 0.000000, 1.000000
0.000000, 0.000000, 0.000000, 0.000000, 0.000000, 0.000000, 1.000000
0.000000, 0.000000, 0.000000, 0.000000, 0.000000, 0.000000, 1.000000
0.000000, 0.000000, 0.000000, 0.000000, 0.000000, 0.000000, 1.000000
0.000000, 0.000000, 0.000000, 0.000000, 0.000000, 0.000000, 1.000000
0.000000, 0.000000, 0.000000, 0.000000, 0.000000, 0.000000, 1.000000
0.000000, 0.000000, 0.000000, 0.000000, 0.000000, 0.000000, 1.000000
0.000000, 0.000000, 0.000000, 0.000000, 0.000000, 0.000000, 1.000000
0.000000, 0.000000, 0.000000, 0.000000, 0.000000, 0.000000, 1.000000
0.000000, 0.000000, 0.000000, 0.000000, 0.000000, 0.000000, 1.000000
0.000000, 0.000000, 0.000000, 0.000000, 0.000000, 0.000000, 1.000000
0.000000, 0.000000, 0.000000, 0.000000, 0.000000, 0.000000, 1.000000
0.000000, 0.000000, 0.000000, 0.000000, 0.000000, 0.000000, 1.000000
0.000000, 0.000000, 0.000000, 0.000000, 0.000000, 0.000000, 1.000000
0.000000, 0.000000, 0.000000, 0.000000, 0.000000, 0.000000, 1.000000
0.000000, 0.000000, 0.000000, 0.000000, 0.000000, 0.000000, 1.000000
0.000000, 0.000000, 0.000000, 0.000000, 0.000000, 0.000000, 1.000000
0.000000, 0.000000, 0.000000, 0.000000, 0.000000, 0.000000, 1.000000
0.000000, 0.000000, 0.000000, 0.000000, 0.000000, 0.000000, 1.000000
0.000000, 0.000000, 0.000000, 0.000000, 0.000000, 0.000000, 1.000000
0.000000, 0.000000, 0.000000, 0.000000, 0.000000, 0.000000, 1.000000
0.000000, 0.000000, 0.000000, 0.000000, 0.000000, 0.000000, 1.000000
0.000000, 0.000000, 0.000000, 0.000000, 0.000000, 0.000000, 1.000000
0.000000, 0.000000, 0.000000, 0.000000, 0.000000, 0.000000, 1.000000
0.000000, 0.000000, 0.000000, 0.000000, 0.000000, 0.000000, 1.000000
0.000000, 0.000000, 0.000000, 0.000000, 0.000000, 0.000000, 1.000000
0.000000, 0.000000, 0.000000, 0.000000, 0.000000, 0.000000, 1.000000
0.000000, 0.000000, 0.000000, 0.000000, 0.000000, 0.000000, 1.000000
0.000000, 0.000000, 0.000000, 0.000000, 0.000000, 0.000000, 1.000000
0.000000, 0.000000, 0.000000, 0.000000, 0.000000, 0.000000, 1.000000
0.000000, 0.000000, 0.000000, 0.000000, 0.000000, 0.000000, 1.000000
0.000000, 0.000000, 0.000000, 0.000000, 0.000000, 0.000000, 1.000000
0.000000, 0.000000, 0.000000, 0.000000, 0.000000, 0.000000, 1.000000
0.000000, 0.000000, 0.000000, 0.000000, 0.000000, 0.000000, 1.000000
0.000000, 0.000000, 0.000000, 0.000000, 0.000000, 0.000000, 1.000000
0.000000, 0.000000, 0.000000, 0.000000, 0.000000, 0.000000, 1.000000
0.000000, 0.000000, 0.000000, 0.000000, 0.000000, 0.000000, 1.000000
0.000000, 0.000000, 0.000000, 0.000000, 0.000000, 0.000000, 1.000000
0.000000, 0.000000, 0.000000, 0.000000, 0.000000, 0.000000, 1.000000
0.000000, 0.000000, 0.000000, 0.000000, 0.000000, 0.000000, 1.000000
0.000000, 0.000000, 0.000000, 0.000000, 0.000000, 0.000000, 1.000000
0.000000, 0.000000, 0.000000, 0.000000, 0.000000, 0.000000, 1.000000
0.000000, 0.000000, 0.000000, 0.000000, 0.000000, 0.000000, 1.000000
0.000000, 0.000000, 0.000000, 0.000000, 0.000000, 0.000000, 1.000000
0.000000, 0.000000, 0.000000, 0.000000, 0.000000, 0.000000, 1.000000
0.000000, 0.000000, 0.000000, 0.000000, 0.000000, 0.000000, 1.000000
0.000000, 0.000000, 0.000000, 0.000000, 0.000000, 0.000000, 1.000000
0.000000, 0.000000, 0.000000, 0.000000, 0.000000, 0.000000, 1.000000
0.000000, 0.000000, 0.000000, 0.000000, 0.000000, 0.000000, 1.000000
0.000000, 0.000000, 0.000000, 0.000000, 0.000000, 0.000000, 1.000000
0.000000, 0.000000, 0.000000, 0.000000, 0.000000, 0.000000, 1.000000
0.000000, 0.000000, 0.000000, 0.000000, 0.000000, 0.000000, 1.000000
0.000000, 0.000000, 0.000000, 0.000000, 0.000000, 0.000000, 1.000000
0.000000, 0.000000, 0.000000, 0.000000, 0.000000, 0.000000, 1.000000
0.000000, 0.000000, 0.000000, 0.000000, 0.000000, 0.000000, 1.000000
0.000000, 0.000000, 0.000000, 0.000000, 0.000000, 0.000000, 1.000000
0.000000, 0.000000, 0.000000, 0.000000, 0.000000, 0.000000, 1.000000
0.000000, 0.000000, 0.000000, 0.000000, 0.000000, 0.000000, 1.000000
0.000000, 0.000000, 0.000000, 0.000000, 0.000000, 0.000000, 1.000000
0.000000, 0.000000, 0.000000, 0.000000, 0.000000, 0.000000, 1.000000
0.000000, 0.000000, 0.000000, 0.000000, 0.000000, 0.000000, 1.000000
0.000000, 0.000000, 0.000000, 0.000000, 0.000000, 0.000000, 1.000000
0.000000, 0.000000, 0.000000, 0.000000, 0.000000, 0.000000, 1.000000
0.000000, 0.000000, 0.000000, 0.000000, 0.000000, 0.000000, 1.000000
0.000000, 0.000000, 0.000000, 0.000000, 0.000000, 0.000000, 1.000000
0.000000, 0.000000, 0.000000, 0.000000, 0.000000, 0.000000, 1.000000
0.000000, 0.000000, 0.000000, 0.000000, 0.000000, 0.000000, 1.000000
0.000000, 0.000000, 0.000000, 0.000000, 0.000000, 0.000000, 1.000000
0.000000, 0.000000, 0.000000, 0.000000, 0.000000, 0.000000, 1.000000
0.000000, 0.000000, 0.000000, 0.000000, 0.000000, 0.000000, 1.000000
0.000000, 0.000000, 0.000000, 0.000000, 0.000000, 0.000000, 1.000000
0.000000, 0.000000, 0.000000, 0.000000, 0.000000, 0.000000, 1.000000
0.000000, 0.000000, 0.000000, 0.000000, 0.000000, 0.000000, 1.000000
0.000000, 0.000000, 0.000000, 0.000000, 0.000000, 0.000000, 1.000000
0.000000, 0.000000, 0.000000, 0.000000, 0.000000, 0.000000, 1.000000
0.000000, 0.000000, 0.000000, 0.000000, 0.000000, 0.000000, 1.000000
0.000000, 0.000000, 0.000000, 0.000000, 0.000000, 0.000000, 1.000000
0.000000, 0.000000, 0.000000, 0.000000, 0.000000, 0.000000, 1.000000
0.000000, 0.000000, 0.000000, 0.000000, 0.000000, 0.000000, 1.000000
0.000000, 0.000000, 0.000000, 0.000000, 0.000000, 0.000000, 1.000000
0.000000, 0.000000, 0.000000, 0.000000, 0.000000, 0.000000, 1.000000
0.000000, 0.000000, 0.000000, 0.000000, 0.000000, 0.000000, 1.000000
0.000000, 0.000000, 0.000000, 0.000000, 0.000000, 0.000000, 1.000000
0.000000, 0.000000, 0.000000, 0.000000, 0.000000, 0.000000, 1.000000
0.000000, 0.000000, 0.000000, 0.000000, 0.000000, 0.000000, 1.000000
0.000000, 0.000000, 0.000000, 0.000000, 0.000000, 0.000000, 1.000000
0.000000, 0.000000, 0.000000, 0.000000, 0.000000, 0.000000, 1.000000
0.000000, 0.000000, 0.000000, 0.000000, 0.000000, 0.000000, 1.000000
0.000000, 0.000000, 0.000000, 0.000000, 0.000000, 0.000000, 1.000000
0.000000, 0.000000, 0.000000, 0.000000, 0.000000, 0.000000, 1.000000
0.000000, 0.000000, 0.000000, 0.000000, 0.000000, 0.000000, 1.000000
0.000000, 0.000000, 0.000000, 0.000000, 0.000000, 0.000000, 1.000000
0.000000, 0.000000, 0.000000, 0.000000, 0.000000, 0.000000, 1.000000
0.000000, 0.000000, 0.000000, 0.000000, 0.000000, 0.000000, 1.000000
0.000000, 0.000000, 0.000000, 0.000000, 0.000000, 0.000000, 1.000000
0.000000, 0.000000, 0.000000, 0.000000, 0.000000, 0.000000, 1.000000
0.000000, 0.000000, 0.000000, 0.000000, 0.000000, 0.000000, 1.000000
0.000000, 0.000000, 0.000000, 0.000000, 0.000000, 0.000000, 1.000000
0.000000, 0.000000, 0.000000, 0.000000, 0.000000, 0.000000, 1.000000
0.000000, 0.000000, 0.000000, 0.000000, 0.000000, 0.000000, 1.000000
0.000000, 0.000000, 0.000000, 0.000000, 0.000000, 0.000000, 1.000000
0.000000, 0.000000, 0.000000, 0.000000, 0.000000, 0.000000, 1.000000
0.000000, 0.000000, 0.000000, 0.000000, 0.000000, 0.000000, 1.000000
0.000000, 0.000000, 0.000000, 0.000000, 0.000000, 0.000000, 1.000000
0.000000, 0.000000, 0.000000, 0.000000, 0.000000, 0.000000, 1.000000
0.000000, 0.000000, 0.000000, 0.000000, 0.000000, 0.000000, 1.000000
0.000000, 0.000000, 0.000000, 0.000000, 0.000000, 0.000000, 1.000000
0.000000, 0.000000, 0.000000, 0.000000, 0.000000, 0.000000, 1.000000
0.000000, 0.000000, 0.000000, 0.000000, 0.000000, 0.000000, 1.000000
0.000000, 0.000000, 0.000000, 0.000000, 0.000000, 0.000000, 1.000000
0.000000, 0.000000, 0.000000, 0.000000, 0.000000, 0.000000, 1.000000
0.000000, 0.000000, 0.000000, 0.000000, 0.000000, 0.000000, 1.000000
0.000000, 0.000000, 0.000000, 0.000000, 0.000000, 0.000000, 1.000000
0.000000, 0.000000, 0.000000, 0.000000, 0.000000, 0.000000, 1.000000
0.000000, 0.000000, 0.000000, 0.000000, 0.000000, 0.000000, 1.000000
0.000000, 0.000000, 0.000000, 0.000000, 0.000000, 0.000000, 1.000000
0.000000, 0.000000, 0.000000, 0.000000, 0.000000, 0.000000, 1.000000
0.000000, 0.000000, 0.000000, 0.000000, 0.000000, 0.000000, 1.000000
0.000000, 0.000000, 0.000000, 0.000000, 0.000000, 0.000000, 1.000000
0.000000, 0.000000, 0.000000, 0.000000, 0.000000, 0.000000, 1.000000
0.000000, 0.000000, 0.000000, 0.000000, 0.000000, 0.000000, 1.000000
0.000000, 0.000000, 0.000000, 0.000000, 0.000000, 0.000000, 1.000000
0.000000, 0.000000, 0.000000, 0.000000, 0.000000, 0.000000, 1.000000
0.000000, 0.000000, 0.000000, 0.000000, 0.000000, 0.000000, 1.000000
0.000000, 0.000000, 0.000000, 0.000000, 0.000000, 0.000000, 1.000000
0.000000, 0.000000, 0.000000, 0.000000, 0.000000, 0.000000, 1.000000
0.000000, 0.000000, 0.000000, 0.000000, 0.000000, 0.000000, 1.000000
0.000000, 0.000000, 0.000000, 0.000000, 0.000000, 0.000000, 1.000000
0.000000, 0.000000, 0.000000, 0.000000, 0.000000, 0.000000, 1.000000
0.000000, 0.000000, 0.000000, 0.000000, 0.000000, 0.000000, 1.000000
0.000000, 0.000000, 0.000000, 0.000000, 0.000000, 0.000000, 1.000000
0.000000, 0.000000, 0.000000, 0.000000, 0.000000, 0.000000, 1.000000
0.000000, 0.000000, 0.000000, 0.000000, 0.000000, 0.000000, 1.000000
0.000000, 0.000000, 0.000000, 0.000000, 0.000000, 0.000000, 1.000000
0.000000, 0.000000, 0.000000, 0.000000, 0.000000, 0.000000, 1.000000
0.000000, 0.000000, 0.000000, 0.000000, 0.000000, 0.000000, 1.000000
0.000000, 0.000000, 0.000000, 0.000000, 0.000000, 0.000000, 1.000000
0.000000, 0.000000, 0.000000, 0.000000, 0.000000, 0.000000, 1.000000
0.000000, 0.000000, 0.000000, 0.000000, 0.000000, 0.000000, 1.000000
0.000000, 0.000000, 0.000000, 0.000000, 0.000000, 0.000000, 1.000000
0.000000, 0.000000, 0.000000, 0.000000, 0.000000, 0.000000, 1.000000
0.000000, 0.000000, 0.000000, 0.000000, 0.000000, 0.000000, 1.000000
0.000000, 0.000000, 0.000000, 0.000000, 0.000000, 0.000000, 1.000000
0.000000, 0.000000, 0.000000, 0.000000, 0.000000, 0.000000, 1.000000
0.000000, 0.000000, 0.000000, 0.000000, 0.000000, 0.000000, 1.000000
0.000000, 0.000000, 0.000000, 0.000000, 0.000000, 0.000000, 1.000000
0.000000, 0.000000, 0.000000, 0.000000, 0.000000, 0.000000, 1.000000
0.000000, 0.000000, 0.000000, 0.000000, 0.000000, 0.000000, 1.000000
0.000048, 0.000000, 0.000000, 0.000000, 0.000000, 0.000000, 1.000000
0.000048, 0.000000, 0.000000, 0.000000, 0.000000, 0.000000, 1.000000
0.000378, 0.000000, 0.000000, 0.000000, 0.000000, 0.000000, 1.000000
0.000378, 0.000000, 0.000000, 0.000000, 0.000000, 0.000000, 1.000000
0.000378, 0.000000, 0.000000, 0.000000, 0.000000, 0.000000, 1.000000
0.001169, 0.000000, 0.000000, 0.000000, 0.000000, 0.000000, 1.000000
0.001169, 0.000000, 0.000000, 0.000000, 0.000000, 0.000000, 1.000000
0.002397, 0.000000, 0.000000, 0.000000, 0.000000, 0.000000, 1.000000
0.002397, 0.000000, 0.000000, 0.000000, 0.000000, 0.000000, 1.000000
0.002397, 0.000000, 0.000000, 0.000000, 0.000000, 0.000000, 1.000000
0.004042, 0.000000, 0.000000, 0.000000, 0.000000, 0.000000, 1.000000
0.004042, 0.000000, 0.000000, 0.000000, 0.000000, 0.000000, 1.000000
0.006085, 0.000000, 0.000000, 0.000000, 0.000000, 0.000000, 1.000000
0.006085, 0.000000, 0.000000, 0.000000, 0.000000, 0.000000, 1.000000
0.006085, 0.000000, 0.000000, 0.000000, 0.000000, 0.000000, 1.000000
0.008506, 0.000000, 0.000000, 0.000000, 0.000000, 0.000000, 1.000000
0.008506, 0.000000, 0.000000, 0.000000, 0.000000, 0.000000, 1.000000
0.011287, 0.000000, 0.000000, 0.000000, 0.000000, 0.000000, 1.000000
0.011287, 0.000000, 0.000000, 0.000000, 0.000000, 0.000000, 1.000000
0.011287, 0.000000, 0.000000, 0.000000, 0.000000, 0.000000, 1.000000
0.014412, 0.000000, 0.000000, 0.000000, 0.000000, 0.000000, 1.000000
0.014412, 0.000000, 0.000000, 0.000000, 0.000000, 0.000000, 1.000000
0.017863, 0.000000, 0.000000, 0.000000, 0.000000, 0.000000, 1.000000
0.017863, 0.000000, 0.000000, 0.000000, 0.000000, 0.000000, 1.000000
0.017863, 0.000000, 0.000000, 0.000000, 0.000000, 0.000000, 1.000000
0.021626, 0.000000, 0.000000, 0.000000, 0.000000, 0.000000, 1.000000
0.021626, 0.000000, 0.000000, 0.000000, 0.000000, 0.000000, 1.000000
0.025686, 0.000000, 0.000000, 0.000000, 0.000000, 0.000000, 1.000000
0.025686, 0.000000, 0.000000, 0.000000, 0.000000, 0.000000, 1.000000
0.025686, 0.000000, 0.000000, 0.000000, 0.000000, 0.000000, 1.000000
0.030028, 0.000000, 0.000000, 0.000000, 0.000000, 0.000000, 1.000000
0.030028, 0.000000, 0.000000, 0.000000, 0.000000, 0.000000, 1.000000
0.034639, 0.000000, 0.000000, 0.000000, 0.000000, 0.000000, 1.000000
0.034639, 0.000000, 0.000000, 0.000000, 0.000000, 0.000000, 1.000000
0.034639, 0.000000, 0.000000, 0.000000, 0.000000, 0.000000, 1.000000
0.039506, 0.000000, 0.000000, 0.000000, 0.000000, 0.000000, 1.000000
0.039506, 0.000000, 0.000000, 0.000000, 0.000000, 0.000000, 1.000000
0.044618, 0.000000, 0.000000, 0.000000, 0.000000, 0.000000, 1.000000
0.044618, 0.000000, 0.000000, 0.000000, 0.000000, 0.000000, 1.000000
0.044618, 0.000000, 0.000000, 0.000000, 0.000000, 0.000000, 1.000000
0.049961, 0.000000, 0.000000, 0.000000, 0.000000, 0.000000, 1.000000
0.049961, 0.000000, 0.000000, 0.000000, 0.000000, 0.000000, 1.000000
0.055526, 0.000000, 0.000000, 0.000000, 0.000000, 0.000000, 1.000000
0.055526, 0.000000, 0.000000, 0.000000, 0.000000, 0.000000, 1.000000
0.055526, 0.000000, 0.000000, 0.000000, 0.000000, 0.000000, 1.000000
0.061303, 0.000000, 0.000000, 0.000000, 0.000000, 0.000000, 1.000000
0.061303, 0.000000, 0.000000, 0.000000, 0.000000, 0.000000, 1.000000
0.067279, 0.000000, 0.000000, 0.000000, 0.000000, 0.000000, 1.000000
0.067279, 0.000000, 0.000000, 0.000000, 0.000000, 0.000000, 1.000000
0.067279, 0.000000, 0.000000, 0.000000, 0.000000, 0.000000, 1.000000
0.073448, 0.000000, 0.000000, 0.000000, 0.000000, 0.000000, 1.000000
0.073448, 0.000000, 0.000000, 0.000000, 0.000000, 0.000000, 1.000000
0.079798, 0.000000, 0.000000, 0.000000, 0.000000, 0.000000, 1.000000
0.079798, 0.000000, 0.000000, 0.000000, 0.000000, 0.000000, 1.000000
0.079798, 0.000000, 0.000000, 0.000000, 0.000000, 0.000000, 1.000000
0.086322, 0.000000, 0.000000, 0.000000, 0.000000, 0.000000, 1.000000
0.086322, 0.000000, 0.000000, 0.000000, 0.000000, 0.000000, 1.000000
0.093011, 0.000000, 0.000000, 0.000000, 0.000000, 0.000000, 1.000000
0.093011, 0.000000, 0.000000, 0.000000, 0.000000, 0.000000, 1.000000
0.093011, 0.000000, 0.000000, 0.000000, 0.000000, 0.000000, 1.000000
0.099858, 0.000000, 0.000000, 0.000000, 0.000000, 0.000000, 1.000000
0.099858, 0.000000, 0.000000, 0.000000, 0.000000, 0.000000, 1.000000
0.106855, 0.000000, 0.000000, 0.000000, 0.000000, 0.000000, 1.000000
0.106855, 0.000000, 0.000000, 0.000000, 0.000000, 0.000000, 1.000000
0.106855, 0.000000, 0.000000, 0.000000, 0.000000, 0.000000, 1.000000
0.113994, 0.000000, 0.000000, 0.000000, 0.000000, 0.000000, 1.000000
0.113994, 0.000000, 0.000000, 0.000000, 0.000000, 0.000000, 1.000000
0.121269, 0.000000, 0.000000, 0.000000, 0.000000, 0.000000, 1.000000
0.121269, 0.000000, 0.000000, 0.000000, 0.000000, 0.000000, 1.000000
0.121269, 0.000000, 0.000000, 0.000000, 0.000000, 0.000000, 1.000000
0.128674, 0.000000, 0.000000, 0.000000, 0.000000, 0.000000, 1.000000
0.128674, 0.000000, 0.000000, 0.000000, 0.000000, 0.000000, 1.000000
0.136203, 0.000000, 0.000000, 0.000000, 0.000000, 0.000000, 1.000000
0.136203, 0.000000, 0.000000, 0.000000, 0.000000, 0.000000, 1.000000
0.136203, 0.000000, 0.000000, 0.000000, 0.000000, 0.000000, 1.000000
0.143849, 0.000000, 0.000000, 0.000000, 0.000000, 0.000000, 1.000000
0.143849, 0.000000, 0.000000, 0.000000, 0.000000, 0.000000, 1.000000
0.151607, 0.000000, 0.000000, 0.000000, 0.000000, 0.000000, 1.000000
0.151607, 0.000000, 0.000000, 0.000000, 0.000000, 0.000000, 1.000000
0.151607, 0.000000, 0.000000, 0.000000, 0.000000, 0.000000, 1.000000
0.159471, 0.000000, 0.000000, 0.000000, 0.000000, 0.000000, 1.000000
0.159471, 0.000000, 0.000000, 0.000000, 0.000000, 0.000000, 1.000000
0.167437, 0.000000, 0.000000, 0.000000, 0.000000, 0.000000, 1.000000
0.167437, 0.000000, 0.000000, 0.000000, 0.000000, 0.000000, 1.000000
0.167437, 0.000000, 0.000000, 0.000000, 0.000000, 0.000000, 1.000000
0.175500, 0.000000, 0.000000, 0.000000, 0.000000, 0.000000, 1.000000
0.175500, 0.000000, 0.000000, 0.000000, 0.000000, 0.000000, 1.000000
0.183655, 0.000000, 0.000000, 0.000000, 0.000000, 0.000000, 1.000000
0.183655, 0.000000, 0.000000, 0.000000, 0.000000, 0.000000, 1.000000
0.183655, 0.000000, 0.000000, 0.000000, 0.000000, 0.000000, 1.000000
0.191897, 0.000000, 0.000000, 0.000000, 0.000000, 0.000000, 1.000000
0.191897, 0.000000, 0.000000, 0.000000, 0.000000, 0.000000, 1.000000
0.200223, 0.000000, 0.000000, 0.000000, 0.000000, 0.000000, 1.000000
0.200223, 0.000000, 0.000000, 0.000000, 0.000000, 0.000000, 1.000000
0.200223, 0.000000, 0.000000, 0.000000, 0.000000, 0.000000, 1.000000
0.208629, 0.000000, 0.000000, 0.000000, 0.000000, 0.000000, 1.000000
0.208629, 0.000000, 0.000000, 0.000000, 0.000000, 0.000000, 1.000000
0.217111, 0.000000, 0.000000, 0.000000, 0.000000, 0.000000, 1.000000
0.217111, 0.000000, 0.000000, 0.000000, 0.000000, 0.000000, 1.000000
0.217111, 0.000000, 0.000000, 0.000000, 0.000000, 0.000000, 1.000000
0.225664, 0.000000, 0.000000, 0.000000, 0.000000, 0.000000, 1.000000
0.225664, 0.000000, 0.000000, 0.000000, 0.000000, 0.000000, 1.000000
0.234287, 0.000000, 0.000000, 0.000000, 0.000000, 0.000000, 1.000000
0.234287, 0.000000, 0.000000, 0.000000, 0.000000, 0.000000, 1.000000
0.234287, 0.000000, 0.000000, 0.000000, 0.000000, 0.000000, 1.000000
0.242975, 0.000000, 0.000000, 0.000000, 0.000000, 0.000000, 1.000000
0.242975, 0.000000, 0.000000, 0.000000, 0.000000, 0.000000, 1.000000
0.251725, 0.000000, 0.000000, 0.000000, 0.000000, 0.000000, 1.000000
0.251725, 0.000000, 0.000000, 0.000000, 0.000000, 0.000000, 1.000000
0.251725, 0.000000, 0.000000, 0.000000, 0.000000, 0.000000, 1.000000
0.260535, 0.000000, 0.000000, 0.000000, 0.000000, 0.000000, 1.000000
0.260535, 0.000000, 0.000000, 0.000000, 0.000000, 0.000000, 1.000000
0.269401, 0.000000, 0.000000, 0.000000, 0.000000, 0.000000, 1.000000
0.269401, 0.000000, 0.000000, 0.000000, 0.000000, 0.000000, 1.000000
0.269401, 0.000000, 0.000000, 0.000000, 0.000000, 0.000000, 1.000000
0.278322, 0.000000, 0.000000, 0.000000, 0.000000, 0.000000, 1.000000
0.278322, 0.000000, 0.000000, 0.000000, 0.000000, 0.000000, 1.000000
0.287293, 0.000000, 0.000000, 0.000000, 0.000000, 0.000000, 1.000000
0.287293, 0.000000, 0.000000, 0.000000, 0.000000, 0.000000, 1.000000
0.287293, 0.000000, 0.000000, 0.000000, 0.000000, 0.000000, 1.000000
0.296314, 0.000000, 0.000000, 0.000000, 0.000000, 0.000000, 1.000000
0.296314, 0.000000, 0.000000, 0.000000, 0.000000, 0.000000, 1.000000
0.305381, 0.000000, 0.000000, 0.000000, 0.000000, 0.000000, 1.000000
0.305381, 0.000000, 0.000000, 0.000000, 0.000000, 0.000000, 1.000000
0.305381, 0.000000, 0.000000, 0.000000, 0.000000, 0.000000, 1.000000
0.314493, 0.000000, 0.000000, 0.000000, 0.000000, 0.000000, 1.000000
0.314493, 0.000000, 0.000000, 0.000000, 0.000000, 0.000000, 1.000000
0.323646, 0.000000, 0.000000, 0.000000, 0.000000, 0.000000, 1.000000
0.323646, 0.000000, 0.000000, 0.000000, 0.000000, 0.000000, 1.000000
0.323646, 0.000000, 0.000000, 0.000000, 0.000000, 0.000000, 1.000000
0.332840, 0.000000, 0.000000, 0.000000, 0.000000, 0.000000, 1.000000
0.332840, 0.000000, 0.000000, 0.000000, 0.000000, 0.000000, 1.000000
0.342073, 0.000000, 0.000000, 0.000000, 0.000000, 0.000000, 1.000000
0.342073, 0.000000, 0.000000, 0.000000, 0.000000, 0.000000, 1.000000
0.342073, 0.000000, 0.000000, 0.000000, 0.000000, 0.000000, 1.000000
0.351341, 0.000000, 0.000000, 0.000000, 0.000000, 0.000000, 1.000000
0.351341, 0.000000, 0.000000, 0.000000, 0.000000, 0.000000, 1.000000
0.360645, 0.000000, 0.000000, 0.000000, 0.000000, 0.000000, 1.000000
0.360645, 0.000000, 0.000000, 0.000000, 0.000000, 0.000000, 1.000000
0.360645, 0.000000, 0.000000, 0.000000, 0.000000, 0.000000, 1.000000
0.369982, 0.000000, 0.000000, 0.000000, 0.000000, 0.000000, 1.000000
0.369982, 0.000000, 0.000000, 0.000000, 0.000000, 0.000000, 1.000000
0.379350, 0.000000, 0.000000, 0.000000, 0.000000, 0.000000, 1.000000
0.379350, 0.000000, 0.000000, 0.000000, 0.000000, 0.000000, 1.000000
0.379350, 0.000000, 0.000000, 0.000000, 0.000000, 0.000000, 1.000000
0.388748, 0.000000, 0.000000, 0.000000, 0.000000, 0.000000, 1.000000
0.388748, 0.000000, 0.000000, 0.000000, 0.000000, 0.000000, 1.000000
0.398175, 0.000000, 0.000000, 0.000000, 0.000000, 0.000000, 1.000000
0.398175, 0.000000, 0.000000, 0.000000, 0.000000, 0.000000, 1.000000
0.398175, 0.000000, 0.000000, 0.000000, 0.000000, 0.000000, 1.000000
0.407629, 0.000000, 0.000000, 0.000000, 0.000000, 0.000000, 1.000000
0.407629, 0.000000, 0.000000, 0.000000, 0.000000, 0.000000, 1.000000
0.417109, 0.000000, 0.000000, 0.000000, 0.000000, 0.000000, 1.000000
0.417109, 0.000000, 0.000000, 0.000000, 0.000000, 0.000000, 1.000000
0.417109, 0.000000, 0.000000, 0.000000, 0.000000, 0.000000, 1.000000
0.426614, 0.000000, 0.000000, 0.000000, 0.000000, 0.000000, 1.000000
0.426614, 0.000000, 0.000000, 0.000000, 0.000000, 0.000000, 1.000000
0.436142, 0.000000, 0.000000, 0.000000, 0.000000, 0.000000, 1.000000
0.436142, 0.000000, 0.000000, 0.000000, 0.000000, 0.000000, 1.000000
0.436142, 0.000000, 0.000000, 0.000000, 0.000000, 0.000000, 1.000000
0.445693, 0.000000, 0.000000, 0.000000, 0.000000, 0.000000, 1.000000
0.445693, 0.000000, 0.000000, 0.000000, 0.000000, 0.000000, 1.000000
0.455265, 0.000000, 0.000000, 0.000000, 0.000000, 0.000000, 1.000000
0.455265, 0.000000, 0.000000, 0.000000, 0.000000, 0.000000, 1.000000
0.455265, 0.000000, 0.000000, 0.000000, 0.000000, 0.000000, 1.000000
0.464858, 0.000000, 0.000000, 0.000000, 0.000000, 0.000000, 1.000000
0.464858, 0.000000, 0.000000, 0.000000, 0.000000, 0.000000, 1.000000
0.474470, 0.000000, 0.000000, 0.000000, 0.000000, 0.000000, 1.000000
0.474470, 0.000000, 0.000000, 0.000000, 0.000000, 0.000000, 1.000000
0.474470, 0.000000, 0.000000, 0.000000, 0.000000, 0.000000, 1.000000
0.484100, 0.000000, 0.000000, 0.000000, 0.000000, 0.000000, 1.000000
0.484100, 0.000000, 0.000000, 0.000000, 0.000000, 0.000000, 1.000000
0.493748, 0.000000, 0.000000, 0.000000, 0.000000, 0.000000, 1.000000
0.493748, 0.000000, 0.000000, 0.000000, 0.000000, 0.000000, 1.000000
0.493748, 0.000000, 0.000000, 0.000000, 0.000000, 0.000000, 1.000000
0.503412, 0.000000, 0.000000, 0.000000, 0.000000, 0.000000, 1.000000
0.503412, 0.000000, 0.000000, 0.000000, 0.000000, 0.000000, 1.000000
0.513093, 0.000000, 0.000000, 0.000000, 0.000000, 0.000000, 1.000000
0.513093, 0.000000, 0.000000, 0.000000, 0.000000, 0.000000, 1.000000
0.513093, 0.000000, 0.000000, 0.000000, 0.000000, 0.000000, 1.000000
0.522789, 0.000000, 0.000000, 0.000000, 0.000000, 0.000000, 1.000000
0.522789, 0.000000, 0.000000, 0.000000, 0.000000, 0.000000, 1.000000
0.532499, 0.000000, 0.000000, 0.000000, 0.000000, 0.000000, 1.000000
0.532499, 0.000000, 0.000000, 0.000000, 0.000000, 0.000000, 1.000000
0.532499, 0.000000, 0.000000, 0.000000, 0.000000, 0.000000, 1.000000
0.542223, 0.000000, 0.000000, 0.000000, 0.000000, 0.000000, 1.000000
0.542223, 0.000000, 0.000000, 0.000000, 0.000000, 0.000000, 1.000000
0.551960, 0.000000, 0.000000, 0.000000, 0.000000, 0.000000, 1.000000
0.551960, 0.000000, 0.000000, 0.000000, 0.000000, 0.000000, 1.000000
0.551960, 0.000000, 0.000000, 0.000000, 0.000000, 0.000000, 1.000000
0.561710, 0.000000, 0.000000, 0.000000, 0.000000, 0.000000, 1.000000
0.561710, 0.000000, 0.000000, 0.000000, 0.000000, 0.000000, 1.000000
0.571471, 0.000000, 0.000000, 0.000000, 0.000000, 0.000000, 1.000000
0.571471, 0.000000, 0.000000, 0.000000, 0.000000, 0.000000, 1.000000
0.571471, 0.000000, 0.000000, 0.000000, 0.000000, 0.000000, 1.000000
0.581244, 0.000000, 0.000000, 0.000000, 0.000000, 0.000000, 1.000000
0.581244, 0.000000, 0.000000, 0.000000, 0.000000, 0.000000, 1.000000
0.591028, 0.000000, 0.000000, 0.000000, 0.000000, 0.000000, 1.000000
0.591028, 0.000000, 0.000000, 0.000000, 0.000000, 0.000000, 1.000000
0.591028, 0.000000, 0.000000, 0.000000, 0.000000, 0.000000, 1.000000
0.600822, 0.000000, 0.000000, 0.000000, 0.000000, 0.000000, 1.000000
0.600822, 0.000000, 0.000000, 0.000000, 0.000000, 0.000000, 1.000000
0.610626, 0.000000, 0.000000, 0.000000, 0.000000, 0.000000, 1.000000
0.610626, 0.000000, 0.000000, 0.000000, 0.000000, 0.000000, 1.000000
0.610626, 0.000000, 0.000000, 0.000000, 0.000000, 0.000000, 1.000000
0.620439, 0.000000, 0.000000, 0.000000, 0.000000, 0.000000, 1.000000
0.620439, 0.000000, 0.000000, 0.000000, 0.000000, 0.000000, 1.000000
0.630261, 0.000000, 0.000000, 0.000000, 0.000000, 0.000000, 1.000000
0.630261, 0.000000, 0.000000, 0.000000, 0.000000, 0.000000, 1.000000
0.630261, 0.000000, 0.000000, 0.000000, 0.000000, 0.000000, 1.000000
0.640091, 0.000000, 0.000000, 0.000000, 0.000000, 0.000000, 1.000000
0.640091, 0.000000, 0.000000, 0.000000, 0.000000, 0.000000, 1.000000
0.649930, 0.000000, 0.000000, 0.000000, 0.000000, 0.000000, 1.000000
0.649930, 0.000000, 0.000000, 0.000000, 0.000000, 0.000000, 1.000000
0.649930, 0.000000, 0.000000, 0.000000, 0.000000, 0.000000, 1.000000
0.659776, 0.000000, 0.000000, 0.000000, 0.000000, 0.000000, 1.000000
0.659776, 0.000000, 0.000000, 0.000000, 0.000000, 0.000000, 1.000000
0.669629, 0.000000, 0.000000, 0.000000, 0.000000, 0.000000, 1.000000
0.669629, 0.000000, 0.000000, 0.000000, 0.000000, 0.000000, 1.000000
0.669629, 0.000000, 0.000000, 0.000000, 0.000000, 0.000000, 1.000000
0.679490, 0.000000, 0.000000, 0.000000, 0.000000, 0.000000, 1.000000
0.679490, 0.000000, 0.000000, 0.000000, 0.000000, 0.000000, 1.000000
0.689357, 0.000000, 0.000000, 0.000000, 0.000000, 0.000000, 1.000000
0.689357, 0.000000, 0.000000, 0.000000, 0.000000, 0.000000, 1.000000
0.689357, 0.000000, 0.000000, 0.000000, 0.000000, 0.000000, 1.000000
0.699230, 0.000000, 0.000000, 0.000000, 0.000000, 0.000000, 1.000000
0.699230, 0.000000, 0.000000, 0.000000, 0.000000, 0.000000, 1.000000
0.709110, 0.000000, 0.000000, 0.000000, 0.000000, 0.000000, 1.000000
0.709110, 0.000000, 0.000000, 0.000000, 0.000000, 0.000000, 1.000000
0.718995, 0.000000, 0.000000, 0.000000, 0.000000, 0.000000, 1.000000
0.718995, 0.000000, 0.000000, 0.000000, 0.000000, 0.000000, 1.000000
0.728886, 0.000000, 0.000000, 0.000000, 0.000000, 0.000000, 1.000000
0.728886, 0.000000, 0.000000, 0.000000, 0.000000, 0.000000, 1.000000
0.728886, 0.000000, 0.000000, 0.000000, 0.000000, 0.000000, 1.000000
0.738782, 0.000000, 0.000000, 0.000000, 0.000000, 0.000000, 1.000000
0.738782, 0.000000, 0.000000, 0.000000, 0.000000, 0.000000, 1.000000
0.748682, 0.000000, 0.000000, 0.000000, 0.000000, 0.000000, 1.000000
0.748682, 0.000000, 0.000000, 0.000000, 0.000000, 0.000000, 1.000000
0.758588, 0.000000, 0.000000, 0.000000, 0.000000, 0.000000, 1.000000
0.758588, 0.000000, 0.000000, 0.000000, 0.000000, 0.000000, 1.000000
0.768498, 0.000000, 0.000000, 0.000000, 0.000000, 0.000000, 1.000000
0.768498, 0.000000, 0.000000, 0.000000, 0.000000, 0.000000, 1.000000
0.768498, 0.000000, 0.000000, 0.000000, 0.000000, 0.000000, 1.000000
0.778412, 0.000000, 0.000000, 0.000000, 0.000000, 0.000000, 1.000000
0.778412, 0.000000, 0.000000, 0.000000, 0.000000, 0.000000, 1.000000
0.788330, 0.000000, 0.000000, 0.000000, 0.000000, 0.000000, 1.000000
0.788330, 0.000000, 0.000000, 0.000000, 0.000000, 0.000000, 1.000000
0.788330, 0.000000, 0.000000, 0.000000, 0.000000, 0.000000, 1.000000
0.798253, 0.000000, 0.000000, 0.000000, 0.000000, 0.000000, 1.000000
0.798253, 0.000000, 0.000000, 0.000000, 0.000000, 0.000000, 1.000000
0.808179, 0.000000, 0.000000, 0.000000, 0.000000, 0.000000, 1.000000
0.808179, 0.000000, 0.000000, 0.000000, 0.000000, 0.000000, 1.000000
0.818108, 0.000000, 0.000000, 0.000000, 0.000000, 0.000000, 1.000000
0.818108, 0.000000, 0.000000, 0.000000, 0.000000, 0.000000, 1.000000
0.828041, 0.000000, 0.000000, 0.000000, 0.000000, 0.000000, 1.000000
0.828041, 0.000000, 0.000000, 0.000000, 0.000000, 0.000000, 1.000000
0.828041, 0.000000, 0.000000, 0.000000, 0.000000, 0.000000, 1.000000
0.837977, 0.000000, 0.000000, 0.000000, 0.000000, 0.000000, 1.000000
0.837977, 0.000000, 0.000000, 0.000000, 0.000000, 0.000000, 1.000000
0.847916, 0.000000, 0.000000, 0.000000, 0.000000, 0.000000, 1.000000
0.847916, 0.000000, 0.000000, 0.000000, 0.000000, 0.000000, 1.000000
0.847916, 0.000000, 0.000000, 0.000000, 0.000000, 0.000000, 1.000000
0.857858, 0.000000, 0.000000, 0.000000, 0.000000, 0.000000, 1.000000
0.857858, 0.000000, 0.000000, 0.000000, 0.000000, 0.000000, 1.000000
0.867803, 0.000000, 0.000000, 0.000000, 0.000000, 0.000000, 1.000000
0.867803, 0.000000, 0.000000, 0.000000, 0.000000, 0.000000, 1.000000
0.867803, 0.000000, 0.000000, 0.000000, 0.000000, 0.000000, 1.000000
0.877750, 0.000000, 0.000000, 0.000000, 0.000000, 0.000000, 1.000000
0.877750, 0.000000, 0.000000, 0.000000, 0.000000, 0.000000, 1.000000
0.887700, 0.000000, 0.000000, 0.000000, 0.000000, 0.000000, 1.000000
0.887700, 0.000000, 0.000000, 0.000000, 0.000000, 0.000000, 1.000000
0.887700, 0.000000, 0.000000, 0.000000, 0.000000, 0.000000, 1.000000
0.897652, 0.000000, 0.000000, 0.000000, 0.000000, 0.000000, 1.000000
0.897652, 0.000000, 0.000000, 0.000000, 0.000000, 0.000000, 1.000000
0.907607, 0.000000, 0.000000, 0.000000, 0.000000, 0.000000, 1.000000
0.907607, 0.000000, 0.000000, 0.000000, 0.000000, 0.000000, 1.000000
0.917563, 0.000000, 0.000000, 0.000000, 0.000000, 0.000000, 1.000000
0.917563, 0.000000, 0.000000, 0.000000, 0.000000, 0.000000, 1.000000
0.927522, 0.000000, 0.000000, 0.000000, 0.000000, 0.000000, 1.000000
0.927522, 0.000000, 0.000000, 0.000000, 0.000000, 0.000000, 1.000000
0.927522, 0.000000, 0.000000, 0.000000, 0.000000, 0.000000, 1.000000
0.937483, 0.000000, 0.000000, 0.000000, 0.000000, 0.000000, 1.000000
0.947445, 0.000000, 0.000000, 0.000000, 0.000000, 0.000000, 1.000000
0.947445, 0.000000, 0.000000, 0.000000, 0.000000, 0.000000, 1.000000
0.947445, 0.000000, 0.000000, 0.000000, 0.000000, 0.000000, 1.000000
0.957409, 0.000000, 0.000000, 0.000000, 0.000000, 0.000000, 1.000000
0.957409, 0.000000, 0.000000, 0.000000, 0.000000, 0.000000, 1.000000
0.967375, 0.000000, 0.000000, 0.000000, 0.000000, 0.000000, 1.000000
0.967375, 0.000000, 0.000000, 0.000000, 0.000000, 0.000000, 1.000000
0.977343, 0.000000, 0.000000, 0.000000, 0.000000, 0.000000, 1.000000
0.977343, 0.000000, 0.000000, 0.000000, 0.000000, 0.000000, 1.000000
0.987312, 0.000000, 0.000000, 0.000000, 0.000000, 0.000000, 1.000000
0.987312, 0.000000, 0.000000, 0.000000, 0.000000, 0.000000, 1.000000
0.987312, 0.000000, 0.000000, 0.000000, 0.000000, 0.000000, 1.000000
0.997283, 0.000000, 0.000000, 0.000000, 0.000000, 0.000000, 1.000000
1.007255, 0.000000, 0.000000, 0.000000, 0.000000, 0.000000, 1.000000
1.007255, 0.000000, 0.000000, 0.000000, 0.000000, 0.000000, 1.000000
1.007255, 0.000000, 0.000000, 0.000000, 0.000000, 0.000000, 1.000000
1.017228, 0.000000, 0.000000, 0.000000, 0.000000, 0.000000, 1.000000
1.017228, 0.000000, 0.000000, 0.000000, 0.000000, 0.000000, 1.000000
1.027203, 0.000000, 0.000000, 0.000000, 0.000000, 0.000000, 1.000000
1.027203, 0.000000, 0.000000, 0.000000, 0.000000, 0.000000, 1.000000
1.037179, 0.000000, 0.000000, 0.000000, 0.000000, 0.000000, 1.000000
1.037179, 0.000000, 0.000000, 0.000000, 0.000000, 0.000000, 1.000000
1.047156, 0.000000, 0.000000, 0.000000, 0.000000, 0.000000, 1.000000
1.047156, 0.000000, 0.000000, 0.000000, 0.000000, 0.000000, 1.000000
1.047156, 0.000000, 0.000000, 0.000000, 0.000000, 0.000000, 1.000000
1.057134, 0.000000, 0.000000, 0.000000, 0.000000, 0.000000, 1.000000
1.057134, 0.000000, 0.000000, 0.000000, 0.000000, 0.000000, 1.000000
1.067113, 0.000000, 0.000000, 0.000000, 0.000000, 0.000000, 1.000000
1.067113, 0.000000, 0.000000, 0.000000, 0.000000, 0.000000, 1.000000
1.067113, 0.000000, 0.000000, 0.000000, 0.000000, 0.000000, 1.000000
1.077093, 0.000000, 0.000000, 0.000000, 0.000000, 0.000000, 1.000000
1.077093, 0.000000, 0.000000, 0.000000, 0.000000, 0.000000, 1.000000
1.087074, 0.000000, 0.000000, 0.000000, 0.000000, 0.000000, 1.000000
1.087074, 0.000000, 0.000000, 0.000000, 0.000000, 0.000000, 1.000000
1.087074, 0.000000, 0.000000, 0.000000, 0.000000, 0.000000, 1.000000
1.097056, 0.000000, 0.000000, 0.000000, 0.000000, 0.000000, 1.000000
1.097056, 0.000000, 0.000000, 0.000000, 0.000000, 0.000000, 1.000000
1.107039, 0.000000, 0.000000, 0.000000, 0.000000, 0.000000, 1.000000
1.107039, 0.000000, 0.000000, 0.000000, 0.000000, 0.000000, 1.000000
1.107039, 0.000000, 0.000000, 0.000000, 0.000000, 0.000000, 1.000000
1.117023, 0.000000, 0.000000, 0.000000, 0.000000, 0.000000, 1.000000
1.117023, 0.000000, 0.000000, 0.000000, 0.000000, 0.000000, 1.000000
1.127007, 0.000000, 0.000000, 0.000000, 0.000000, 0.000000, 1.000000
1.127007, 0.000000, 0.000000, 0.000000, 0.000000, 0.000000, 1.000000
1.127007, 0.000000, 0.000000, 0.000000, 0.000000, 0.000000, 1.000000
1.136992, 0.000000, 0.000000, 0.000000, 0.000000, 0.000000, 1.000000
1.136992, 0.000000, 0.000000, 0.000000, 0.000000, 0.000000, 1.000000
1.146978, 0.000000, 0.000000, 0.000000, 0.000000, 0.000000, 1.000000
1.146978, 0.000000, 0.000000, 0.000000, 0.000000, 0.000000, 1.000000
1.146978, 0.000000, 0.000000, 0.000000, 0.000000, 0.000000, 1.000000
1.156965, 0.000000, 0.000000, 0.000000, 0.000000, 0.000000, 1.000000
1.156965, 0.000000, 0.000000, 0.000000, 0.000000, 0.000000, 1.000000
1.166952, 0.000000, 0.000000, 0.000000, 0.000000, 0.000000, 1.000000
1.166952, 0.000000, 0.000000, 0.000000, 0.000000, 0.000000, 1.000000
1.166952, 0.000000, 0.000000, 0.000000, 0.000000, 0.000000, 1.000000
1.176940, 0.000000, 0.000000, 0.000000, 0.000000, 0.000000, 1.000000
1.176940, 0.000000, 0.000000, 0.000000, 0.000000, 0.000000, 1.000000
1.186928, 0.000000, 0.000000, 0.000000, 0.000000, 0.000000, 1.000000
1.186928, 0.000000, 0.000000, 0.000000, 0.000000, 0.000000, 1.000000
1.196917, 0.000000, 0.000000, 0.000000, 0.000000, 0.000000, 1.000000
1.196917, 0.000000, 0.000000, 0.000000, 0.000000, 0.000000, 1.000000
1.206906, 0.000000, 0.000000, 0.000000, 0.000000, 0.000000, 1.000000
1.206906, 0.000000, 0.000000, 0.000000, 0.000000, 0.000000, 1.000000
1.206906, 0.000000, 0.000000, 0.000000, 0.000000, 0.000000, 1.000000
1.216896, 0.000000, 0.000000, 0.000000, 0.000000, 0.000000, 1.000000
1.216896, 0.000000, 0.000000, 0.000000, 0.000000, 0.000000, 1.000000
1.226887, 0.000000, 0.000000, 0.000000, 0.000000, 0.000000, 1.000000
1.226887, 0.000000, 0.000000, 0.000000, 0.000000, 0.000000, 1.000000
1.226887, 0.000000, 0.000000, 0.000000, 0.000000, 0.000000, 1.000000
1.236878, 0.000000, 0.000000, 0.000000, 0.000000, 0.000000, 1.000000
1.236878, 0.000000, 0.000000, 0.000000, 0.000000, 0.000000, 1.000000
1.246869, 0.000000, 0.000000, 0.000000, 0.000000, 0.000000, 1.000000
1.246869, 0.000000, 0.000000, 0.000000, 0.000000, 0.000000, 1.000000
1.246869, 0.000000, 0.000000, 0.000000, 0.000000, 0.000000, 1.000000
1.256861, 0.000000, 0.000000, 0.000000, 0.000000, 0.000000, 1.000000
1.266853, 0.000000, 0.000000, 0.000000, 0.000000, 0.000000, 1.000000
1.266853, 0.000000, 0.000000, 0.000000, 0.000000, 0.000000, 1.000000
1.266853, 0.000000, 0.000000, 0.000000, 0.000000, 0.000000, 1.000000
1.276845, 0.000000, 0.000000, 0.000000, 0.000000, 0.000000, 1.000000
1.276845, 0.000000, 0.000000, 0.000000, 0.000000, 0.000000, 1.000000
1.286838, 0.000000, 0.000000, 0.000000, 0.000000, 0.000000, 1.000000
1.286838, 0.000000, 0.000000, 0.000000, 0.000000, 0.000000, 1.000000
1.296831, 0.000000, 0.000000, 0.000000, 0.000000, 0.000000, 1.000000
1.296831, 0.000000, 0.000000, 0.000000, 0.000000, 0.000000, 1.000000
1.306825, 0.000000, 0.000000, 0.000000, 0.000000, 0.000000, 1.000000
1.306825, 0.000000, 0.000000, 0.000000, 0.000000, 0.000000, 1.000000
1.306825, 0.000000, 0.000000, 0.000000, 0.000000, 0.000000, 1.000000
1.316819, 0.000000, 0.000000, 0.000000, 0.000000, 0.000000, 1.000000
1.316819, 0.000000, 0.000000, 0.000000, 0.000000, 0.000000, 1.000000
1.326813, 0.000000, 0.000000, 0.000000, 0.000000, 0.000000, 1.000000
1.326813, 0.000000, 0.000000, 0.000000, 0.000000, 0.000000, 1.000000
1.326813, 0.000000, 0.000000, 0.000000, 0.000000, 0.000000, 1.000000
1.336807, 0.000000, 0.000000, 0.000000, 0.000000, 0.000000, 1.000000
1.336807, 0.000000, 0.000000, 0.000000, 0.000000, 0.000000, 1.000000
1.346802, 0.000000, 0.000000, 0.000000, 0.000000, 0.000000, 1.000000
1.346802, 0.000000, 0.000000, 0.000000, 0.000000, 0.000000, 1.000000
1.346802, 0.000000, 0.000000, 0.000000, 0.000000, 0.000000, 1.000000
1.356797, 0.000000, 0.000000, 0.000000, 0.000000, 0.000000, 1.000000
1.356797, 0.000000, 0.000000, 0.000000, 0.000000, 0.000000, 1.000000
1.366792, 0.000000, 0.000000, 0.000000, 0.000000, 0.000000, 1.000000
1.366792, 0.000000, 0.000000, 0.000000, 0.000000, 0.000000, 1.000000
1.366792, 0.000000, 0.000000, 0.000000, 0.000000, 0.000000, 1.000000
1.376787, 0.000000, 0.000000, 0.000000, 0.000000, 0.000000, 1.000000
1.376787, 0.000000, 0.000000, 0.000000, 0.000000, 0.000000, 1.000000
1.386783, 0.000000, 0.000000, 0.000000, 0.000000, 0.000000, 1.000000
1.386783, 0.000000, 0.000000, 0.000000, 0.000000, 0.000000, 1.000000
1.386783, 0.000000, 0.000000, 0.000000, 0.000000, 0.000000, 1.000000
1.396779, 0.000000, 0.000000, 0.000000, 0.000000, 0.000000, 1.000000
1.396779, 0.000000, 0.000000, 0.000000, 0.000000, 0.000000, 1.000000
1.406775, 0.000000, 0.000000, 0.000000, 0.000000, 0.000000, 1.000000
1.406775, 0.000000, 0.000000, 0.000000, 0.000000, 0.000000, 1.000000
1.406775, 0.000000, 0.000000, 0.000000, 0.000000, 0.000000, 1.000000
1.416771, 0.000000, 0.000000, 0.000000, 0.000000, 0.000000, 1.000000
1.426767, 0.000000, 0.000000, 0.000000, 0.000000, 0.000000, 1.000000
1.426767, 0.000000, 0.000000, 0.000000, 0.000000, 0.000000, 1.000000
1.426767, 0.000000, 0.000000, 0.000000, 0.000000, 0.000000, 1.000000
1.436764, 0.000000, 0.000000, 0.000000, 0.000000, 0.000000, 1.000000
1.436764, 0.000000, 0.000000, 0.000000, 0.000000, 0.000000, 1.000000
1.446761, 0.000000, 0.000000, 0.000000, 0.000000, 0.000000, 1.000000
1.446761, 0.000000, 0.000000, 0.000000, 0.000000, 0.000000, 1.000000
1.446761, 0.000000, 0.000000, 0.000000, 0.000000, 0.000000, 1.000000
1.456758, 0.000000, 0.000000, 0.000000, 0.000000, 0.000000, 1.000000
1.456758, 0.000000, 0.000000, 0.000000, 0.000000, 0.000000, 1.000000
1.466755, 0.000000, 0.000000, 0.000000, 0.000000, 0.000000, 1.000000
1.466755, 0.000000, 0.000000, 0.000000, 0.000000, 0.000000, 1.000000
1.466755, 0.000000, 0.000000, 0.000000, 0.000000, 0.000000, 1.000000
1.476752, 0.000000, 0.000000, 0.000000, 0.000000, 0.000000, 1.000000
1.486749, 0.000000, 0.000000, 0.000000, 0.000000, 0.000000, 1.000000
1.486749, 0.000000, 0.000000, 0.000000, 0.000000, 0.000000, 1.000000
1.486749, 0.000000, 0.000000, 0.000000, 0.000000, 0.000000, 1.000000
1.496747, 0.000000, 0.000000, 0.000000, 0.000000, 0.000000, 1.000000
1.496747, 0.000000, 0.000000, 0.000000, 0.000000, 0.000000, 1.000000
1.506744, 0.000000, 0.000000, 0.000000, 0.000000, 0.000000, 1.000000
1.506744, 0.000000, 0.000000, 0.000000, 0.000000, 0.000000, 1.000000
1.516742, 0.000000, 0.000000, 0.000000, 0.000000, 0.000000, 1.000000
1.516742, 0.000000, 0.000000, 0.000000, 0.000000, 0.000000, 1.000000
1.526740, 0.000000, 0.000000, 0.000000, 0.000000, 0.000000, 1.000000
1.526740, 0.000000, 0.000000, 0.000000, 0.000000, 0.000000, 1.000000
1.526740, 0.000000, 0.000000, 0.000000, 0.000000, 0.000000, 1.000000
1.536737, 0.000000, 0.000000, 0.000000, 0.000000, 0.000000, 1.000000
1.536737, 0.000000, 0.000000, 0.000000, 0.000000, 0.000000, 1.000000
1.546735, 0.000000, 0.000000, 0.000000, 0.000000, 0.000000, 1.000000
1.546735, 0.000000, 0.000000, 0.000000, 0.000000, 0.000000, 1.000000
1.556733, 0.000000, 0.000000, 0.000000, 0.000000, 0.000000, 1.000000
1.556733, 0.000000, 0.000000, 0.000000, 0.000000, 0.000000, 1.000000
1.566732, 0.000000, 0.000000, 0.000000, 0.000000, 0.000000, 1.000000
1.566732, 0.000000, 0.000000, 0.000000, 0.000000, 0.000000, 1.000000
1.566732, 0.000000, 0.000000, 0.000000, 0.000000, 0.000000, 1.000000
1.576730, 0.000000, 0.000000, 0.000000, 0.000000, 0.000000, 1.000000
1.586728, 0.000000, 0.000000, 0.000000, 0.000000, 0.000000, 1.000000
1.586728, 0.000000, 0.000000, 0.000000, 0.000000, 0.000000, 1.000000
1.586728, 0.000000, 0.000000, 0.000000, 0.000000, 0.000000, 1.000000
1.596727, 0.000000, 0.000000, 0.000000, 0.000000, 0.000000, 1.000000
1.596727, 0.000000, 0.000000, 0.000000, 0.000000, 0.000000, 1.000000
1.606725, 0.000000, 0.000000, 0.000000, 0.000000, 0.000000, 1.000000
1.606725, 0.000000, 0.000000, 0.000000, 0.000000, 0.000000, 1.000000
1.616724, 0.000000, 0.000000, 0.000000, 0.000000, 0.000000, 1.000000
1.616724, 0.000000, 0.000000, 0.000000, 0.000000, 0.000000, 1.000000
1.626722, 0.000000, 0.000000, 0.000000, 0.000000, 0.000000, 1.000000
1.626722, 0.000000, 0.000000, 0.000000, 0.000000, 0.000000, 1.000000
1.626722, 0.000000, 0.000000, 0.000000, 0.000000, 0.000000, 1.000000
1.636721, 0.000000, 0.000000, 0.000000, 0.000000, 0.000000, 1.000000
1.636721, 0.000000, 0.000000, 0.000000, 0.000000, 0.000000, 1.000000
1.646720, 0.000000, 0.000000, 0.000000, 0.000000, 0.000000, 1.000000
1.646720, 0.000000, 0.000000, 0.000000, 0.000000, 0.000000, 1.000000
1.646720, 0.000000, 0.000000, 0.000000, 0.000000, 0.000000, 1.000000
1.656719, 0.000000, 0.000000, 0.000000, 0.000000, 0.000000, 1.000000
1.656719, 0.000000, 0.000000, 0.000000, 0.000000, 0.000000, 1.000000
1.666718, 0.000000, 0.000000, 0.000000, 0.000000, 0.000000, 1.000000
1.666718, 0.000000, 0.000000, 0.000000, 0.000000, 0.000000, 1.000000
1.676716, 0.000000, 0.000000, 0.000000, 0.000000, 0.000000, 1.000000
1.676716, 0.000000, 0.000000, 0.000000, 0.000000, 0.000000, 1.000000
1.686715, 0.000000, 0.000000, 0.000000, 0.000000, 0.000000, 1.000000
1.686715, 0.000000, 0.000000, 0.000000, 0.000000, 0.000000, 1.000000
1.686715, 0.000000, 0.000000, 0.000000, 0.000000, 0.000000, 1.000000
1.696714, 0.000000, 0.000000, 0.000000, 0.000000, 0.000000, 1.000000
1.696714, 0.000000, 0.000000, 0.000000, 0.000000, 0.000000, 1.000000
1.706714, 0.000000, 0.000000, 0.000000, 0.000000, 0.000000, 1.000000
1.706714, 0.000000, 0.000000, 0.000000, 0.000000, 0.000000, 1.000000
1.716713, 0.000000, 0.000000, 0.000000, 0.000000, 0.000000, 1.000000
1.716713, 0.000000, 0.000000, 0.000000, 0.000000, 0.000000, 1.000000
1.726712, 0.000000, 0.000000, 0.000000, 0.000000, 0.000000, 1.000000
1.726712, 0.000000, 0.000000, 0.000000, 0.000000, 0.000000, 1.000000
1.726712, 0.000000, 0.000000, 0.000000, 0.000000, 0.000000, 1.000000
1.736711, 0.000000, 0.000000, 0.000000, 0.000000, 0.000000, 1.000000
1.746710, 0.000000, 0.000000, 0.000000, 0.000000, 0.000000, 1.000000
1.746710, 0.000000, 0.000000, 0.000000, 0.000000, 0.000000, 1.000000
1.746710, 0.000000, 0.000000, 0.000000, 0.000000, 0.000000, 1.000000
1.756710, 0.000000, 0.000000, 0.000000, 0.000000, 0.000000, 1.000000
1.756710, 0.000000, 0.000000, 0.000000, 0.000000, 0.000000, 1.000000
1.766709, 0.000000, 0.000000, 0.000000, 0.000000, 0.000000, 1.000000
1.766709, 0.000000, 0.000000, 0.000000, 0.000000, 0.000000, 1.000000
1.766709, 0.000000, 0.000000, 0.000000, 0.000000, 0.000000, 1.000000
1.776708, 0.000000, 0.000000, 0.000000, 0.000000, 0.000000, 1.000000
1.776708, 0.000000, 0.000000, 0.000000, 0.000000, 0.000000, 1.000000
1.786708, 0.000000, 0.000000, 0.000000, 0.000000, 0.000000, 1.000000
1.786708, 0.000000, 0.000000, 0.000000, 0.000000, 0.000000, 1.000000
1.786708, 0.000000, 0.000000, 0.000000, 0.000000, 0.000000, 1.000000
1.796707, 0.000000, 0.000000, 0.000000, 0.000000, 0.000000, 1.000000
1.796707, 0.000000, 0.000000, 0.000000, 0.000000, 0.000000, 1.000000
1.806706, 0.000000, 0.000000, 0.000000, 0.000000, 0.000000, 1.000000
1.806706, 0.000000, 0.000000, 0.000000, 0.000000, 0.000000, 1.000000
1.806706, 0.000000, 0.000000, 0.000000, 0.000000, 0.000000, 1.000000
1.816706, 0.000000, 0.000000, 0.000000, 0.000000, 0.000000, 1.000000
1.816706, 0.000000, 0.000000, 0.000000, 0.000000, 0.000000, 1.000000
1.826705, 0.000000, 0.000000, 0.000000, 0.000000, 0.000000, 1.000000
1.826705, 0.000000, 0.000000, 0.000000, 0.000000, 0.000000, 1.000000
1.836705, 0.000000, 0.000000, 0.000000, 0.000000, 0.000000, 1.000000
1.836705, 0.000000, 0.000000, 0.000000, 0.000000, 0.000000, 1.000000
1.846704, 0.000000, 0.000000, 0.000000, 0.000000, 0.000000, 1.000000
1.846704, 0.000000, 0.000000, 0.000000, 0.000000, 0.000000, 1.000000
1.846704, 0.000000, 0.000000, 0.000000, 0.000000, 0.000000, 1.000000
1.856704, 0.000000, 0.000000, 0.000000, 0.000000, 0.000000, 1.000000
1.856704, 0.000000, 0.000000, 0.000000, 0.000000, 0.000000, 1.000000
1.866704, 0.000000, 0.000000, 0.000000, 0.000000, 0.000000, 1.000000
1.866704, 0.000000, 0.000000, 0.000000, 0.000000, 0.000000, 1.000000
1.876703, 0.000000, 0.000000, 0.000000, 0.000000, 0.000000, 1.000000
1.876703, 0.000000, 0.000000, 0.000000, 0.000000, 0.000000, 1.000000
1.886703, 0.000000, 0.000000, 0.000000, 0.000000, 0.000000, 1.000000
1.886703, 0.000000, 0.000000, 0.000000, 0.000000, 0.000000, 1.000000
1.886703, 0.000000, 0.000000, 0.000000, 0.000000, 0.000000, 1.000000
1.896702, 0.000000, 0.000000, 0.000000, 0.000000, 0.000000, 1.000000
1.896702, 0.000000, 0.000000, 0.000000, 0.000000, 0.000000, 1.000000
1.906702, 0.000000, 0.000000, 0.000000, 0.000000, 0.000000, 1.000000
1.906702, 0.000000, 0.000000, 0.000000, 0.000000, 0.000000, 1.000000
1.906702, 0.000000, 0.000000, 0.000000, 0.000000, 0.000000, 1.000000
1.916702, 0.000000, 0.000000, 0.000000, 0.000000, 0.000000, 1.000000
1.916702, 0.000000, 0.000000, 0.000000, 0.000000, 0.000000, 1.000000
1.926701, 0.000000, 0.000000, 0.000000, 0.000000, 0.000000, 1.000000
1.926701, 0.000000, 0.000000, 0.000000, 0.000000, 0.000000, 1.000000
1.936701, 0.000000, 0.000000, 0.000000, 0.000000, 0.000000, 1.000000
1.936701, 0.000000, 0.000000, 0.000000, 0.000000, 0.000000, 1.000000
1.946701, 0.000000, 0.000000, 0.000000, 0.000000, 0.000000, 1.000000
1.946701, 0.000000, 0.000000, 0.000000, 0.000000, 0.000000, 1.000000
1.946701, 0.000000, 0.000000, 0.000000, 0.000000, 0.000000, 1.000000
1.956701, 0.000000, 0.000000, 0.000000, 0.000000, 0.000000, 1.000000
1.966700, 0.000000, 0.000000, 0.000000, 0.000000, 0.000000, 1.000000
1.966700, 0.000000, 0.000000, 0.000000, 0.000000, 0.000000, 1.000000
1.966700, 0.000000, 0.000000, 0.000000, 0.000000, 0.000000, 1.000000
1.976700, 0.000000, 0.000000, 0.000000, 0.000000, 0.000000, 1.000000
1.976700, 0.000000, 0.000000, 0.000000, 0.000000, 0.000000, 1.000000
1.986700, 0.000000, 0.000000, 0.000000, 0.000000, 0.000000, 1.000000
1.986700, 0.000000, 0.000000, 0.000000, 0.000000, 0.000000, 1.000000
1.996700, 0.000000, 0.000000, 0.000000, 0.000000, 0.000000, 1.000000
1.996700, 0.000000, 0.000000, 0.000000, 0.000000, 0.000000, 1.000000
1.996700, 0.000000, 0.000000, 0.000000, 0.000000, 0.000000, 1.000000
2.006699, 0.000000, 0.000000, 0.000000, 0.000000, 0.000000, 1.000000
2.006699, 0.000000, 0.000000, 0.000000, 0.000000, 0.000000, 1.000000
2.006699, 0.000000, 0.000000, 0.000000, 0.000000, 0.000000, 1.000000
2.016699, 0.000000, 0.000000, 0.000000, 0.000000, 0.000000, 1.000000
2.016699, 0.000000, 0.000000, 0.000000, 0.000000, 0.000000, 1.000000
2.026699, 0.000000, 0.000000, 0.000000, 0.000000, 0.000000, 1.000000
2.026699, 0.000000, 0.000000, 0.000000, 0.000000, 0.000000, 1.000000
2.026699, 0.000000, 0.000000, 0.000000, 0.000000, 0.000000, 1.000000
2.036699, 0.000000, 0.000000, 0.000000, 0.000000, 0.000000, 1.000000
2.036699, 0.000000, 0.000000, 0.000000, 0.000000, 0.000000, 1.000000
2.046699, 0.000000, 0.000000, 0.000000, 0.000000, 0.000000, 1.000000
2.046699, 0.000000, 0.000000, 0.000000, 0.000000, 0.000000, 1.000000
2.046699, 0.000000, 0.000000, 0.000000, 0.000000, 0.000000, 1.000000
2.056698, 0.000000, 0.000000, 0.000000, 0.000000, 0.000000, 1.000000
2.056698, 0.000000, 0.000000, 0.000000, 0.000000, 0.000000, 1.000000
2.066698, 0.000000, 0.000000, 0.000000, 0.000000, 0.000000, 1.000000
2.066698, 0.000000, 0.000000, 0.000000, 0.000000, 0.000000, 1.000000
2.066698, 0.000000, 0.000000, 0.000000, 0.000000, 0.000000, 1.000000
2.076698, 0.000000, 0.000000, 0.000000, 0.000000, 0.000000, 1.000000
2.076698, 0.000000, 0.000000, 0.000000, 0.000000, 0.000000, 1.000000
2.086698, 0.000000, 0.000000, 0.000000, 0.000000, 0.000000, 1.000000
2.086698, 0.000000, 0.000000, 0.000000, 0.000000, 0.000000, 1.000000
2.086698, 0.000000, 0.000000, 0.000000, 0.000000, 0.000000, 1.000000
2.096698, 0.000000, 0.000000, 0.000000, 0.000000, 0.000000, 1.000000
2.096698, 0.000000, 0.000000, 0.000000, 0.000000, 0.000000, 1.000000
2.106698, 0.000000, 0.000000, 0.000000, 0.000000, 0.000000, 1.000000
2.106698, 0.000000, 0.000000, 0.000000, 0.000000, 0.000000, 1.000000
2.106698, 0.000000, 0.000000, 0.000000, 0.000000, 0.000000, 1.000000
2.116698, 0.000000, 0.000000, 0.000000, 0.000000, 0.000000, 1.000000
2.116698, 0.000000, 0.000000, 0.000000, 0.000000, 0.000000, 1.000000
2.126697, 0.000000, 0.000000, 0.000000, 0.000000, 0.000000, 1.000000
2.126697, 0.000000, 0.000000, 0.000000, 0.000000, 0.000000, 1.000000
2.126697, 0.000000, 0.000000, 0.000000, 0.000000, 0.000000, 1.000000
2.136697, 0.000000, 0.000000, 0.000000, 0.000000, 0.000000, 1.000000
2.136697, 0.000000, 0.000000, 0.000000, 0.000000, 0.000000, 1.000000
2.146697, 0.000000, 0.000000, 0.000000, 0.000000, 0.000000, 1.000000
2.146697, 0.000000, 0.000000, 0.000000, 0.000000, 0.000000, 1.000000
2.146697, 0.000000, 0.000000, 0.000000, 0.000000, 0.000000, 1.000000
2.156697, 0.000000, 0.000000, 0.000000, 0.000000, 0.000000, 1.000000
2.156697, 0.000000, 0.000000, 0.000000, 0.000000, 0.000000, 1.000000
2.166697, 0.000000, 0.000000, 0.000000, 0.000000, 0.000000, 1.000000
2.166697, 0.000000, 0.000000, 0.000000, 0.000000, 0.000000, 1.000000
2.166697, 0.000000, 0.000000, 0.000000, 0.000000, 0.000000, 1.000000
2.176697, 0.000000, 0.000000, 0.000000, 0.000000, 0.000000, 1.000000
2.176697, 0.000000, 0.000000, 0.000000, 0.000000, 0.000000, 1.000000
2.186697, 0.000000, 0.000000, 0.000000, 0.000000, 0.000000, 1.000000
2.186697, 0.000000, 0.000000, 0.000000, 0.000000, 0.000000, 1.000000
2.186697, 0.000000, 0.000000, 0.000000, 0.000000, 0.000000, 1.000000
2.196697, 0.000000, 0.000000, 0.000000, 0.000000, 0.000000, 1.000000
2.196697, 0.000000, 0.000000, 0.000000, 0.000000, 0.000000, 1.000000
2.206697, 0.000000, 0.000000, 0.000000, 0.000000, 0.000000, 1.000000
2.206697, 0.000000, 0.000000, 0.000000, 0.000000, 0.000000, 1.000000
2.206697, 0.000000, 0.000000, 0.000000, 0.000000, 0.000000, 1.000000
2.216697, 0.000000, 0.000000, 0.000000, 0.000000, 0.000000, 1.000000
2.226697, 0.000000, 0.000000, 0.000000, 0.000000, 0.000000, 1.000000
2.226697, 0.000000, 0.000000, 0.000000, 0.000000, 0.000000, 1.000000
2.226697, 0.000000, 0.000000, 0.000000, 0.000000, 0.000000, 1.000000
2.236696, 0.000000, 0.000000, 0.000000, 0.000000, 0.000000, 1.000000
2.236696, 0.000000, 0.000000, 0.000000, 0.000000, 0.000000, 1.000000
2.246696, 0.000000, 0.000000, 0.000000, 0.000000, 0.000000, 1.000000
2.246696, 0.000000, 0.000000, 0.000000, 0.000000, 0.000000, 1.000000
2.246696, 0.000000, 0.000000, 0.000000, 0.000000, 0.000000, 1.000000
2.256696, 0.000000, 0.000000, 0.000000, 0.000000, 0.000000, 1.000000
2.256696, 0.000000, 0.000000, 0.000000, 0.000000, 0.000000, 1.000000
2.266696, 0.000000, 0.000000, 0.000000, 0.000000, 0.000000, 1.000000
2.266696, 0.000000, 0.000000, 0.000000, 0.000000, 0.000000, 1.000000
2.266696, 0.000000, 0.000000, 0.000000, 0.000000, 0.000000, 1.000000
2.276696, 0.000000, 0.000000, 0.000000, 0.000000, 0.000000, 1.000000
2.286696, 0.000000, 0.000000, 0.000000, 0.000000, 0.000000, 1.000000
2.286696, 0.000000, 0.000000, 0.000000, 0.000000, 0.000000, 1.000000
2.286696, 0.000000, 0.000000, 0.000000, 0.000000, 0.000000, 1.000000
2.296696, 0.000000, 0.000000, 0.000000, 0.000000, 0.000000, 1.000000
2.296696, 0.000000, 0.000000, 0.000000, 0.000000, 0.000000, 1.000000
2.306696, 0.000000, 0.000000, 0.000000, 0.000000, 0.000000, 1.000000
2.306696, 0.000000, 0.000000, 0.000000, 0.000000, 0.000000, 1.000000
2.316696, 0.000000, 0.000000, 0.000000, 0.000000, 0.000000, 1.000000
2.316696, 0.000000, 0.000000, 0.000000, 0.000000, 0.000000, 1.000000
2.326696, 0.000000, 0.000000, 0.000000, 0.000000, 0.000000, 1.000000
2.326696, 0.000000, 0.000000, 0.000000, 0.000000, 0.000000, 1.000000
2.326696, 0.000000, 0.000000, 0.000000, 0.000000, 0.000000, 1.000000
2.336696, 0.000000, 0.000000, 0.000000, 0.000000, 0.000000, 1.000000
2.336696, 0.000000, 0.000000, 0.000000, 0.000000, 0.000000, 1.000000
2.346696, 0.000000, 0.000000, 0.000000, 0.000000, 0.000000, 1.000000
2.346696, 0.000000, 0.000000, 0.000000, 0.000000, 0.000000, 1.000000
2.356696, 0.000000, 0.000000, 0.000000, 0.000000, 0.000000, 1.000000
2.356696, 0.000000, 0.000000, 0.000000, 0.000000, 0.000000, 1.000000
2.366696, 0.000000, 0.000000, 0.000000, 0.000000, 0.000000, 1.000000
2.366696, 0.000000, 0.000000, 0.000000, 0.000000, 0.000000, 1.000000
2.366696, 0.000000, 0.000000, 0.000000, 0.000000, 0.000000, 1.000000
2.376696, 0.000000, 0.000000, 0.000000, 0.000000, 0.000000, 1.000000
2.376696, 0.000000, 0.000000, 0.000000, 0.000000, 0.000000, 1.000000
2.386696, 0.000000, 0.000000, 0.000000, 0.000000, 0.000000, 1.000000
2.386696, 0.000000, 0.000000, 0.000000, 0.000000, 0.000000, 1.000000
2.386696, 0.000000, 0.000000, 0.000000, 0.000000, 0.000000, 1.000000
2.396696, 0.000000, 0.000000, 0.000000, 0.000000, 0.000000, 1.000000
2.396696, 0.000000, 0.000000, 0.000000, 0.000000, 0.000000, 1.000000
2.406696, 0.000000, 0.000000, 0.000000, 0.000000, 0.000000, 1.000000
2.406696, 0.000000, 0.000000, 0.000000, 0.000000, 0.000000, 1.000000
2.406696, 0.000000, 0.000000, 0.000000, 0.000000, 0.000000, 1.000000
2.416696, 0.000000, 0.000000, 0.000000, 0.000000, 0.000000, 1.000000
2.416696, 0.000000, 0.000000, 0.000000, 0.000000, 0.000000, 1.000000
2.426696, 0.000000, 0.000000, 0.000000, 0.000000, 0.000000, 1.000000
2.426696, 0.000000, 0.000000, 0.000000, 0.000000, 0.000000, 1.000000
2.426696, 0.000000, 0.000000, 0.000000, 0.000000, 0.000000, 1.000000
2.436696, 0.000000, 0.000000, 0.000000, 0.000000, 0.000000, 1.000000
2.446696, 0.000000, 0.000000, 0.000000, 0.000000, 0.000000, 1.000000
2.446696, 0.000000, 0.000000, 0.000000, 0.000000, 0.000000, 1.000000
2.446696, 0.000000, 0.000000, 0.000000, 0.000000, 0.000000, 1.000000
2.456696, 0.000000, 0.000000, 0.000000, 0.000000, 0.000000, 1.000000
2.456696, 0.000000, 0.000000, 0.000000, 0.000000, 0.000000, 1.000000
2.466696, 0.000000, 0.000000, 0.000000, 0.000000, 0.000000, 1.000000
2.466696, 0.000000, 0.000000, 0.000000, 0.000000, 0.000000, 1.000000
2.466696, 0.000000, 0.000000, 0.000000, 0.000000, 0.000000, 1.000000
2.476695, 0.000000, 0.000000, 0.000000, 0.000000, 0.000000, 1.000000
2.476695, 0.000000, 0.000000, 0.000000, 0.000000, 0.000000, 1.000000
2.486695, 0.000000, 0.000000, 0.000000, 0.000000, 0.000000, 1.000000
2.486695, 0.000000, 0.000000, 0.000000, 0.000000, 0.000000, 1.000000
2.486695, 0.000000, 0.000000, 0.000000, 0.000000, 0.000000, 1.000000
2.496695, 0.000000, 0.000000, 0.000000, 0.000000, 0.000000, 1.000000
2.496695, 0.000000, 0.000000, 0.000000, 0.000000, 0.000000, 1.000000
2.506695, 0.000000, 0.000000, 0.000000, 0.000000, 0.000000, 1.000000
2.506695, 0.000000, 0.000000, 0.000000, 0.000000, 0.000000, 1.000000
2.516695, 0.000000, 0.000000, 0.000000, 0.000000, 0.000000, 1.000000
2.516695, 0.000000, 0.000000, 0.000000, 0.000000, 0.000000, 1.000000
2.526695, 0.000000, 0.000000, 0.000000, 0.000000, 0.000000, 1.000000
2.526695, 0.000000, 0.000000, 0.000000, 0.000000, 0.000000, 1.000000
2.526695, 0.000000, 0.000000, 0.000000, 0.000000, 0.000000, 1.000000
2.536695, 0.000000, 0.000000, 0.000000, 0.000000, 0.000000, 1.000000
2.536695, 0.000000, 0.000000, 0.000000, 0.000000, 0.000000, 1.000000
2.546695, 0.000000, 0.000000, 0.000000, 0.000000, 0.000000, 1.000000
2.546695, 0.000000, 0.000000, 0.000000, 0.000000, 0.000000, 1.000000
2.546695, 0.000000, 0.000000, 0.000000, 0.000000, 0.000000, 1.000000
2.556695, 0.000000, 0.000000, 0.000000, 0.000000, 0.000000, 1.000000
2.556695, 0.000000, 0.000000, 0.000000, 0.000000, 0.000000, 1.000000
2.566695, 0.000000, 0.000000, 0.000000, 0.000000, 0.000000, 1.000000
2.566695, 0.000000, 0.000000, 0.000000, 0.000000, 0.000000, 1.000000
2.576695, 0.000000, 0.000000, 0.000000, 0.000000, 0.000000, 1.000000
2.576695, 0.000000, 0.000000, 0.000000, 0.000000, 0.000000, 1.000000
2.586695, 0.000000, 0.000000, 0.000000, 0.000000, 0.000000, 1.000000
2.586695, 0.000000, 0.000000, 0.000000, 0.000000, 0.000000, 1.000000
2.586695, 0.000000, 0.000000, 0.000000, 0.000000, 0.000000, 1.000000
2.596695, 0.000000, 0.000000, 0.000000, 0.000000, 0.000000, 1.000000
2.606695, 0.000000, 0.000000, 0.000000, 0.000000, 0.000000, 1.000000
2.606695, 0.000000, 0.000000, 0.000000, 0.000000, 0.000000, 1.000000
2.606695, 0.000000, 0.000000, 0.000000, 0.000000, 0.000000, 1.000000
2.616695, 0.000000, 0.000000, 0.000000, 0.000000, 0.000000, 1.000000
2.616695, 0.000000, 0.000000, 0.000000, 0.000000, 0.000000, 1.000000
2.626695, 0.000000, 0.000000, 0.000000, 0.000000, 0.000000, 1.000000
2.626695, 0.000000, 0.000000, 0.000000, 0.000000, 0.000000, 1.000000
2.626695, 0.000000, 0.000000, 0.000000, 0.000000, 0.000000, 1.000000
2.636695, 0.000000, 0.000000, 0.000000, 0.000000, 0.000000, 1.000000
2.636695, 0.000000, 0.000000, 0.000000, 0.000000, 0.000000, 1.000000
2.646695, 0.000000, 0.000000, 0.000000, 0.000000, 0.000000, 1.000000
2.646695, 0.000000, 0.000000, 0.000000, 0.000000, 0.000000, 1.000000
2.646695, 0.000000, 0.000000, 0.000000, 0.000000, 0.000000, 1.000000
2.656695, 0.000000, 0.000000, 0.000000, 0.000000, 0.000000, 1.000000
2.656695, 0.000000, 0.000000, 0.000000, 0.000000, 0.000000, 1.000000
2.666695, 0.000000, 0.000000, 0.000000, 0.000000, 0.000000, 1.000000
2.666695, 0.000000, 0.000000, 0.000000, 0.000000, 0.000000, 1.000000
2.666695, 0.000000, 0.000000, 0.000000, 0.000000, 0.000000, 1.000000
2.676695, 0.000000, 0.000000, 0.000000, 0.000000, 0.000000, 1.000000
2.676695, 0.000000, 0.000000, 0.000000, 0.000000, 0.000000, 1.000000
2.686695, 0.000000, 0.000000, 0.000000, 0.000000, 0.000000, 1.000000
2.686695, 0.000000, 0.000000, 0.000000, 0.000000, 0.000000, 1.000000
2.686695, 0.000000, 0.000000, 0.000000, 0.000000, 0.000000, 1.000000
2.696695, 0.000000, 0.000000, 0.000000, 0.000000, 0.000000, 1.000000
2.696695, 0.000000, 0.000000, 0.000000, 0.000000, 0.000000, 1.000000
2.706695, 0.000000, 0.000000, 0.000000, 0.000000, 0.000000, 1.000000
2.706695, 0.000000, 0.000000, 0.000000, 0.000000, 0.000000, 1.000000
2.706695, 0.000000, 0.000000, 0.000000, 0.000000, 0.000000, 1.000000
2.716695, 0.000000, 0.000000, 0.000000, 0.000000, 0.000000, 1.000000
2.716695, 0.000000, 0.000000, 0.000000, 0.000000, 0.000000, 1.000000
2.726695, 0.000000, 0.000000, 0.000000, 0.000000, 0.000000, 1.000000
2.726695, 0.000000, 0.000000, 0.000000, 0.000000, 0.000000, 1.000000
2.726695, 0.000000, 0.000000, 0.000000, 0.000000, 0.000000, 1.000000
2.736695, 0.000000, 0.000000, 0.000000, 0.000000, 0.000000, 1.000000
2.736695, 0.000000, 0.000000, 0.000000, 0.000000, 0.000000, 1.000000
2.746695, 0.000000, 0.000000, 0.000000, 0.000000, 0.000000, 1.000000
2.746695, 0.000000, 0.000000, 0.000000, 0.000000, 0.000000, 1.000000
2.746695, 0.000000, 0.000000, 0.000000, 0.000000, 0.000000, 1.000000
2.756695, 0.000000, 0.000000, 0.000000, 0.000000, 0.000000, 1.000000
2.766695, 0.000000, 0.000000, 0.000000, 0.000000, 0.000000, 1.000000
2.766695, 0.000000, 0.000000, 0.000000, 0.000000, 0.000000, 1.000000
2.766695, 0.000000, 0.000000, 0.000000, 0.000000, 0.000000, 1.000000
2.776695, 0.000000, 0.000000, 0.000000, 0.000000, 0.000000, 1.000000
2.776695, 0.000000, 0.000000, 0.000000, 0.000000, 0.000000, 1.000000
2.786695, 0.000000, 0.000000, 0.000000, 0.000000, 0.000000, 1.000000
2.786695, 0.000000, 0.000000, 0.000000, 0.000000, 0.000000, 1.000000
2.796695, 0.000000, 0.000000, 0.000000, 0.000000, 0.000000, 1.000000
2.796695, 0.000000, 0.000000, 0.000000, 0.000000, 0.000000, 1.000000
2.796695, 0.000000, 0.000000, 0.000000, 0.000000, 0.000000, 1.000000
2.806695, 0.000000, 0.000000, 0.000000, 0.000000, 0.000000, 1.000000
2.806695, 0.000000, 0.000000, 0.000000, 0.000000, 0.000000, 1.000000
2.806695, 0.000000, 0.000000, 0.000000, 0.000000, 0.000000, 1.000000
2.816695, 0.000000, 0.000000, 0.000000, 0.000000, 0.000000, 1.000000
2.816695, 0.000000, 0.000000, 0.000000, 0.000000, 0.000000, 1.000000
2.826695, 0.000000, 0.000000, 0.000000, 0.000000, 0.000000, 1.000000
2.826695, 0.000000, 0.000000, 0.000000, 0.000000, 0.000000, 1.000000
2.826695, 0.000000, 0.000000, 0.000000, 0.000000, 0.000000, 1.000000
2.836695, 0.000000, 0.000000, 0.000000, 0.000000, 0.000000, 1.000000
2.836695, 0.000000, 0.000000, 0.000000, 0.000000, 0.000000, 1.000000
2.846695, 0.000000, 0.000000, 0.000000, 0.000000, 0.000000, 1.000000
2.846695, 0.000000, 0.000000, 0.000000, 0.000000, 0.000000, 1.000000
2.846695, 0.000000, 0.000000, 0.000000, 0.000000, 0.000000, 1.000000
2.856695, 0.000000, 0.000000, 0.000000, 0.000000, 0.000000, 1.000000
2.866695, 0.000000, 0.000000, 0.000000, 0.000000, 0.000000, 1.000000
2.866695, 0.000000, 0.000000, 0.000000, 0.000000, 0.000000, 1.000000
2.866695, 0.000000, 0.000000, 0.000000, 0.000000, 0.000000, 1.000000
2.876695, 0.000000, 0.000000, 0.000000, 0.000000, 0.000000, 1.000000
2.876695, 0.000000, 0.000000, 0.000000, 0.000000, 0.000000, 1.000000
2.886695, 0.000000, 0.000000, 0.000000, 0.000000, 0.000000, 1.000000
2.886695, 0.000000, 0.000000, 0.000000, 0.000000, 0.000000, 1.000000
2.896695, 0.000000, 0.000000, 0.000000, 0.000000, 0.000000, 1.000000
2.896695, 0.000000, 0.000000, 0.000000, 0.000000, 0.000000, 1.000000
2.906695, 0.000000, 0.000000, 0.000000, 0.000000, 0.000000, 1.000000
2.906695, 0.000000, 0.000000, 0.000000, 0.000000, 0.000000, 1.000000
2.906695, 0.000000, 0.000000, 0.000000, 0.000000, 0.000000, 1.000000
2.916695, 0.000000, 0.000000, 0.000000, 0.000000, 0.000000, 1.000000
2.926695, 0.000000, 0.000000, 0.000000, 0.000000, 0.000000, 1.000000
2.926695, 0.000000, 0.000000, 0.000000, 0.000000, 0.000000, 1.000000
2.926695, 0.000000, 0.000000, 0.000000, 0.000000, 0.000000, 1.000000
2.936695, 0.000000, 0.000000, 0.000000, 0.000000, 0.000000, 1.000000
2.936695, 0.000000, 0.000000, 0.000000, 0.000000, 0.000000, 1.000000
2.946695, 0.000000, 0.000000, 0.000000, 0.000000, 0.000000, 1.000000
2.946695, 0.000000, 0.000000, 0.000000, 0.000000, 0.000000, 1.000000
2.956695, 0.000000, 0.000000, 0.000000, 0.000000, 0.000000, 1.000000
2.956695, 0.000000, 0.000000, 0.000000, 0.000000, 0.000000, 1.000000
2.966695, 0.000000, 0.000000, 0.000000, 0.000000, 0.000000, 1.000000
2.966695, 0.000000, 0.000000, 0.000000, 0.000000, 0.000000, 1.000000
2.966695, 0.000000, 0.000000, 0.000000, 0.000000, 0.000000, 1.000000
2.976695, 0.000000, 0.000000, 0.000000, 0.000000, 0.000000, 1.000000
2.976695, 0.000000, 0.000000, 0.000000, 0.000000, 0.000000, 1.000000
2.986695, 0.000000, 0.000000, 0.000000, 0.000000, 0.000000, 1.000000
2.986695, 0.000000, 0.000000, 0.000000, 0.000000, 0.000000, 1.000000
2.996695, 0.000000, 0.000000, 0.000000, 0.000000, 0.000000, 1.000000
2.996695, 0.000000, 0.000000, 0.000000, 0.000000, 0.000000, 1.000000
3.006695, 0.000000, 0.000000, 0.000000, 0.000000, 0.000000, 1.000000
3.006695, 0.000000, 0.000000, 0.000000, 0.000000, 0.000000, 1.000000
3.006695, 0.000000, 0.000000, 0.000000, 0.000000, 0.000000, 1.000000
3.016695, 0.000000, 0.000000, 0.000000, 0.000000, 0.000000, 1.000000
3.026695, 0.000000, 0.000000, 0.000000, 0.000000, 0.000000, 1.000000
3.026695, 0.000000, 0.000000, 0.000000, 0.000000, 0.000000, 1.000000
3.026695, 0.000000, 0.000000, 0.000000, 0.000000, 0.000000, 1.000000
3.036695, 0.000000, 0.000000, 0.000000, 0.000000, 0.000000, 1.000000
3.036695, 0.000000, 0.000000, 0.000000, 0.000000, 0.000000, 1.000000
3.046695, 0.000000, 0.000000, 0.000000, 0.000000, 0.000000, 1.000000
3.046695, 0.000000, 0.000000, 0.000000, 0.000000, 0.000000, 1.000000
3.056695, 0.000000, 0.000000, 0.000000, 0.000000, 0.000000, 1.000000
3.056695, 0.000000, 0.000000, 0.000000, 0.000000, 0.000000, 1.000000
3.066695, 0.000000, 0.000000, 0.000000, 0.000000, 0.000000, 1.000000
3.066695, 0.000000, 0.000000, 0.000000, 0.000000, 0.000000, 1.000000
3.066695, 0.000000, 0.000000, 0.000000, 0.000000, 0.000000, 1.000000
3.076695, 0.000000, 0.000000, 0.000000, 0.000000, 0.000000, 1.000000
3.086695, 0.000000, 0.000000, 0.000000, 0.000000, 0.000000, 1.000000
3.086695, 0.000000, 0.000000, 0.000000, 0.000000, 0.000000, 1.000000
3.086695, 0.000000, 0.000000, 0.000000, 0.000000, 0.000000, 1.000000
3.096695, 0.000000, 0.000000, 0.000000, 0.000000, 0.000000, 1.000000
3.096695, 0.000000, 0.000000, 0.000000, 0.000000, 0.000000, 1.000000
3.106695, 0.000000, 0.000000, 0.000000, 0.000000, 0.000000, 1.000000
3.106695, 0.000000, 0.000000, 0.000000, 0.000000, 0.000000, 1.000000
3.116695, 0.000000, 0.000000, 0.000000, 0.000000, 0.000000, 1.000000
3.116695, 0.000000, 0.000000, 0.000000, 0.000000, 0.000000, 1.000000
3.126695, 0.000000, 0.000000, 0.000000, 0.000000, 0.000000, 1.000000
3.126695, 0.000000, 0.000000, 0.000000, 0.000000, 0.000000, 1.000000
3.126695, 0.000000, 0.000000, 0.000000, 0.000000, 0.000000, 1.000000
3.136695, 0.000000, 0.000000, 0.000000, 0.000000, 0.000000, 1.000000
3.136695, 0.000000, 0.000000, 0.000000, 0.000000, 0.000000, 1.000000
3.146695, 0.000000, 0.000000, 0.000000, 0.000000, 0.000000, 1.000000
3.146695, 0.000000, 0.000000, 0.000000, 0.000000, 0.000000, 1.000000
3.156695, 0.000000, 0.000000, 0.000000, 0.000000, 0.000000, 1.000000
3.156695, 0.000000, 0.000000, 0.000000, 0.000000, 0.000000, 1.000000
3.166695, 0.000000, 0.000000, 0.000000, 0.000000, 0.000000, 1.000000
3.166695, 0.000000, 0.000000, 0.000000, 0.000000, 0.000000, 1.000000
3.166695, 0.000000, 0.000000, 0.000000, 0.000000, 0.000000, 1.000000
3.176695, 0.000000, 0.000000, 0.000000, 0.000000, 0.000000, 1.000000
3.186695, 0.000000, 0.000000, 0.000000, 0.000000, 0.000000, 1.000000
3.186695, 0.000000, 0.000000, 0.000000, 0.000000, 0.000000, 1.000000
3.186695, 0.000000, 0.000000, 0.000000, 0.000000, 0.000000, 1.000000
3.196695, 0.000000, 0.000000, 0.000000, 0.000000, 0.000000, 1.000000
3.196695, 0.000000, 0.000000, 0.000000, 0.000000, 0.000000, 1.000000
3.206695, 0.000000, 0.000000, 0.000000, 0.000000, 0.000000, 1.000000
3.206695, 0.000000, 0.000000, 0.000000, 0.000000, 0.000000, 1.000000
3.216695, 0.000000, 0.000000, 0.000000, 0.000000, 0.000000, 1.000000
3.216695, 0.000000, 0.000000, 0.000000, 0.000000, 0.000000, 1.000000
3.226695, 0.000000, 0.000000, 0.000000, 0.000000, 0.000000, 1.000000
3.226695, 0.000000, 0.000000, 0.000000, 0.000000, 0.000000, 1.000000
3.226695, 0.000000, 0.000000, 0.000000, 0.000000, 0.000000, 1.000000
3.236695, 0.000000, 0.000000, 0.000000, 0.000000, 0.000000, 1.000000
3.236695, 0.000000, 0.000000, 0.000000, 0.000000, 0.000000, 1.000000
3.246695, 0.000000, 0.000000, 0.000000, 0.000000, 0.000000, 1.000000
3.246695, 0.000000, 0.000000, 0.000000, 0.000000, 0.000000, 1.000000
3.246695, 0.000000, 0.000000, 0.000000, 0.000000, 0.000000, 1.000000
3.256695, 0.000000, 0.000000, 0.000000, 0.000000, 0.000000, 1.000000
3.256695, 0.000000, 0.000000, 0.000000, 0.000000, 0.000000, 1.000000
3.266695, 0.000000, 0.000000, 0.000000, 0.000000, 0.000000, 1.000000
3.266695, 0.000000, 0.000000, 0.000000, 0.000000, 0.000000, 1.000000
3.266695, 0.000000, 0.000000, 0.000000, 0.000000, 0.000000, 1.000000
3.276695, 0.000000, 0.000000, 0.000000, 0.000000, 0.000000, 1.000000
3.276695, 0.000000, 0.000000, 0.000000, 0.000000, 0.000000, 1.000000
3.286695, 0.000000, 0.000000, 0.000000, 0.000000, 0.000000, 1.000000
3.286695, 0.000000, 0.000000, 0.000000, 0.000000, 0.000000, 1.000000
3.286695, 0.000000, 0.000000, 0.000000, 0.000000, 0.000000, 1.000000
3.296695, 0.000000, 0.000000, 0.000000, 0.000000, 0.000000, 1.000000
3.296695, 0.000000, 0.000000, 0.000000, 0.000000, 0.000000, 1.000000
3.306695, 0.000000, 0.000000, 0.000000, 0.000000, 0.000000, 1.000000
3.306695, 0.000000, 0.000000, 0.000000, 0.000000, 0.000000, 1.000000
3.316695, 0.000000, 0.000000, 0.000000, 0.000000, 0.000000, 1.000000
3.316695, 0.000000, 0.000000, 0.000000, 0.000000, 0.000000, 1.000000
3.326695, 0.000000, 0.000000, 0.000000, 0.000000, 0.000000, 1.000000
3.326695, 0.000000, 0.000000, 0.000000, 0.000000, 0.000000, 1.000000
3.326695, 0.000000, 0.000000, 0.000000, 0.000000, 0.000000, 1.000000
3.336695, 0.000000, 0.000000, 0.000000, 0.000000, 0.000000, 1.000000
3.346695, 0.000000, 0.000000, 0.000000, 0.000000, 0.000000, 1.000000
3.346695, 0.000000, 0.000000, 0.000000, 0.000000, 0.000000, 1.000000
3.346695, 0.000000, 0.000000, 0.000000, 0.000000, 0.000000, 1.000000
3.356695, 0.000000, 0.000000, 0.000000, 0.000000, 0.000000, 1.000000
3.356695, 0.000000, 0.000000, 0.000000, 0.000000, 0.000000, 1.000000
3.366695, 0.000000, 0.000000, 0.000000, 0.000000, 0.000000, 1.000000
3.366695, 0.000000, 0.000000, 0.000000, 0.000000, 0.000000, 1.000000
3.376695, 0.000000, 0.000000, 0.000000, 0.000000, 0.000000, 1.000000
3.376695, 0.000000, 0.000000, 0.000000, 0.000000, 0.000000, 1.000000
3.386695, 0.000000, 0.000000, 0.000000, 0.000000, 0.000000, 1.000000
3.386695, 0.000000, 0.000000, 0.000000, 0.000000, 0.000000, 1.000000
3.386695, 0.000000, 0.000000, 0.000000, 0.000000, 0.000000, 1.000000
3.396695, 0.000000, 0.000000, 0.000000, 0.000000, 0.000000, 1.000000
3.396695, 0.000000, 0.000000, 0.000000, 0.000000, 0.000000, 1.000000
3.406695, 0.000000, 0.000000, 0.000000, 0.000000, 0.000000, 1.000000
3.406695, 0.000000, 0.000000, 0.000000, 0.000000, 0.000000, 1.000000
3.406695, 0.000000, 0.000000, 0.000000, 0.000000, 0.000000, 1.000000
3.416695, 0.000000, 0.000000, 0.000000, 0.000000, 0.000000, 1.000000
3.416695, 0.000000, 0.000000, 0.000000, 0.000000, 0.000000, 1.000000
3.426695, 0.000000, 0.000000, 0.000000, 0.000000, 0.000000, 1.000000
3.426695, 0.000000, 0.000000, 0.000000, 0.000000, 0.000000, 1.000000
3.436695, 0.000000, 0.000000, 0.000000, 0.000000, 0.000000, 1.000000
3.436695, 0.000000, 0.000000, 0.000000, 0.000000, 0.000000, 1.000000
3.436695, 0.000000, 0.000000, 0.000000, 0.000000, 0.000000, 1.000000
3.446695, 0.000000, 0.000000, 0.000000, 0.000000, 0.000000, 1.000000
3.446695, 0.000000, 0.000000, 0.000000, 0.000000, 0.000000, 1.000000
3.446695, 0.000000, 0.000000, 0.000000, 0.000000, 0.000000, 1.000000
3.456695, 0.000000, 0.000000, 0.000000, 0.000000, 0.000000, 1.000000
3.456695, 0.000000, 0.000000, 0.000000, 0.000000, 0.000000, 1.000000
3.466695, 0.000000, 0.000000, 0.000000, 0.000000, 0.000000, 1.000000
3.466695, 0.000000, 0.000000, 0.000000, 0.000000, 0.000000, 1.000000
3.466695, 0.000000, 0.000000, 0.000000, 0.000000, 0.000000, 1.000000
3.476695, 0.000000, 0.000000, 0.000000, 0.000000, 0.000000, 1.000000
3.476695, 0.000000, 0.000000, 0.000000, 0.000000, 0.000000, 1.000000
3.486695, 0.000000, 0.000000, 0.000000, 0.000000, 0.000000, 1.000000
3.486695, 0.000000, 0.000000, 0.000000, 0.000000, 0.000000, 1.000000
3.486695, 0.000000, 0.000000, 0.000000, 0.000000, 0.000000, 1.000000
3.496695, 0.000000, 0.000000, 0.000000, 0.000000, 0.000000, 1.000000
3.496695, 0.000000, 0.000000, 0.000000, 0.000000, 0.000000, 1.000000
3.506695, 0.000000, 0.000000, 0.000000, 0.000000, 0.000000, 1.000000
3.506695, 0.000000, 0.000000, 0.000000, 0.000000, 0.000000, 1.000000
3.506695, 0.000000, 0.000000, 0.000000, 0.000000, 0.000000, 1.000000
3.516695, 0.000000, 0.000000, 0.000000, 0.000000, 0.000000, 1.000000
3.516695, 0.000000, 0.000000, 0.000000, 0.000000, 0.000000, 1.000000
3.526695, 0.000000, 0.000000, 0.000000, 0.000000, 0.000000, 1.000000
3.526695, 0.000000, 0.000000, 0.000000, 0.000000, 0.000000, 1.000000
3.536695, 0.000000, 0.000000, 0.000000, 0.000000, 0.000000, 1.000000
3.536695, 0.000000, 0.000000, 0.000000, 0.000000, 0.000000, 1.000000
3.546695, 0.000000, 0.000000, 0.000000, 0.000000, 0.000000, 1.000000
3.546695, 0.000000, 0.000000, 0.000000, 0.000000, 0.000000, 1.000000
3.546695, 0.000000, 0.000000, 0.000000, 0.000000, 0.000000, 1.000000
3.556695, 0.000000, 0.000000, 0.000000, 0.000000, 0.000000, 1.000000
3.566695, 0.000000, 0.000000, 0.000000, 0.000000, 0.000000, 1.000000
3.566695, 0.000000, 0.000000, 0.000000, 0.000000, 0.000000, 1.000000
3.566695, 0.000000, 0.000000, 0.000000, 0.000000, 0.000000, 1.000000
3.576695, 0.000000, 0.000000, 0.000000, 0.000000, 0.000000, 1.000000
3.576695, 0.000000, 0.000000, 0.000000, 0.000000, 0.000000, 1.000000
3.586695, 0.000000, 0.000000, 0.000000, 0.000000, 0.000000, 1.000000
3.586695, 0.000000, 0.000000, 0.000000, 0.000000, 0.000000, 1.000000
3.596695, 0.000000, 0.000000, 0.000000, 0.000000, 0.000000, 1.000000
3.596695, 0.000000, 0.000000, 0.000000, 0.000000, 0.000000, 1.000000
3.596695, 0.000000, 0.000000, 0.000000, 0.000000, 0.000000, 1.000000
3.606695, 0.000000, 0.000000, 0.000000, 0.000000, 0.000000, 1.000000
3.606695, 0.000000, 0.000000, 0.000000, 0.000000, 0.000000, 1.000000
3.606695, 0.000000, 0.000000, 0.000000, 0.000000, 0.000000, 1.000000
3.616695, 0.000000, 0.000000, 0.000000, 0.000000, 0.000000, 1.000000
3.616695, 0.000000, 0.000000, 0.000000, 0.000000, 0.000000, 1.000000
3.626695, 0.000000, 0.000000, 0.000000, 0.000000, 0.000000, 1.000000
3.626695, 0.000000, 0.000000, 0.000000, 0.000000, 0.000000, 1.000000
3.626695, 0.000000, 0.000000, 0.000000, 0.000000, 0.000000, 1.000000
3.636695, 0.000000, 0.000000, 0.000000, 0.000000, 0.000000, 1.000000
3.636695, 0.000000, 0.000000, 0.000000, 0.000000, 0.000000, 1.000000
3.646695, 0.000000, 0.000000, 0.000000, 0.000000, 0.000000, 1.000000
3.646695, 0.000000, 0.000000, 0.000000, 0.000000, 0.000000, 1.000000
3.646695, 0.000000, 0.000000, 0.000000, 0.000000, 0.000000, 1.000000
3.656695, 0.000000, 0.000000, 0.000000, 0.000000, 0.000000, 1.000000
3.656695, 0.000000, 0.000000, 0.000000, 0.000000, 0.000000, 1.000000
3.666695, 0.000000, 0.000000, 0.000000, 0.000000, 0.000000, 1.000000
3.666695, 0.000000, 0.000000, 0.000000, 0.000000, 0.000000, 1.000000
3.666695, 0.000000, 0.000000, 0.000000, 0.000000, 0.000000, 1.000000
3.676695, 0.000000, 0.000000, 0.000000, 0.000000, 0.000000, 1.000000
3.676695, 0.000000, 0.000000, 0.000000, 0.000000, 0.000000, 1.000000
3.686695, 0.000000, 0.000000, 0.000000, 0.000000, 0.000000, 1.000000
3.686695, 0.000000, 0.000000, 0.000000, 0.000000, 0.000000, 1.000000
3.696695, 0.000000, 0.000000, 0.000000, 0.000000, 0.000000, 1.000000
3.696695, 0.000000, 0.000000, 0.000000, 0.000000, 0.000000, 1.000000
3.706695, 0.000000, 0.000000, 0.000000, 0.000000, 0.000000, 1.000000
3.706695, 0.000000, 0.000000, 0.000000, 0.000000, 0.000000, 1.000000
3.706695, 0.000000, 0.000000, 0.000000, 0.000000, 0.000000, 1.000000
3.716695, 0.000000, 0.000000, 0.000000, 0.000000, 0.000000, 1.000000
3.726695, 0.000000, 0.000000, 0.000000, 0.000000, 0.000000, 1.000000
3.726695, 0.000000, 0.000000, 0.000000, 0.000000, 0.000000, 1.000000
3.726695, 0.000000, 0.000000, 0.000000, 0.000000, 0.000000, 1.000000
3.736695, 0.000000, 0.000000, 0.000000, 0.000000, 0.000000, 1.000000
3.736695, 0.000000, 0.000000, 0.000000, 0.000000, 0.000000, 1.000000
3.746695, 0.000000, 0.000000, 0.000000, 0.000000, 0.000000, 1.000000
3.746695, 0.000000, 0.000000, 0.000000, 0.000000, 0.000000, 1.000000
3.746695, 0.000000, 0.000000, 0.000000, 0.000000, 0.000000, 1.000000
3.756695, 0.000000, 0.000000, 0.000000, 0.000000, 0.000000, 1.000000
3.756695, 0.000000, 0.000000, 0.000000, 0.000000, 0.000000, 1.000000
3.766695, 0.000000, 0.000000, 0.000000, 0.000000, 0.000000, 1.000000
3.766695, 0.000000, 0.000000, 0.000000, 0.000000, 0.000000, 1.000000
3.766695, 0.000000, 0.000000, 0.000000, 0.000000, 0.000000, 1.000000
3.776695, 0.000000, 0.000000, 0.000000, 0.000000, 0.000000, 1.000000
3.776695, 0.000000, 0.000000, 0.000000, 0.000000, 0.000000, 1.000000
3.786695, 0.000000, 0.000000, 0.000000, 0.000000, 0.000000, 1.000000
3.786695, 0.000000, 0.000000, 0.000000, 0.000000, 0.000000, 1.000000
3.796695, 0.000000, 0.000000, 0.000000, 0.000000, 0.000000, 1.000000
3.796695, 0.000000, 0.000000, 0.000000, 0.000000, 0.000000, 1.000000
3.806695, 0.000000, 0.000000, 0.000000, 0.000000, 0.000000, 1.000000
3.806695, 0.000000, 0.000000, 0.000000, 0.000000, 0.000000, 1.000000
3.806695, 0.000000, 0.000000, 0.000000, 0.000000, 0.000000, 1.000000
3.816695, 0.000000, 0.000000, 0.000000, 0.000000, 0.000000, 1.000000
3.816695, 0.000000, 0.000000, 0.000000, 0.000000, 0.000000, 1.000000
3.826695, 0.000000, 0.000000, 0.000000, 0.000000, 0.000000, 1.000000
3.826695, 0.000000, 0.000000, 0.000000, 0.000000, 0.000000, 1.000000
3.826695, 0.000000, 0.000000, 0.000000, 0.000000, 0.000000, 1.000000
3.836695, 0.000000, 0.000000, 0.000000, 0.000000, 0.000000, 1.000000
3.836695, 0.000000, 0.000000, 0.000000, 0.000000, 0.000000, 1.000000
3.846695, 0.000000, 0.000000, 0.000000, 0.000000, 0.000000, 1.000000
3.846695, 0.000000, 0.000000, 0.000000, 0.000000, 0.000000, 1.000000
3.856695, 0.000000, 0.000000, 0.000000, 0.000000, 0.000000, 1.000000
3.856695, 0.000000, 0.000000, 0.000000, 0.000000, 0.000000, 1.000000
3.866695, 0.000000, 0.000000, 0.000000, 0.000000, 0.000000, 1.000000
3.866695, 0.000000, 0.000000, 0.000000, 0.000000, 0.000000, 1.000000
3.866695, 0.000000, 0.000000, 0.000000, 0.000000, 0.000000, 1.000000
3.876695, 0.000000, 0.000000, 0.000000, 0.000000, 0.000000, 1.000000
3.886695, 0.000000, 0.000000, 0.000000, 0.000000, 0.000000, 1.000000
3.886695, 0.000000, 0.000000, 0.000000, 0.000000, 0.000000, 1.000000
3.886695, 0.000000, 0.000000, 0.000000, 0.000000, 0.000000, 1.000000
3.896695, 0.000000, 0.000000, 0.000000, 0.000000, 0.000000, 1.000000
3.896695, 0.000000, 0.000000, 0.000000, 0.000000, 0.000000, 1.000000
3.906695, 0.000000, 0.000000, 0.000000, 0.000000, 0.000000, 1.000000
3.906695, 0.000000, 0.000000, 0.000000, 0.000000, 0.000000, 1.000000
3.916695, 0.000000, 0.000000, 0.000000, 0.000000, 0.000000, 1.000000
3.916695, 0.000000, 0.000000, 0.000000, 0.000000, 0.000000, 1.000000
3.916695, 0.000000, 0.000000, 0.000000, 0.000000, 0.000000, 1.000000
3.926695, 0.000000, 0.000000, 0.000000, 0.000000, 0.000000, 1.000000
3.926695, 0.000000, 0.000000, 0.000000, 0.000000, 0.000000, 1.000000
3.926695, 0.000000, 0.000000, 0.000000, 0.000000, 0.000000, 1.000000
3.936695, 0.000000, 0.000000, 0.000000, 0.000000, 0.000000, 1.000000
3.936695, 0.000000, 0.000000, 0.000000, 0.000000, 0.000000, 1.000000
3.946695, 0.000000, 0.000000, 0.000000, 0.000000, 0.000000, 1.000000
3.946695, 0.000000, 0.000000, 0.000000, 0.000000, 0.000000, 1.000000
3.956695, 0.000000, 0.000000, 0.000000, 0.000000, 0.000000, 1.000000
3.956695, 0.000000, 0.000000, 0.000000, 0.000000, 0.000000, 1.000000
3.966695, 0.000000, 0.000000, 0.000000, 0.000000, 0.000000, 1.000000
3.966695, 0.000000, 0.000000, 0.000000, 0.000000, 0.000000, 1.000000
3.966695, 0.000000, 0.000000, 0.000000, 0.000000, 0.000000, 1.000000
3.976695, 0.000000, 0.000000, 0.000000, 0.000000, 0.000000, 1.000000
3.986695, 0.000000, 0.000000, 0.000000, 0.000000, 0.000000, 1.000000
3.986695, 0.000000, 0.000000, 0.000000, 0.000000, 0.000000, 1.000000
3.986695, 0.000000, 0.000000, 0.000000, 0.000000, 0.000000, 1.000000
3.996695, 0.000000, 0.000000, 0.000000, 0.000000, 0.000000, 1.000000
3.996695, 0.000000, 0.000000, 0.000000, 0.000000, 0.000000, 1.000000
4.006695, 0.000000, 0.000000, 0.000000, 0.000000, 0.000000, 1.000000
4.006695, 0.000000, 0.000000, 0.000000, 0.000000, 0.000000, 1.000000
4.006695, 0.000000, 0.000000, 0.000000, 0.000000, 0.000000, 1.000000
4.016695, 0.000000, 0.000000, 0.000000, 0.000000, 0.000000, 1.000000
4.016695, 0.000000, 0.000000, 0.000000, 0.000000, 0.000000, 1.000000
4.026695, 0.000000, 0.000000, 0.000000, 0.000000, 0.000000, 1.000000
4.026695, 0.000000, 0.000000, 0.000000, 0.000000, 0.000000, 1.000000
4.026695, 0.000000, 0.000000, 0.000000, 0.000000, 0.000000, 1.000000
4.036695, 0.000000, 0.000000, 0.000000, 0.000000, 0.000000, 1.000000
4.036695, 0.000000, 0.000000, 0.000000, 0.000000, 0.000000, 1.000000
4.046695, 0.000000, 0.000000, 0.000000, 0.000000, 0.000000, 1.000000
4.046695, 0.000000, 0.000000, 0.000000, 0.000000, 0.000000, 1.000000
4.046695, 0.000000, 0.000000, 0.000000, 0.000000, 0.000000, 1.000000
4.056695, 0.000000, 0.000000, 0.000000, 0.000000, 0.000000, 1.000000
4.056695, 0.000000, 0.000000, 0.000000, 0.000000, 0.000000, 1.000000
4.066695, 0.000000, 0.000000, 0.000000, 0.000000, 0.000000, 1.000000
4.066695, 0.000000, 0.000000, 0.000000, 0.000000, 0.000000, 1.000000
4.066695, 0.000000, 0.000000, 0.000000, 0.000000, 0.000000, 1.000000
4.076695, 0.000000, 0.000000, 0.000000, 0.000000, 0.000000, 1.000000
4.076695, 0.000000, 0.000000, 0.000000, 0.000000, 0.000000, 1.000000
4.086695, 0.000000, 0.000000, 0.000000, 0.000000, 0.000000, 1.000000
4.086695, 0.000000, 0.000000, 0.000000, 0.000000, 0.000000, 1.000000
4.086695, 0.000000, 0.000000, 0.000000, 0.000000, 0.000000, 1.000000
4.096695, 0.000000, 0.000000, 0.000000, 0.000000, 0.000000, 1.000000
4.096695, 0.000000, 0.000000, 0.000000, 0.000000, 0.000000, 1.000000
4.106695, 0.000000, 0.000000, 0.000000, 0.000000, 0.000000, 1.000000
4.106695, 0.000000, 0.000000, 0.000000, 0.000000, 0.000000, 1.000000
4.116695, 0.000000, 0.000000, 0.000000, 0.000000, 0.000000, 1.000000
4.116695, 0.000000, 0.000000, 0.000000, 0.000000, 0.000000, 1.000000
4.126695, 0.000000, 0.000000, 0.000000, 0.000000, 0.000000, 1.000000
4.126695, 0.000000, 0.000000, 0.000000, 0.000000, 0.000000, 1.000000
4.126695, 0.000000, 0.000000, 0.000000, 0.000000, 0.000000, 1.000000
4.136695, 0.000000, 0.000000, 0.000000, 0.000000, 0.000000, 1.000000
4.146695, 0.000000, 0.000000, 0.000000, 0.000000, 0.000000, 1.000000
4.146695, 0.000000, 0.000000, 0.000000, 0.000000, 0.000000, 1.000000
4.146695, 0.000000, 0.000000, 0.000000, 0.000000, 0.000000, 1.000000
4.156695, 0.000000, 0.000000, 0.000000, 0.000000, 0.000000, 1.000000
4.156695, 0.000000, 0.000000, 0.000000, 0.000000, 0.000000, 1.000000
4.166695, 0.000000, 0.000000, 0.000000, 0.000000, 0.000000, 1.000000
4.166695, 0.000000, 0.000000, 0.000000, 0.000000, 0.000000, 1.000000
4.166695, 0.000000, 0.000000, 0.000000, 0.000000, 0.000000, 1.000000
4.176695, 0.000000, 0.000000, 0.000000, 0.000000, 0.000000, 1.000000
4.176695, 0.000000, 0.000000, 0.000000, 0.000000, 0.000000, 1.000000
4.186695, 0.000000, 0.000000, 0.000000, 0.000000, 0.000000, 1.000000
4.186695, 0.000000, 0.000000, 0.000000, 0.000000, 0.000000, 1.000000
4.186695, 0.000000, 0.000000, 0.000000, 0.000000, 0.000000, 1.000000
4.196695, 0.000000, 0.000000, 0.000000, 0.000000, 0.000000, 1.000000
4.196695, 0.000000, 0.000000, 0.000000, 0.000000, 0.000000, 1.000000
4.206695, 0.000000, 0.000000, 0.000000, 0.000000, 0.000000, 1.000000
4.206695, 0.000000, 0.000000, 0.000000, 0.000000, 0.000000, 1.000000
4.206695, 0.000000, 0.000000, 0.000000, 0.000000, 0.000000, 1.000000
4.216695, 0.000000, 0.000000, 0.000000, 0.000000, 0.000000, 1.000000
4.216695, 0.000000, 0.000000, 0.000000, 0.000000, 0.000000, 1.000000
4.226695, 0.000000, 0.000000, 0.000000, 0.000000, 0.000000, 1.000000
4.226695, 0.000000, 0.000000, 0.000000, 0.000000, 0.000000, 1.000000
4.226695, 0.000000, 0.000000, 0.000000, 0.000000, 0.000000, 1.000000
4.236695, 0.000000, 0.000000, 0.000000, 0.000000, 0.000000, 1.000000
4.236695, 0.000000, 0.000000, 0.000000, 0.000000, 0.000000, 1.000000
4.246695, 0.000000, 0.000000, 0.000000, 0.000000, 0.000000, 1.000000
4.246695, 0.000000, 0.000000, 0.000000, 0.000000, 0.000000, 1.000000
4.246695, 0.000000, 0.000000, 0.000000, 0.000000, 0.000000, 1.000000
4.256695, 0.000000, 0.000000, 0.000000, 0.000000, 0.000000, 1.000000
4.256695, 0.000000, 0.000000, 0.000000, 0.000000, 0.000000, 1.000000
4.266695, 0.000000, 0.000000, 0.000000, 0.000000, 0.000000, 1.000000
4.266695, 0.000000, 0.000000, 0.000000, 0.000000, 0.000000, 1.000000
4.266695, 0.000000, 0.000000, 0.000000, 0.000000, 0.000000, 1.000000
4.276695, 0.000000, 0.000000, 0.000000, 0.000000, 0.000000, 1.000000
4.276695, 0.000000, 0.000000, 0.000000, 0.000000, 0.000000, 1.000000
4.286695, 0.000000, 0.000000, 0.000000, 0.000000, 0.000000, 1.000000
4.286695, 0.000000, 0.000000, 0.000000, 0.000000, 0.000000, 1.000000
4.286695, 0.000000, 0.000000, 0.000000, 0.000000, 0.000000, 1.000000
4.296695, 0.000000, 0.000000, 0.000000, 0.000000, 0.000000, 1.000000
4.296695, 0.000000, 0.000000, 0.000000, 0.000000, 0.000000, 1.000000
4.306695, 0.000000, 0.000000, 0.000000, 0.000000, 0.000000, 1.000000
4.306695, 0.000000, 0.000000, 0.000000, 0.000000, 0.000000, 1.000000
4.306695, 0.000000, 0.000000, 0.000000, 0.000000, 0.000000, 1.000000
4.316695, 0.000000, 0.000000, 0.000000, 0.000000, 0.000000, 1.000000
4.316695, 0.000000, 0.000000, 0.000000, 0.000000, 0.000000, 1.000000
4.326695, 0.000000, 0.000000, 0.000000, 0.000000, 0.000000, 1.000000
4.326695, 0.000000, 0.000000, 0.000000, 0.000000, 0.000000, 1.000000
4.326695, 0.000000, 0.000000, 0.000000, 0.000000, 0.000000, 1.000000
4.336695, 0.000000, 0.000000, 0.000000, 0.000000, 0.000000, 1.000000
4.336695, 0.000000, 0.000000, 0.000000, 0.000000, 0.000000, 1.000000
4.346695, 0.000000, 0.000000, 0.000000, 0.000000, 0.000000, 1.000000
4.346695, 0.000000, 0.000000, 0.000000, 0.000000, 0.000000, 1.000000
4.346695, 0.000000, 0.000000, 0.000000, 0.000000, 0.000000, 1.000000
4.356695, 0.000000, 0.000000, 0.000000, 0.000000, 0.000000, 1.000000
4.356695, 0.000000, 0.000000, 0.000000, 0.000000, 0.000000, 1.000000
4.366695, 0.000000, 0.000000, 0.000000, 0.000000, 0.000000, 1.000000
4.366695, 0.000000, 0.000000, 0.000000, 0.000000, 0.000000, 1.000000
4.366695, 0.000000, 0.000000, 0.000000, 0.000000, 0.000000, 1.000000
4.376695, 0.000000, 0.000000, 0.000000, 0.000000, 0.000000, 1.000000
4.376695, 0.000000, 0.000000, 0.000000, 0.000000, 0.000000, 1.000000
4.386695, 0.000000, 0.000000, 0.000000, 0.000000, 0.000000, 1.000000
4.386695, 0.000000, 0.000000, 0.000000, 0.000000, 0.000000, 1.000000
4.386695, 0.000000, 0.000000, 0.000000, 0.000000, 0.000000, 1.000000
4.396695, 0.000000, 0.000000, 0.000000, 0.000000, 0.000000, 1.000000
4.396695, 0.000000, 0.000000, 0.000000, 0.000000, 0.000000, 1.000000
4.406695, 0.000000, 0.000000, 0.000000, 0.000000, 0.000000, 1.000000
4.406695, 0.000000, 0.000000, 0.000000, 0.000000, 0.000000, 1.000000
4.406695, 0.000000, 0.000000, 0.000000, 0.000000, 0.000000, 1.000000
4.416695, 0.000000, 0.000000, 0.000000, 0.000000, 0.000000, 1.000000
4.416695, 0.000000, 0.000000, 0.000000, 0.000000, 0.000000, 1.000000
4.426695, 0.000000, 0.000000, 0.000000, 0.000000, 0.000000, 1.000000
4.426695, 0.000000, 0.000000, 0.000000, 0.000000, 0.000000, 1.000000
4.426695, 0.000000, 0.000000, 0.000000, 0.000000, 0.000000, 1.000000
4.436695, 0.000000, 0.000000, 0.000000, 0.000000, 0.000000, 1.000000
4.436695, 0.000000, 0.000000, 0.000000, 0.000000, 0.000000, 1.000000
4.446695, 0.000000, 0.000000, 0.000000, 0.000000, 0.000000, 1.000000
4.446695, 0.000000, 0.000000, 0.000000, 0.000000, 0.000000, 1.000000
4.446695, 0.000000, 0.000000, 0.000000, 0.000000, 0.000000, 1.000000
4.456695, 0.000000, 0.000000, 0.000000, 0.000000, 0.000000, 1.000000
4.456695, 0.000000, 0.000000, 0.000000, 0.000000, 0.000000, 1.000000
4.466695, 0.000000, 0.000000, 0.000000, 0.000000, 0.000000, 1.000000
4.466695, 0.000000, 0.000000, 0.000000, 0.000000, 0.000000, 1.000000
4.466695, 0.000000, 0.000000, 0.000000, 0.000000, 0.000000, 1.000000
4.476695, 0.000000, 0.000000, 0.000000, 0.000000, 0.000000, 1.000000
4.476695, 0.000000, 0.000000, 0.000000, 0.000000, 0.000000, 1.000000
4.486695, 0.000000, 0.000000, 0.000000, 0.000000, 0.000000, 1.000000
4.486695, 0.000000, 0.000000, 0.000000, 0.000000, 0.000000, 1.000000
4.486695, 0.000000, 0.000000, 0.000000, 0.000000, 0.000000, 1.000000
4.496695, 0.000000, 0.000000, 0.000000, 0.000000, 0.000000, 1.000000
4.496695, 0.000000, 0.000000, 0.000000, 0.000000, 0.000000, 1.000000
4.506695, 0.000000, 0.000000, 0.000000, 0.000000, 0.000000, 1.000000
4.506695, 0.000000, 0.000000, 0.000000, 0.000000, 0.000000, 1.000000
4.506695, 0.000000, 0.000000, 0.000000, 0.000000, 0.000000, 1.000000
4.516695, 0.000000, 0.000000, 0.000000, 0.000000, 0.000000, 1.000000
4.516695, 0.000000, 0.000000, 0.000000, 0.000000, 0.000000, 1.000000
4.526695, 0.000000, 0.000000, 0.000000, 0.000000, 0.000000, 1.000000
4.526695, 0.000000, 0.000000, 0.000000, 0.000000, 0.000000, 1.000000
4.526695, 0.000000, 0.000000, 0.000000, 0.000000, 0.000000, 1.000000
4.536695, 0.000000, 0.000000, 0.000000, 0.000000, 0.000000, 1.000000
4.536695, 0.000000, 0.000000, 0.000000, 0.000000, 0.000000, 1.000000
4.546695, 0.000000, 0.000000, 0.000000, 0.000000, 0.000000, 1.000000
4.546695, 0.000000, 0.000000, 0.000000, 0.000000, 0.000000, 1.000000
4.546695, 0.000000, 0.000000, 0.000000, 0.000000, 0.000000, 1.000000
4.556695, 0.000000, 0.000000, 0.000000, 0.000000, 0.000000, 1.000000
4.556695, 0.000000, 0.000000, 0.000000, 0.000000, 0.000000, 1.000000
4.566695, 0.000000, 0.000000, 0.000000, 0.000000, 0.000000, 1.000000
4.566695, 0.000000, 0.000000, 0.000000, 0.000000, 0.000000, 1.000000
4.566695, 0.000000, 0.000000, 0.000000, 0.000000, 0.000000, 1.000000
4.576695, 0.000000, 0.000000, 0.000000, 0.000000, 0.000000, 1.000000
4.576695, 0.000000, 0.000000, 0.000000, 0.000000, 0.000000, 1.000000
4.586695, 0.000000, 0.000000, 0.000000, 0.000000, 0.000000, 1.000000
4.586695, 0.000000, 0.000000, 0.000000, 0.000000, 0.000000, 1.000000
4.596695, 0.000000, 0.000000, 0.000000, 0.000000, 0.000000, 1.000000
4.596695, 0.000000, 0.000000, 0.000000, 0.000000, 0.000000, 1.000000
4.606695, 0.000000, 0.000000, 0.000000, 0.000000, 0.000000, 1.000000
4.606695, 0.000000, 0.000000, 0.000000, 0.000000, 0.000000, 1.000000
4.606695, 0.000000, 0.000000, 0.000000, 0.000000, 0.000000, 1.000000
4.616695, 0.000000, 0.000000, 0.000000, 0.000000, 0.000000, 1.000000
4.626695, 0.000000, 0.000000, 0.000000, 0.000000, 0.000000, 1.000000
4.626695, 0.000000, 0.000000, 0.000000, 0.000000, 0.000000, 1.000000
4.626695, 0.000000, 0.000000, 0.000000, 0.000000, 0.000000, 1.000000
4.636695, 0.000000, 0.000000, 0.000000, 0.000000, 0.000000, 1.000000
4.636695, 0.000000, 0.000000, 0.000000, 0.000000, 0.000000, 1.000000
4.646695, 0.000000, 0.000000, 0.000000, 0.000000, 0.000000, 1.000000
4.646695, 0.000000, 0.000000, 0.000000, 0.000000, 0.000000, 1.000000
4.656695, 0.000000, 0.000000, 0.000000, 0.000000, 0.000000, 1.000000
4.656695, 0.000000, 0.000000, 0.000000, 0.000000, 0.000000, 1.000000
4.666695, 0.000000, 0.000000, 0.000000, 0.000000, 0.000000, 1.000000
4.666695, 0.000000, 0.000000, 0.000000, 0.000000, 0.000000, 1.000000
4.666695, 0.000000, 0.000000, 0.000000, 0.000000, 0.000000, 1.000000
4.676695, 0.000000, 0.000000, 0.000000, 0.000000, 0.000000, 1.000000
4.676695, 0.000000, 0.000000, 0.000000, 0.000000, 0.000000, 1.000000
4.686695, 0.000000, 0.000000, 0.000000, 0.000000, 0.000000, 1.000000
4.686695, 0.000000, 0.000000, 0.000000, 0.000000, 0.000000, 1.000000
4.686695, 0.000000, 0.000000, 0.000000, 0.000000, 0.000000, 1.000000
4.696695, 0.000000, 0.000000, 0.000000, 0.000000, 0.000000, 1.000000
4.696695, 0.000000, 0.000000, 0.000000, 0.000000, 0.000000, 1.000000
4.706695, 0.000000, 0.000000, 0.000000, 0.000000, 0.000000, 1.000000
4.706695, 0.000000, 0.000000, 0.000000, 0.000000, 0.000000, 1.000000
4.716695, 0.000000, 0.000000, 0.000000, 0.000000, 0.000000, 1.000000
4.716695, 0.000000, 0.000000, 0.000000, 0.000000, 0.000000, 1.000000
4.716695, 0.000000, 0.000000, 0.000000, 0.000000, 0.000000, 1.000000
4.726695, 0.000000, 0.000000, 0.000000, 0.000000, 0.000000, 1.000000
4.726695, 0.000000, 0.000000, 0.000000, 0.000000, 0.000000, 1.000000
4.726695, 0.000000, 0.000000, 0.000000, 0.000000, 0.000000, 1.000000
4.736695, 0.000000, 0.000000, 0.000000, 0.000000, 0.000000, 1.000000
4.736695, 0.000000, 0.000000, 0.000000, 0.000000, 0.000000, 1.000000
4.746695, 0.000000, 0.000000, 0.000000, 0.000000, 0.000000, 1.000000
4.746695, 0.000000, 0.000000, 0.000000, 0.000000, 0.000000, 1.000000
4.746695, 0.000000, 0.000000, 0.000000, 0.000000, 0.000000, 1.000000
4.756695, 0.000000, 0.000000, 0.000000, 0.000000, 0.000000, 1.000000
4.756695, 0.000000, 0.000000, 0.000000, 0.000000, 0.000000, 1.000000
4.766695, 0.000000, 0.000000, 0.000000, 0.000000, 0.000000, 1.000000
4.766695, 0.000000, 0.000000, 0.000000, 0.000000, 0.000000, 1.000000
4.766695, 0.000000, 0.000000, 0.000000, 0.000000, 0.000000, 1.000000
4.776695, 0.000000, 0.000000, 0.000000, 0.000000, 0.000000, 1.000000
4.776695, 0.000000, 0.000000, 0.000000, 0.000000, 0.000000, 1.000000
4.786695, 0.000000, 0.000000, 0.000000, 0.000000, 0.000000, 1.000000
4.786695, 0.000000, 0.000000, 0.000000, 0.000000, 0.000000, 1.000000
4.786695, 0.000000, 0.000000, 0.000000, 0.000000, 0.000000, 1.000000
4.796695, 0.000000, 0.000000, 0.000000, 0.000000, 0.000000, 1.000000
4.796695, 0.000000, 0.000000, 0.000000, 0.000000, 0.000000, 1.000000
4.806695, 0.000000, 0.000000, 0.000000, 0.000000, 0.000000, 1.000000
4.806695, 0.000000, 0.000000, 0.000000, 0.000000, 0.000000, 1.000000
4.816695, 0.000000, 0.000000, 0.000000, 0.000000, 0.000000, 1.000000
4.816695, 0.000000, 0.000000, 0.000000, 0.000000, 0.000000, 1.000000
4.826695, 0.000000, 0.000000, 0.000000, 0.000000, 0.000000, 1.000000
4.826695, 0.000000, 0.000000, 0.000000, 0.000000, 0.000000, 1.000000
4.826695, 0.000000, 0.000000, 0.000000, 0.000000, 0.000000, 1.000000
4.836695, 0.000000, 0.000000, 0.000000, 0.000000, 0.000000, 1.000000
4.836695, 0.000000, 0.000000, 0.000000, 0.000000, 0.000000, 1.000000
4.846695, 0.000000, 0.000000, 0.000000, 0.000000, 0.000000, 1.000000
4.846695, 0.000000, 0.000000, 0.000000, 0.000000, 0.000000, 1.000000
4.846695, 0.000000, 0.000000, 0.000000, 0.000000, 0.000000, 1.000000
4.856695, 0.000000, 0.000000, 0.000000, 0.000000, 0.000000, 1.000000
4.856695, 0.000000, 0.000000, 0.000000, 0.000000, 0.000000, 1.000000
4.866695, 0.000000, 0.000000, 0.000000, 0.000000, 0.000000, 1.000000
4.866695, 0.000000, 0.000000, 0.000000, 0.000000, 0.000000, 1.000000
4.876695, 0.000000, 0.000000, 0.000000, 0.000000, 0.000000, 1.000000
4.876695, 0.000000, 0.000000, 0.000000, 0.000000, 0.000000, 1.000000
4.886695, 0.000000, 0.000000, 0.000000, 0.000000, 0.000000, 1.000000
4.886695, 0.000000, 0.000000, 0.000000, 0.000000, 0.000000, 1.000000
4.886695, 0.000000, 0.000000, 0.000000, 0.000000, 0.000000, 1.000000
4.896695, 0.000000, 0.000000, 0.000000, 0.000000, 0.000000, 1.000000
4.896695, 0.000000, 0.000000, 0.000000, 0.000000, 0.000000, 1.000000
4.906695, 0.000000, 0.000000, 0.000000, 0.000000, 0.000000, 1.000000
4.906695, 0.000000, 0.000000, 0.000000, 0.000000, 0.000000, 1.000000
4.916695, 0.000000, 0.000000, 0.000000, 0.000000, 0.000000, 1.000000
4.916695, 0.000000, 0.000000, 0.000000, 0.000000, 0.000000, 1.000000
4.926695, 0.000000, 0.000000, 0.000000, 0.000000, 0.000000, 1.000000
4.926695, 0.000000, 0.000000, 0.000000, 0.000000, 0.000000, 1.000000
4.926695, 0.000000, 0.000000, 0.000000, 0.000000, 0.000000, 1.000000
4.936695, 0.000000, 0.000000, 0.000000, 0.000000, 0.000000, 1.000000
4.936695, 0.000000, 0.000000, 0.000000, 0.000000, 0.000000, 1.000000
4.946695, 0.000000, 0.000000, 0.000000, 0.000000, 0.000000, 1.000000
4.946695, 0.000000, 0.000000, 0.000000, 0.000000, 0.000000, 1.000000
4.946695, 0.000000, 0.000000, 0.000000, 0.000000, 0.000000, 1.000000
4.956695, 0.000000, 0.000000, 0.000000, 0.000000, 0.000000, 1.000000
4.956695, 0.000000, 0.000000, 0.000000, 0.000000, 0.000000, 1.000000
4.966695, 0.000000, 0.000000, 0.000000, 0.000000, 0.000000, 1.000000
4.966695, 0.000000, 0.000000, 0.000000, 0.000000, 0.000000, 1.000000
4.976695, 0.000000, 0.000000, 0.000000, 0.000000, 0.000000, 1.000000
4.976695, 0.000000, 0.000000, 0.000000, 0.000000, 0.000000, 1.000000
4.986695, 0.000000, 0.000000, 0.000000, 0.000000, 0.000000, 1.000000
4.986695, 0.000000, 0.000000, 0.000000, 0.000000, 0.000000, 1.000000
4.986695, 0.000000, 0.000000, 0.000000, 0.000000, 0.000000, 1.000000
4.996695, 0.000000, 0.000000, 0.000000, 0.000000, 0.000000, 1.000000
4.996695, 0.000000, 0.000000, 0.000000, 0.000000, 0.000000, 1.000000
5.006695, 0.000000, 0.000000, 0.000000, 0.000000, 0.000000, 1.000000
5.006695, 0.000000, 0.000000, 0.000000, 0.000000, 0.000000, 1.000000
5.016695, 0.000000, 0.000000, 0.000000, 0.000000, 0.000000, 1.000000
5.016695, 0.000000, 0.000000, 0.000000, 0.000000, 0.000000, 1.000000
5.026695, 0.000000, 0.000000, 0.000000, 0.000000, 0.000000, 1.000000
5.026695, 0.000000, 0.000000, 0.000000, 0.000000, 0.000000, 1.000000
5.026695, 0.000000, 0.000000, 0.000000, 0.000000, 0.000000, 1.000000
5.036695, 0.000000, 0.000000, 0.000000, 0.000000, 0.000000, 1.000000
5.036695, 0.000000, 0.000000, 0.000000, 0.000000, 0.000000, 1.000000
5.046695, 0.000000, 0.000000, 0.000000, 0.000000, 0.000000, 1.000000
5.046695, 0.000000, 0.000000, 0.000000, 0.000000, 0.000000, 1.000000
5.046695, 0.000000, 0.000000, 0.000000, 0.000000, 0.000000, 1.000000
5.056695, 0.000000, 0.000000, 0.000000, 0.000000, 0.000000, 1.000000
5.056695, 0.000000, 0.000000, 0.000000, 0.000000, 0.000000, 1.000000
5.066695, 0.000000, 0.000000, 0.000000, 0.000000, 0.000000, 1.000000
5.066695, 0.000000, 0.000000, 0.000000, 0.000000, 0.000000, 1.000000
5.066695, 0.000000, 0.000000, 0.000000, 0.000000, 0.000000, 1.000000
5.076695, 0.000000, 0.000000, 0.000000, 0.000000, 0.000000, 1.000000
5.076695, 0.000000, 0.000000, 0.000000, 0.000000, 0.000000, 1.000000
5.086695, 0.000000, 0.000000, 0.000000, 0.000000, 0.000000, 1.000000
5.086695, 0.000000, 0.000000, 0.000000, 0.000000, 0.000000, 1.000000
5.086695, 0.000000, 0.000000, 0.000000, 0.000000, 0.000000, 1.000000
5.096695, 0.000000, 0.000000, 0.000000, 0.000000, 0.000000, 1.000000
5.106695, 0.000000, 0.000000, 0.000000, 0.000000, 0.000000, 1.000000
5.106695, 0.000000, 0.000000, 0.000000, 0.000000, 0.000000, 1.000000
5.106695, 0.000000, 0.000000, 0.000000, 0.000000, 0.000000, 1.000000
5.116695, 0.000000, 0.000000, 0.000000, 0.000000, 0.000000, 1.000000
5.116695, 0.000000, 0.000000, 0.000000, 0.000000, 0.000000, 1.000000
5.126695, 0.000000, 0.000000, 0.000000, 0.000000, 0.000000, 1.000000
5.126695, 0.000000, 0.000000, 0.000000, 0.000000, 0.000000, 1.000000
5.126695, 0.000000, 0.000000, 0.000000, 0.000000, 0.000000, 1.000000
5.136695, 0.000000, 0.000000, 0.000000, 0.000000, 0.000000, 1.000000
5.136695, 0.000000, 0.000000, 0.000000, 0.000000, 0.000000, 1.000000
5.146695, 0.000000, 0.000000, 0.000000, 0.000000, 0.000000, 1.000000
5.146695, 0.000000, 0.000000, 0.000000, 0.000000, 0.000000, 1.000000
5.146695, 0.000000, 0.000000, 0.000000, 0.000000, 0.000000, 1.000000
5.156695, 0.000000, 0.000000, 0.000000, 0.000000, 0.000000, 1.000000
5.156695, 0.000000, 0.000000, 0.000000, 0.000000, 0.000000, 1.000000
5.166695, 0.000000, 0.000000, 0.000000, 0.000000, 0.000000, 1.000000
5.166695, 0.000000, 0.000000, 0.000000, 0.000000, 0.000000, 1.000000
5.166695, 0.000000, 0.000000, 0.000000, 0.000000, 0.000000, 1.000000
5.176695, 0.000000, 0.000000, 0.000000, 0.000000, 0.000000, 1.000000
5.176695, 0.000000, 0.000000, 0.000000, 0.000000, 0.000000, 1.000000
5.186695, 0.000000, 0.000000, 0.000000, 0.000000, 0.000000, 1.000000
5.186695, 0.000000, 0.000000, 0.000000, 0.000000, 0.000000, 1.000000
5.196695, 0.000000, 0.000000, 0.000000, 0.000000, 0.000000, 1.000000
5.196695, 0.000000, 0.000000, 0.000000, 0.000000, 0.000000, 1.000000
5.206695, 0.000000, 0.000000, 0.000000, 0.000000, 0.000000, 1.000000
5.206695, 0.000000, 0.000000, 0.000000, 0.000000, 0.000000, 1.000000
5.206695, 0.000000, 0.000000, 0.000000, 0.000000, 0.000000, 1.000000
5.216695, 0.000000, 0.000000, 0.000000, 0.000000, 0.000000, 1.000000
5.216695, 0.000000, 0.000000, 0.000000, 0.000000, 0.000000, 1.000000
5.226695, 0.000000, 0.000000, 0.000000, 0.000000, 0.000000, 1.000000
5.226695, 0.000000, 0.000000, 0.000000, 0.000000, 0.000000, 1.000000
5.236695, 0.000000, 0.000000, 0.000000, 0.000000, 0.000000, 1.000000
5.236695, 0.000000, 0.000000, 0.000000, 0.000000, 0.000000, 1.000000
5.246695, 0.000000, 0.000000, 0.000000, 0.000000, 0.000000, 1.000000
5.246695, 0.000000, 0.000000, 0.000000, 0.000000, 0.000000, 1.000000
5.246695, 0.000000, 0.000000, 0.000000, 0.000000, 0.000000, 1.000000
5.256695, 0.000000, 0.000000, 0.000000, 0.000000, 0.000000, 1.000000
5.266695, 0.000000, 0.000000, 0.000000, 0.000000, 0.000000, 1.000000
5.266695, 0.000000, 0.000000, 0.000000, 0.000000, 0.000000, 1.000000
5.266695, 0.000000, 0.000000, 0.000000, 0.000000, 0.000000, 1.000000
5.276695, 0.000000, 0.000000, 0.000000, 0.000000, 0.000000, 1.000000
5.276695, 0.000000, 0.000000, 0.000000, 0.000000, 0.000000, 1.000000
5.286695, 0.000000, 0.000000, 0.000000, 0.000000, 0.000000, 1.000000
5.286695, 0.000000, 0.000000, 0.000000, 0.000000, 0.000000, 1.000000
5.286695, 0.000000, 0.000000, 0.000000, 0.000000, 0.000000, 1.000000
5.296695, 0.000000, 0.000000, 0.000000, 0.000000, 0.000000, 1.000000
5.296695, 0.000000, 0.000000, 0.000000, 0.000000, 0.000000, 1.000000
5.306695, 0.000000, 0.000000, 0.000000, 0.000000, 0.000000, 1.000000
5.306695, 0.000000, 0.000000, 0.000000, 0.000000, 0.000000, 1.000000
5.306695, 0.000000, 0.000000, 0.000000, 0.000000, 0.000000, 1.000000
5.316695, 0.000000, 0.000000, 0.000000, 0.000000, 0.000000, 1.000000
5.326695, 0.000000, 0.000000, 0.000000, 0.000000, 0.000000, 1.000000
5.326695, 0.000000, 0.000000, 0.000000, 0.000000, 0.000000, 1.000000
5.326695, 0.000000, 0.000000, 0.000000, 0.000000, 0.000000, 1.000000
5.336695, 0.000000, 0.000000, 0.000000, 0.000000, 0.000000, 1.000000
5.336695, 0.000000, 0.000000, 0.000000, 0.000000, 0.000000, 1.000000
5.346695, 0.000000, 0.000000, 0.000000, 0.000000, 0.000000, 1.000000
5.346695, 0.000000, 0.000000, 0.000000, 0.000000, 0.000000, 1.000000
5.346695, 0.000000, 0.000000, 0.000000, 0.000000, 0.000000, 1.000000
5.356695, 0.000000, 0.000000, 0.000000, 0.000000, 0.000000, 1.000000
5.356695, 0.000000, 0.000000, 0.000000, 0.000000, 0.000000, 1.000000
5.366695, 0.000000, 0.000000, 0.000000, 0.000000, 0.000000, 1.000000
5.366695, 0.000000, 0.000000, 0.000000, 0.000000, 0.000000, 1.000000
5.366695, 0.000000, 0.000000, 0.000000, 0.000000, 0.000000, 1.000000
5.376695, 0.000000, 0.000000, 0.000000, 0.000000, 0.000000, 1.000000
5.376695, 0.000000, 0.000000, 0.000000, 0.000000, 0.000000, 1.000000
5.386695, 0.000000, 0.000000, 0.000000, 0.000000, 0.000000, 1.000000
5.386695, 0.000000, 0.000000, 0.000000, 0.000000, 0.000000, 1.000000
5.396695, 0.000000, 0.000000, 0.000000, 0.000000, 0.000000, 1.000000
5.396695, 0.000000, 0.000000, 0.000000, 0.000000, 0.000000, 1.000000
5.406695, 0.000000, 0.000000, 0.000000, 0.000000, 0.000000, 1.000000
5.406695, 0.000000, 0.000000, 0.000000, 0.000000, 0.000000, 1.000000
5.406695, 0.000000, 0.000000, 0.000000, 0.000000, 0.000000, 1.000000
5.416695, 0.000000, 0.000000, 0.000000, 0.000000, 0.000000, 1.000000
5.416695, 0.000000, 0.000000, 0.000000, 0.000000, 0.000000, 1.000000
5.426695, 0.000000, 0.000000, 0.000000, 0.000000, 0.000000, 1.000000
5.426695, 0.000000, 0.000000, 0.000000, 0.000000, 0.000000, 1.000000
5.426695, 0.000000, 0.000000, 0.000000, 0.000000, 0.000000, 1.000000
5.436695, 0.000000, 0.000000, 0.000000, 0.000000, 0.000000, 1.000000
5.436695, 0.000000, 0.000000, 0.000000, 0.000000, 0.000000, 1.000000
5.446695, 0.000000, 0.000000, 0.000000, 0.000000, 0.000000, 1.000000
5.446695, 0.000000, 0.000000, 0.000000, 0.000000, 0.000000, 1.000000
5.446695, 0.000000, 0.000000, 0.000000, 0.000000, 0.000000, 1.000000
5.456695, 0.000000, 0.000000, 0.000000, 0.000000, 0.000000, 1.000000
5.456695, 0.000000, 0.000000, 0.000000, 0.000000, 0.000000, 1.000000
5.466695, 0.000000, 0.000000, 0.000000, 0.000000, 0.000000, 1.000000
5.466695, 0.000000, 0.000000, 0.000000, 0.000000, 0.000000, 1.000000
5.466695, 0.000000, 0.000000, 0.000000, 0.000000, 0.000000, 1.000000
5.476695, 0.000000, 0.000000, 0.000000, 0.000000, 0.000000, 1.000000
5.486695, 0.000000, 0.000000, 0.000000, 0.000000, 0.000000, 1.000000
5.486695, 0.000000, 0.000000, 0.000000, 0.000000, 0.000000, 1.000000
5.486695, 0.000000, 0.000000, 0.000000, 0.000000, 0.000000, 1.000000
5.496695, 0.000000, 0.000000, 0.000000, 0.000000, 0.000000, 1.000000
5.496695, 0.000000, 0.000000, 0.000000, 0.000000, 0.000000, 1.000000
5.506695, 0.000000, 0.000000, 0.000000, 0.000000, 0.000000, 1.000000
5.506695, 0.000000, 0.000000, 0.000000, 0.000000, 0.000000, 1.000000
5.516695, 0.000000, 0.000000, 0.000000, 0.000000, 0.000000, 1.000000
5.516695, 0.000000, 0.000000, 0.000000, 0.000000, 0.000000, 1.000000
5.526695, 0.000000, 0.000000, 0.000000, 0.000000, 0.000000, 1.000000
5.526695, 0.000000, 0.000000, 0.000000, 0.000000, 0.000000, 1.000000
5.526695, 0.000000, 0.000000, 0.000000, 0.000000, 0.000000, 1.000000
5.536695, 0.000000, 0.000000, 0.000000, 0.000000, 0.000000, 1.000000
5.536695, 0.000000, 0.000000, 0.000000, 0.000000, 0.000000, 1.000000
5.546695, 0.000000, 0.000000, 0.000000, 0.000000, 0.000000, 1.000000
5.546695, 0.000000, 0.000000, 0.000000, 0.000000, 0.000000, 1.000000
5.546695, 0.000000, 0.000000, 0.000000, 0.000000, 0.000000, 1.000000
5.556695, 0.000000, 0.000000, 0.000000, 0.000000, 0.000000, 1.000000
5.556695, 0.000000, 0.000000, 0.000000, 0.000000, 0.000000, 1.000000
5.566695, 0.000000, 0.000000, 0.000000, 0.000000, 0.000000, 1.000000
5.566695, 0.000000, 0.000000, 0.000000, 0.000000, 0.000000, 1.000000
5.566695, 0.000000, 0.000000, 0.000000, 0.000000, 0.000000, 1.000000
5.576695, 0.000000, 0.000000, 0.000000, 0.000000, 0.000000, 1.000000
5.586695, 0.000000, 0.000000, 0.000000, 0.000000, 0.000000, 1.000000
5.586695, 0.000000, 0.000000, 0.000000, 0.000000, 0.000000, 1.000000
5.586695, 0.000000, 0.000000, 0.000000, 0.000000, 0.000000, 1.000000
5.596695, 0.000000, 0.000000, 0.000000, 0.000000, 0.000000, 1.000000
5.596695, 0.000000, 0.000000, 0.000000, 0.000000, 0.000000, 1.000000
5.606695, 0.000000, 0.000000, 0.000000, 0.000000, 0.000000, 1.000000
5.606695, 0.000000, 0.000000, 0.000000, 0.000000, 0.000000, 1.000000
5.616695, 0.000000, 0.000000, 0.000000, 0.000000, 0.000000, 1.000000
5.616695, 0.000000, 0.000000, 0.000000, 0.000000, 0.000000, 1.000000
5.626695, 0.000000, 0.000000, 0.000000, 0.000000, 0.000000, 1.000000
5.626695, 0.000000, 0.000000, 0.000000, 0.000000, 0.000000, 1.000000
5.626695, 0.000000, 0.000000, 0.000000, 0.000000, 0.000000, 1.000000
5.636695, 0.000000, 0.000000, 0.000000, 0.000000, 0.000000, 1.000000
5.636695, 0.000000, 0.000000, 0.000000, 0.000000, 0.000000, 1.000000
5.646695, 0.000000, 0.000000, 0.000000, 0.000000, 0.000000, 1.000000
5.646695, 0.000000, 0.000000, 0.000000, 0.000000, 0.000000, 1.000000
5.646695, 0.000000, 0.000000, 0.000000, 0.000000, 0.000000, 1.000000
5.656695, 0.000000, 0.000000, 0.000000, 0.000000, 0.000000, 1.000000
5.656695, 0.000000, 0.000000, 0.000000, 0.000000, 0.000000, 1.000000
5.666695, 0.000000, 0.000000, 0.000000, 0.000000, 0.000000, 1.000000
5.666695, 0.000000, 0.000000, 0.000000, 0.000000, 0.000000, 1.000000
5.676695, 0.000000, 0.000000, 0.000000, 0.000000, 0.000000, 1.000000
5.676695, 0.000000, 0.000000, 0.000000, 0.000000, 0.000000, 1.000000
5.686695, 0.000000, 0.000000, 0.000000, 0.000000, 0.000000, 1.000000
5.686695, 0.000000, 0.000000, 0.000000, 0.000000, 0.000000, 1.000000
5.686695, 0.000000, 0.000000, 0.000000, 0.000000, 0.000000, 1.000000
5.696695, 0.000000, 0.000000, 0.000000, 0.000000, 0.000000, 1.000000
5.696695, 0.000000, 0.000000, 0.000000, 0.000000, 0.000000, 1.000000
5.706695, 0.000000, 0.000000, 0.000000, 0.000000, 0.000000, 1.000000
5.706695, 0.000000, 0.000000, 0.000000, 0.000000, 0.000000, 1.000000
5.716695, 0.000000, 0.000000, 0.000000, 0.000000, 0.000000, 1.000000
5.716695, 0.000000, 0.000000, 0.000000, 0.000000, 0.000000, 1.000000
5.726695, 0.000000, 0.000000, 0.000000, 0.000000, 0.000000, 1.000000
5.726695, 0.000000, 0.000000, 0.000000, 0.000000, 0.000000, 1.000000
5.726695, 0.000000, 0.000000, 0.000000, 0.000000, 0.000000, 1.000000
5.736695, 0.000000, 0.000000, 0.000000, 0.000000, 0.000000, 1.000000
5.736695, 0.000000, 0.000000, 0.000000, 0.000000, 0.000000, 1.000000
5.746695, 0.000000, 0.000000, 0.000000, 0.000000, 0.000000, 1.000000
5.746695, 0.000000, 0.000000, 0.000000, 0.000000, 0.000000, 1.000000
5.746695, 0.000000, 0.000000, 0.000000, 0.000000, 0.000000, 1.000000
5.756695, 0.000000, 0.000000, 0.000000, 0.000000, 0.000000, 1.000000
5.756695, 0.000000, 0.000000, 0.000000, 0.000000, 0.000000, 1.000000
5.766695, 0.000000, 0.000000, 0.000000, 0.000000, 0.000000, 1.000000
5.766695, 0.000000, 0.000000, 0.000000, 0.000000, 0.000000, 1.000000
5.766695, 0.000000, 0.000000, 0.000000, 0.000000, 0.000000, 1.000000
5.776695, 0.000000, 0.000000, 0.000000, 0.000000, 0.000000, 1.000000
5.776695, 0.000000, 0.000000, 0.000000, 0.000000, 0.000000, 1.000000
5.786695, 0.000000, 0.000000, 0.000000, 0.000000, 0.000000, 1.000000
5.786695, 0.000000, 0.000000, 0.000000, 0.000000, 0.000000, 1.000000
5.786695, 0.000000, 0.000000, 0.000000, 0.000000, 0.000000, 1.000000
5.796695, 0.000000, 0.000000, 0.000000, 0.000000, 0.000000, 1.000000
5.806695, 0.000000, 0.000000, 0.000000, 0.000000, 0.000000, 1.000000
5.806695, 0.000000, 0.000000, 0.000000, 0.000000, 0.000000, 1.000000
5.806695, 0.000000, 0.000000, 0.000000, 0.000000, 0.000000, 1.000000
5.816695, 0.000000, 0.000000, 0.000000, 0.000000, 0.000000, 1.000000
5.816695, 0.000000, 0.000000, 0.000000, 0.000000, 0.000000, 1.000000
5.826695, 0.000000, 0.000000, 0.000000, 0.000000, 0.000000, 1.000000
5.826695, 0.000000, 0.000000, 0.000000, 0.000000, 0.000000, 1.000000
5.836695, 0.000000, 0.000000, 0.000000, 0.000000, 0.000000, 1.000000
5.836695, 0.000000, 0.000000, 0.000000, 0.000000, 0.000000, 1.000000
5.846695, 0.000000, 0.000000, 0.000000, 0.000000, 0.000000, 1.000000
5.846695, 0.000000, 0.000000, 0.000000, 0.000000, 0.000000, 1.000000
5.846695, 0.000000, 0.000000, 0.000000, 0.000000, 0.000000, 1.000000
5.856695, 0.000000, 0.000000, 0.000000, 0.000000, 0.000000, 1.000000
5.856695, 0.000000, 0.000000, 0.000000, 0.000000, 0.000000, 1.000000
5.866695, 0.000000, 0.000000, 0.000000, 0.000000, 0.000000, 1.000000
5.866695, 0.000000, 0.000000, 0.000000, 0.000000, 0.000000, 1.000000
5.876695, 0.000000, 0.000000, 0.000000, 0.000000, 0.000000, 1.000000
5.876695, 0.000000, 0.000000, 0.000000, 0.000000, 0.000000, 1.000000
5.886695, 0.000000, 0.000000, 0.000000, 0.000000, 0.000000, 1.000000
5.886695, 0.000000, 0.000000, 0.000000, 0.000000, 0.000000, 1.000000
5.886695, 0.000000, 0.000000, 0.000000, 0.000000, 0.000000, 1.000000
5.896695, 0.000000, 0.000000, 0.000000, 0.000000, 0.000000, 1.000000
5.906695, 0.000000, 0.000000, 0.000000, 0.000000, 0.000000, 1.000000
5.906695, 0.000000, 0.000000, 0.000000, 0.000000, 0.000000, 1.000000
5.906695, 0.000000, 0.000000, 0.000000, 0.000000, 0.000000, 1.000000
5.916695, 0.000000, 0.000000, 0.000000, 0.000000, 0.000000, 1.000000
5.916695, 0.000000, 0.000000, 0.000000, 0.000000, 0.000000, 1.000000
5.926695, 0.000000, 0.000000, 0.000000, 0.000000, 0.000000, 1.000000
5.926695, 0.000000, 0.000000, 0.000000, 0.000000, 0.000000, 1.000000
5.936695, 0.000000, 0.000000, 0.000000, 0.000000, 0.000000, 1.000000
5.936695, 0.000000, 0.000000, 0.000000, 0.000000, 0.000000, 1.000000
5.946695, 0.000000, 0.000000, 0.000000, 0.000000, 0.000000, 1.000000
5.946695, 0.000000, 0.000000, 0.000000, 0.000000, 0.000000, 1.000000
5.946695, 0.000000, 0.000000, 0.000000, 0.000000, 0.000000, 1.000000
5.956695, 0.000000, 0.000000, 0.000000, 0.000000, 0.000000, 1.000000
5.966695, 0.000000, 0.000000, 0.000000, 0.000000, 0.000000, 1.000000
5.966695, 0.000000, 0.000000, 0.000000, 0.000000, 0.000000, 1.000000
5.966695, 0.000000, 0.000000, 0.000000, 0.000000, 0.000000, 1.000000
5.976695, 0.000000, 0.000000, 0.000000, 0.000000, 0.000000, 1.000000
5.976695, 0.000000, 0.000000, 0.000000, 0.000000, 0.000000, 1.000000
5.986695, 0.000000, 0.000000, 0.000000, 0.000000, 0.000000, 1.000000
5.986695, 0.000000, 0.000000, 0.000000, 0.000000, 0.000000, 1.000000
5.996695, 0.000000, 0.000000, 0.000000, 0.000000, 0.000000, 1.000000
5.996695, 0.000000, 0.000000, 0.000000, 0.000000, 0.000000, 1.000000
5.996695, 0.000000, 0.000000, 0.000000, 0.000000, 0.000000, 1.000000
6.006695, 0.000000, 0.000000, 0.000000, 0.000000, 0.000000, 1.000000
6.006695, 0.000000, 0.000000, 0.000000, 0.000000, 0.000000, 1.000000
6.006695, 0.000000, 0.000000, 0.000000, 0.000000, 0.000000, 1.000000
6.016695, 0.000000, 0.000000, 0.000000, 0.000000, 0.000000, 1.000000
6.016695, 0.000000, 0.000000, 0.000000, 0.000000, 0.000000, 1.000000
6.026695, 0.000000, 0.000000, 0.000000, 0.000000, 0.000000, 1.000000
6.026695, 0.000000, 0.000000, 0.000000, 0.000000, 0.000000, 1.000000
6.026695, 0.000000, 0.000000, 0.000000, 0.000000, 0.000000, 1.000000
6.036695, 0.000000, 0.000000, 0.000000, 0.000000, 0.000000, 1.000000
6.036695, 0.000000, 0.000000, 0.000000, 0.000000, 0.000000, 1.000000
6.046695, 0.000000, 0.000000, 0.000000, 0.000000, 0.000000, 1.000000
6.046695, 0.000000, 0.000000, 0.000000, 0.000000, 0.000000, 1.000000
6.046695, 0.000000, 0.000000, 0.000000, 0.000000, 0.000000, 1.000000
6.056695, 0.000000, 0.000000, 0.000000, 0.000000, 0.000000, 1.000000
6.056695, 0.000000, 0.000000, 0.000000, 0.000000, 0.000000, 1.000000
6.066695, 0.000000, 0.000000, 0.000000, 0.000000, 0.000000, 1.000000
6.066695, 0.000000, 0.000000, 0.000000, 0.000000, 0.000000, 1.000000
6.066695, 0.000000, 0.000000, 0.000000, 0.000000, 0.000000, 1.000000
6.076695, 0.000000, 0.000000, 0.000000, 0.000000, 0.000000, 1.000000
6.076695, 0.000000, 0.000000, 0.000000, 0.000000, 0.000000, 1.000000
6.086695, 0.000000, 0.000000, 0.000000, 0.000000, 0.000000, 1.000000
6.086695, 0.000000, 0.000000, 0.000000, 0.000000, 0.000000, 1.000000
6.086695, 0.000000, 0.000000, 0.000000, 0.000000, 0.000000, 1.000000
6.096695, 0.000000, 0.000000, 0.000000, 0.000000, 0.000000, 1.000000
6.096695, 0.000000, 0.000000, 0.000000, 0.000000, 0.000000, 1.000000
6.106695, 0.000000, 0.000000, 0.000000, 0.000000, 0.000000, 1.000000
6.106695, 0.000000, 0.000000, 0.000000, 0.000000, 0.000000, 1.000000
6.106695, 0.000000, 0.000000, 0.000000, 0.000000, 0.000000, 1.000000
6.116695, 0.000000, 0.000000, 0.000000, 0.000000, 0.000000, 1.000000
6.116695, 0.000000, 0.000000, 0.000000, 0.000000, 0.000000, 1.000000
6.126695, 0.000000, 0.000000, 0.000000, 0.000000, 0.000000, 1.000000
6.126695, 0.000000, 0.000000, 0.000000, 0.000000, 0.000000, 1.000000
6.136695, 0.000000, 0.000000, 0.000000, 0.000000, 0.000000, 1.000000
6.136695, 0.000000, 0.000000, 0.000000, 0.000000, 0.000000, 1.000000
6.146695, 0.000000, 0.000000, 0.000000, 0.000000, 0.000000, 1.000000
6.146695, 0.000000, 0.000000, 0.000000, 0.000000, 0.000000, 1.000000
6.156695, 0.000000, 0.000000, 0.000000, 0.000000, 0.000000, 1.000000
6.156695, 0.000000, 0.000000, 0.000000, 0.000000, 0.000000, 1.000000
6.166695, 0.000000, 0.000000, 0.000000, 0.000000, 0.000000, 1.000000
6.166695, 0.000000, 0.000000, 0.000000, 0.000000, 0.000000, 1.000000
6.166695, 0.000000, 0.000000, 0.000000, 0.000000, 0.000000, 1.000000
6.176695, 0.000000, 0.000000, 0.000000, 0.000000, 0.000000, 1.000000
6.176695, 0.000000, 0.000000, 0.000000, 0.000000, 0.000000, 1.000000
6.186695, 0.000000, 0.000000, 0.000000, 0.000000, 0.000000, 1.000000
6.186695, 0.000000, 0.000000, 0.000000, 0.000000, 0.000000, 1.000000
6.186695, 0.000000, 0.000000, 0.000000, 0.000000, 0.000000, 1.000000
6.196695, 0.000000, 0.000000, 0.000000, 0.000000, 0.000000, 1.000000
6.196695, 0.000000, 0.000000, 0.000000, 0.000000, 0.000000, 1.000000
6.206695, 0.000000, 0.000000, 0.000000, 0.000000, 0.000000, 1.000000
6.206695, 0.000000, 0.000000, 0.000000, 0.000000, 0.000000, 1.000000
6.206695, 0.000000, 0.000000, 0.000000, 0.000000, 0.000000, 1.000000
6.216695, 0.000000, 0.000000, 0.000000, 0.000000, 0.000000, 1.000000
6.226695, 0.000000, 0.000000, 0.000000, 0.000000, 0.000000, 1.000000
6.226695, 0.000000, 0.000000, 0.000000, 0.000000, 0.000000, 1.000000
6.226695, 0.000000, 0.000000, 0.000000, 0.000000, 0.000000, 1.000000
6.236695, 0.000000, 0.000000, 0.000000, 0.000000, 0.000000, 1.000000
6.236695, 0.000000, 0.000000, 0.000000, 0.000000, 0.000000, 1.000000
6.246695, 0.000000, 0.000000, 0.000000, 0.000000, 0.000000, 1.000000
6.246695, 0.000000, 0.000000, 0.000000, 0.000000, 0.000000, 1.000000
6.246695, 0.000000, 0.000000, 0.000000, 0.000000, 0.000000, 1.000000
6.256695, 0.000000, 0.000000, 0.000000, 0.000000, 0.000000, 1.000000
6.256695, 0.000000, 0.000000, 0.000000, 0.000000, 0.000000, 1.000000
6.266695, 0.000000, 0.000000, 0.000000, 0.000000, 0.000000, 1.000000
6.266695, 0.000000, 0.000000, 0.000000, 0.000000, 0.000000, 1.000000
6.266695, 0.000000, 0.000000, 0.000000, 0.000000, 0.000000, 1.000000
6.276695, 0.000000, 0.000000, 0.000000, 0.000000, 0.000000, 1.000000
6.286695, 0.000000, 0.000000, 0.000000, 0.000000, 0.000000, 1.000000
6.286695, 0.000000, 0.000000, 0.000000, 0.000000, 0.000000, 1.000000
6.286695, 0.000000, 0.000000, 0.000000, 0.000000, 0.000000, 1.000000
6.296695, 0.000000, 0.000000, 0.000000, 0.000000, 0.000000, 1.000000
6.296695, 0.000000, 0.000000, 0.000000, 0.000000, 0.000000, 1.000000
6.306695, 0.000000, 0.000000, 0.000000, 0.000000, 0.000000, 1.000000
6.306695, 0.000000, 0.000000, 0.000000, 0.000000, 0.000000, 1.000000
6.306695, 0.000000, 0.000000, 0.000000, 0.000000, 0.000000, 1.000000
6.316695, 0.000000, 0.000000, 0.000000, 0.000000, 0.000000, 1.000000
6.316695, 0.000000, 0.000000, 0.000000, 0.000000, 0.000000, 1.000000
6.326695, 0.000000, 0.000000, 0.000000, 0.000000, 0.000000, 1.000000
6.326695, 0.000000, 0.000000, 0.000000, 0.000000, 0.000000, 1.000000
6.326695, 0.000000, 0.000000, 0.000000, 0.000000, 0.000000, 1.000000
6.336695, 0.000000, 0.000000, 0.000000, 0.000000, 0.000000, 1.000000
6.336695, 0.000000, 0.000000, 0.000000, 0.000000, 0.000000, 1.000000
6.346695, 0.000000, 0.000000, 0.000000, 0.000000, 0.000000, 1.000000
6.346695, 0.000000, 0.000000, 0.000000, 0.000000, 0.000000, 1.000000
6.356695, 0.000000, 0.000000, 0.000000, 0.000000, 0.000000, 1.000000
6.356695, 0.000000, 0.000000, 0.000000, 0.000000, 0.000000, 1.000000
6.366695, 0.000000, 0.000000, 0.000000, 0.000000, 0.000000, 1.000000
6.366695, 0.000000, 0.000000, 0.000000, 0.000000, 0.000000, 1.000000
6.366695, 0.000000, 0.000000, 0.000000, 0.000000, 0.000000, 1.000000
6.376695, 0.000000, 0.000000, 0.000000, 0.000000, 0.000000, 1.000000
6.386695, 0.000000, 0.000000, 0.000000, 0.000000, 0.000000, 1.000000
6.386695, 0.000000, 0.000000, 0.000000, 0.000000, 0.000000, 1.000000
6.386695, 0.000000, 0.000000, 0.000000, 0.000000, 0.000000, 1.000000
6.396695, 0.000000, 0.000000, 0.000000, 0.000000, 0.000000, 1.000000
6.396695, 0.000000, 0.000000, 0.000000, 0.000000, 0.000000, 1.000000
6.406695, 0.000000, 0.000000, 0.000000, 0.000000, 0.000000, 1.000000
6.406695, 0.000000, 0.000000, 0.000000, 0.000000, 0.000000, 1.000000
6.406695, 0.000000, 0.000000, 0.000000, 0.000000, 0.000000, 1.000000
6.416695, 0.000000, 0.000000, 0.000000, 0.000000, 0.000000, 1.000000
6.416695, 0.000000, 0.000000, 0.000000, 0.000000, 0.000000, 1.000000
6.426695, 0.000000, 0.000000, 0.000000, 0.000000, 0.000000, 1.000000
6.426695, 0.000000, 0.000000, 0.000000, 0.000000, 0.000000, 1.000000
6.426695, 0.000000, 0.000000, 0.000000, 0.000000, 0.000000, 1.000000
6.436695, 0.000000, 0.000000, 0.000000, 0.000000, 0.000000, 1.000000
6.436695, 0.000000, 0.000000, 0.000000, 0.000000, 0.000000, 1.000000
6.446695, 0.000000, 0.000000, 0.000000, 0.000000, 0.000000, 1.000000
6.446695, 0.000000, 0.000000, 0.000000, 0.000000, 0.000000, 1.000000
6.446695, 0.000000, 0.000000, 0.000000, 0.000000, 0.000000, 1.000000
6.456695, 0.000000, 0.000000, 0.000000, 0.000000, 0.000000, 1.000000
6.456695, 0.000000, 0.000000, 0.000000, 0.000000, 0.000000, 1.000000
6.466695, 0.000000, 0.000000, 0.000000, 0.000000, 0.000000, 1.000000
6.466695, 0.000000, 0.000000, 0.000000, 0.000000, 0.000000, 1.000000
6.476695, 0.000000, 0.000000, 0.000000, 0.000000, 0.000000, 1.000000
6.476695, 0.000000, 0.000000, 0.000000, 0.000000, 0.000000, 1.000000
6.476695, 0.000000, 0.000000, 0.000000, 0.000000, 0.000000, 1.000000
6.486695, 0.000000, 0.000000, 0.000000, 0.000000, 0.000000, 1.000000
6.486695, 0.000000, 0.000000, 0.000000, 0.000000, 0.000000, 1.000000
6.486695, 0.000000, 0.000000, 0.000000, 0.000000, 0.000000, 1.000000
6.496695, 0.000000, 0.000000, 0.000000, 0.000000, 0.000000, 1.000000
6.496695, 0.000000, 0.000000, 0.000000, 0.000000, 0.000000, 1.000000
6.506695, 0.000000, 0.000000, 0.000000, 0.000000, 0.000000, 1.000000
6.506695, 0.000000, 0.000000, 0.000000, 0.000000, 0.000000, 1.000000
6.506695, 0.000000, 0.000000, 0.000000, 0.000000, 0.000000, 1.000000
6.516695, 0.000000, 0.000000, 0.000000, 0.000000, 0.000000, 1.000000
6.516695, 0.000000, 0.000000, 0.000000, 0.000000, 0.000000, 1.000000
6.526695, 0.000000, 0.000000, 0.000000, 0.000000, 0.000000, 1.000000
6.526695, 0.000000, 0.000000, 0.000000, 0.000000, 0.000000, 1.000000
6.526695, 0.000000, 0.000000, 0.000000, 0.000000, 0.000000, 1.000000
6.536695, 0.000000, 0.000000, 0.000000, 0.000000, 0.000000, 1.000000
6.536695, 0.000000, 0.000000, 0.000000, 0.000000, 0.000000, 1.000000
6.546695, 0.000000, 0.000000, 0.000000, 0.000000, 0.000000, 1.000000
6.546695, 0.000000, 0.000000, 0.000000, 0.000000, 0.000000, 1.000000
6.546695, 0.000000, 0.000000, 0.000000, 0.000000, 0.000000, 1.000000
6.556695, 0.000000, 0.000000, 0.000000, 0.000000, 0.000000, 1.000000
6.556695, 0.000000, 0.000000, 0.000000, 0.000000, 0.000000, 1.000000
6.566695, 0.000000, 0.000000, 0.000000, 0.000000, 0.000000, 1.000000
6.566695, 0.000000, 0.000000, 0.000000, 0.000000, 0.000000, 1.000000
6.576695, 0.000000, 0.000000, 0.000000, 0.000000, 0.000000, 1.000000
6.576695, 0.000000, 0.000000, 0.000000, 0.000000, 0.000000, 1.000000
6.586695, 0.000000, 0.000000, 0.000000, 0.000000, 0.000000, 1.000000
6.586695, 0.000000, 0.000000, 0.000000, 0.000000, 0.000000, 1.000000
6.586695, 0.000000, 0.000000, 0.000000, 0.000000, 0.000000, 1.000000
6.596695, 0.000000, 0.000000, 0.000000, 0.000000, 0.000000, 1.000000
6.596695, 0.000000, 0.000000, 0.000000, 0.000000, 0.000000, 1.000000
6.606695, 0.000000, 0.000000, 0.000000, 0.000000, 0.000000, 1.000000
6.606695, 0.000000, 0.000000, 0.000000, 0.000000, 0.000000, 1.000000
6.606695, 0.000000, 0.000000, 0.000000, 0.000000, 0.000000, 1.000000
6.616695, 0.000000, 0.000000, 0.000000, 0.000000, 0.000000, 1.000000
6.616695, 0.000000, 0.000000, 0.000000, 0.000000, 0.000000, 1.000000
6.626695, 0.000000, 0.000000, 0.000000, 0.000000, 0.000000, 1.000000
6.626695, 0.000000, 0.000000, 0.000000, 0.000000, 0.000000, 1.000000
6.636695, 0.000000, 0.000000, 0.000000, 0.000000, 0.000000, 1.000000
6.636695, 0.000000, 0.000000, 0.000000, 0.000000, 0.000000, 1.000000
6.646695, 0.000000, 0.000000, 0.000000, 0.000000, 0.000000, 1.000000
6.646695, 0.000000, 0.000000, 0.000000, 0.000000, 0.000000, 1.000000
6.646695, 0.000000, 0.000000, 0.000000, 0.000000, 0.000000, 1.000000
6.656695, 0.000000, 0.000000, 0.000000, 0.000000, 0.000000, 1.000000
6.656695, 0.000000, 0.000000, 0.000000, 0.000000, 0.000000, 1.000000
6.666695, 0.000000, 0.000000, 0.000000, 0.000000, 0.000000, 1.000000
6.666695, 0.000000, 0.000000, 0.000000, 0.000000, 0.000000, 1.000000
6.676695, 0.000000, 0.000000, 0.000000, 0.000000, 0.000000, 1.000000
6.676695, 0.000000, 0.000000, 0.000000, 0.000000, 0.000000, 1.000000
6.686695, 0.000000, 0.000000, 0.000000, 0.000000, 0.000000, 1.000000
6.686695, 0.000000, 0.000000, 0.000000, 0.000000, 0.000000, 1.000000
6.686695, 0.000000, 0.000000, 0.000000, 0.000000, 0.000000, 1.000000
6.696695, 0.000000, 0.000000, 0.000000, 0.000000, 0.000000, 1.000000
6.706695, 0.000000, 0.000000, 0.000000, 0.000000, 0.000000, 1.000000
6.706695, 0.000000, 0.000000, 0.000000, 0.000000, 0.000000, 1.000000
6.706695, 0.000000, 0.000000, 0.000000, 0.000000, 0.000000, 1.000000
6.716695, 0.000000, 0.000000, 0.000000, 0.000000, 0.000000, 1.000000
6.716695, 0.000000, 0.000000, 0.000000, 0.000000, 0.000000, 1.000000
6.726695, 0.000000, 0.000000, 0.000000, 0.000000, 0.000000, 1.000000
6.726695, 0.000000, 0.000000, 0.000000, 0.000000, 0.000000, 1.000000
6.736695, 0.000000, 0.000000, 0.000000, 0.000000, 0.000000, 1.000000
6.736695, 0.000000, 0.000000, 0.000000, 0.000000, 0.000000, 1.000000
6.746695, 0.000000, 0.000000, 0.000000, 0.000000, 0.000000, 1.000000
6.746695, 0.000000, 0.000000, 0.000000, 0.000000, 0.000000, 1.000000
6.746695, 0.000000, 0.000000, 0.000000, 0.000000, 0.000000, 1.000000
6.756695, 0.000000, 0.000000, 0.000000, 0.000000, 0.000000, 1.000000
6.756695, 0.000000, 0.000000, 0.000000, 0.000000, 0.000000, 1.000000
6.766695, 0.000000, 0.000000, 0.000000, 0.000000, 0.000000, 1.000000
6.766695, 0.000000, 0.000000, 0.000000, 0.000000, 0.000000, 1.000000
6.766695, 0.000000, 0.000000, 0.000000, 0.000000, 0.000000, 1.000000
6.776695, 0.000000, 0.000000, 0.000000, 0.000000, 0.000000, 1.000000
6.776695, 0.000000, 0.000000, 0.000000, 0.000000, 0.000000, 1.000000
6.786695, 0.000000, 0.000000, 0.000000, 0.000000, 0.000000, 1.000000
6.786695, 0.000000, 0.000000, 0.000000, 0.000000, 0.000000, 1.000000
6.796695, 0.000000, 0.000000, 0.000000, 0.000000, 0.000000, 1.000000
6.796695, 0.000000, 0.000000, 0.000000, 0.000000, 0.000000, 1.000000
6.806695, 0.000000, 0.000000, 0.000000, 0.000000, 0.000000, 1.000000
6.806695, 0.000000, 0.000000, 0.000000, 0.000000, 0.000000, 1.000000
6.806695, 0.000000, 0.000000, 0.000000, 0.000000, 0.000000, 1.000000
6.816695, 0.000000, 0.000000, 0.000000, 0.000000, 0.000000, 1.000000
6.816695, 0.000000, 0.000000, 0.000000, 0.000000, 0.000000, 1.000000
6.826695, 0.000000, 0.000000, 0.000000, 0.000000, 0.000000, 1.000000
6.826695, 0.000000, 0.000000, 0.000000, 0.000000, 0.000000, 1.000000
6.836695, 0.000000, 0.000000, 0.000000, 0.000000, 0.000000, 1.000000
6.836695, 0.000000, 0.000000, 0.000000, 0.000000, 0.000000, 1.000000
6.846695, 0.000000, 0.000000, 0.000000, 0.000000, 0.000000, 1.000000
6.846695, 0.000000, 0.000000, 0.000000, 0.000000, 0.000000, 1.000000
6.846695, 0.000000, 0.000000, 0.000000, 0.000000, 0.000000, 1.000000
6.856695, 0.000000, 0.000000, 0.000000, 0.000000, 0.000000, 1.000000
6.856695, 0.000000, 0.000000, 0.000000, 0.000000, 0.000000, 1.000000
6.866695, 0.000000, 0.000000, 0.000000, 0.000000, 0.000000, 1.000000
6.866695, 0.000000, 0.000000, 0.000000, 0.000000, 0.000000, 1.000000
6.866695, 0.000000, 0.000000, 0.000000, 0.000000, 0.000000, 1.000000
6.876695, 0.000000, 0.000000, 0.000000, 0.000000, 0.000000, 1.000000
6.876695, 0.000000, 0.000000, 0.000000, 0.000000, 0.000000, 1.000000
6.886695, 0.000000, 0.000000, 0.000000, 0.000000, 0.000000, 1.000000
6.886695, 0.000000, 0.000000, 0.000000, 0.000000, 0.000000, 1.000000
6.896695, 0.000000, 0.000000, 0.000000, 0.000000, 0.000000, 1.000000
6.896695, 0.000000, 0.000000, 0.000000, 0.000000, 0.000000, 1.000000
6.906695, 0.000000, 0.000000, 0.000000, 0.000000, 0.000000, 1.000000
6.906695, 0.000000, 0.000000, 0.000000, 0.000000, 0.000000, 1.000000
6.906695, 0.000000, 0.000000, 0.000000, 0.000000, 0.000000, 1.000000
6.916695, 0.000000, 0.000000, 0.000000, 0.000000, 0.000000, 1.000000
6.926695, 0.000000, 0.000000, 0.000000, 0.000000, 0.000000, 1.000000
6.926695, 0.000000, 0.000000, 0.000000, 0.000000, 0.000000, 1.000000
6.926695, 0.000000, 0.000000, 0.000000, 0.000000, 0.000000, 1.000000
6.936695, 0.000000, 0.000000, 0.000000, 0.000000, 0.000000, 1.000000
6.936695, 0.000000, 0.000000, 0.000000, 0.000000, 0.000000, 1.000000
6.946695, 0.000000, 0.000000, 0.000000, 0.000000, 0.000000, 1.000000
6.946695, 0.000000, 0.000000, 0.000000, 0.000000, 0.000000, 1.000000
6.946695, 0.000000, 0.000000, 0.000000, 0.000000, 0.000000, 1.000000
6.956695, 0.000000, 0.000000, 0.000000, 0.000000, 0.000000, 1.000000
6.956695, 0.000000, 0.000000, 0.000000, 0.000000, 0.000000, 1.000000
6.966695, 0.000000, 0.000000, 0.000000, 0.000000, 0.000000, 1.000000
6.966695, 0.000000, 0.000000, 0.000000, 0.000000, 0.000000, 1.000000
6.966695, 0.000000, 0.000000, 0.000000, 0.000000, 0.000000, 1.000000
6.976695, 0.000000, 0.000000, 0.000000, 0.000000, 0.000000, 1.000000
6.976695, 0.000000, 0.000000, 0.000000, 0.000000, 0.000000, 1.000000
6.986695, 0.000000, 0.000000, 0.000000, 0.000000, 0.000000, 1.000000
6.986695, 0.000000, 0.000000, 0.000000, 0.000000, 0.000000, 1.000000
6.986695, 0.000000, 0.000000, 0.000000, 0.000000, 0.000000, 1.000000
6.996695, 0.000000, 0.000000, 0.000000, 0.000000, 0.000000, 1.000000
6.996695, 0.000000, 0.000000, 0.000000, 0.000000, 0.000000, 1.000000
7.006695, 0.000000, 0.000000, 0.000000, 0.000000, 0.000000, 1.000000
7.006695, 0.000000, 0.000000, 0.000000, 0.000000, 0.000000, 1.000000
7.006695, 0.000000, 0.000000, 0.000000, 0.000000, 0.000000, 1.000000
7.016695, 0.000000, 0.000000, 0.000000, 0.000000, 0.000000, 1.000000
7.016695, 0.000000, 0.000000, 0.000000, 0.000000, 0.000000, 1.000000
7.026695, 0.000000, 0.000000, 0.000000, 0.000000, 0.000000, 1.000000
7.026695, 0.000000, 0.000000, 0.000000, 0.000000, 0.000000, 1.000000
7.026695, 0.000000, 0.000000, 0.000000, 0.000000, 0.000000, 1.000000
7.036695, 0.000000, 0.000000, 0.000000, 0.000000, 0.000000, 1.000000
7.036695, 0.000000, 0.000000, 0.000000, 0.000000, 0.000000, 1.000000
7.046695, 0.000000, 0.000000, 0.000000, 0.000000, 0.000000, 1.000000
7.046695, 0.000000, 0.000000, 0.000000, 0.000000, 0.000000, 1.000000
7.056695, 0.000000, 0.000000, 0.000000, 0.000000, 0.000000, 1.000000
7.056695, 0.000000, 0.000000, 0.000000, 0.000000, 0.000000, 1.000000
7.066695, 0.000000, 0.000000, 0.000000, 0.000000, 0.000000, 1.000000
7.066695, 0.000000, 0.000000, 0.000000, 0.000000, 0.000000, 1.000000
7.066695, 0.000000, 0.000000, 0.000000, 0.000000, 0.000000, 1.000000
7.076695, 0.000000, 0.000000, 0.000000, 0.000000, 0.000000, 1.000000
7.086695, 0.000000, 0.000000, 0.000000, 0.000000, 0.000000, 1.000000
7.086695, 0.000000, 0.000000, 0.000000, 0.000000, 0.000000, 1.000000
7.086695, 0.000000, 0.000000, 0.000000, 0.000000, 0.000000, 1.000000
7.096695, 0.000000, 0.000000, 0.000000, 0.000000, 0.000000, 1.000000
7.096695, 0.000000, 0.000000, 0.000000, 0.000000, 0.000000, 1.000000
7.106695, 0.000000, 0.000000, 0.000000, 0.000000, 0.000000, 1.000000
7.106695, 0.000000, 0.000000, 0.000000, 0.000000, 0.000000, 1.000000
7.116695, 0.000000, 0.000000, 0.000000, 0.000000, 0.000000, 1.000000
7.116695, 0.000000, 0.000000, 0.000000, 0.000000, 0.000000, 1.000000
7.126695, 0.000000, 0.000000, 0.000000, 0.000000, 0.000000, 1.000000
7.126695, 0.000000, 0.000000, 0.000000, 0.000000, 0.000000, 1.000000
7.126695, 0.000000, 0.000000, 0.000000, 0.000000, 0.000000, 1.000000
7.136695, 0.000000, 0.000000, 0.000000, 0.000000, 0.000000, 1.000000
7.136695, 0.000000, 0.000000, 0.000000, 0.000000, 0.000000, 1.000000
7.146695, 0.000000, 0.000000, 0.000000, 0.000000, 0.000000, 1.000000
7.146695, 0.000000, 0.000000, 0.000000, 0.000000, 0.000000, 1.000000
7.156695, 0.000000, 0.000000, 0.000000, 0.000000, 0.000000, 1.000000
7.156695, 0.000000, 0.000000, 0.000000, 0.000000, 0.000000, 1.000000
7.166695, 0.000000, 0.000000, 0.000000, 0.000000, 0.000000, 1.000000
7.166695, 0.000000, 0.000000, 0.000000, 0.000000, 0.000000, 1.000000
7.166695, 0.000000, 0.000000, 0.000000, 0.000000, 0.000000, 1.000000
7.176695, 0.000000, 0.000000, 0.000000, 0.000000, 0.000000, 1.000000
7.176695, 0.000000, 0.000000, 0.000000, 0.000000, 0.000000, 1.000000
7.186695, 0.000000, 0.000000, 0.000000, 0.000000, 0.000000, 1.000000
7.186695, 0.000000, 0.000000, 0.000000, 0.000000, 0.000000, 1.000000
7.186695, 0.000000, 0.000000, 0.000000, 0.000000, 0.000000, 1.000000
7.196695, 0.000000, 0.000000, 0.000000, 0.000000, 0.000000, 1.000000
7.196695, 0.000000, 0.000000, 0.000000, 0.000000, 0.000000, 1.000000
7.206695, 0.000000, 0.000000, 0.000000, 0.000000, 0.000000, 1.000000
7.206695, 0.000000, 0.000000, 0.000000, 0.000000, 0.000000, 1.000000
7.206695, 0.000000, 0.000000, 0.000000, 0.000000, 0.000000, 1.000000
7.216695, 0.000000, 0.000000, 0.000000, 0.000000, 0.000000, 1.000000
7.216695, 0.000000, 0.000000, 0.000000, 0.000000, 0.000000, 1.000000
7.226695, 0.000000, 0.000000, 0.000000, 0.000000, 0.000000, 1.000000
7.226695, 0.000000, 0.000000, 0.000000, 0.000000, 0.000000, 1.000000
7.226695, 0.000000, 0.000000, 0.000000, 0.000000, 0.000000, 1.000000
7.236695, 0.000000, 0.000000, 0.000000, 0.000000, 0.000000, 1.000000
7.236695, 0.000000, 0.000000, 0.000000, 0.000000, 0.000000, 1.000000
7.246695, 0.000000, 0.000000, 0.000000, 0.000000, 0.000000, 1.000000
7.246695, 0.000000, 0.000000, 0.000000, 0.000000, 0.000000, 1.000000
7.246695, 0.000000, 0.000000, 0.000000, 0.000000, 0.000000, 1.000000
7.256695, 0.000000, 0.000000, 0.000000, 0.000000, 0.000000, 1.000000
7.256695, 0.000000, 0.000000, 0.000000, 0.000000, 0.000000, 1.000000
7.266695, 0.000000, 0.000000, 0.000000, 0.000000, 0.000000, 1.000000
7.266695, 0.000000, 0.000000, 0.000000, 0.000000, 0.000000, 1.000000
7.276695, 0.000000, 0.000000, 0.000000, 0.000000, 0.000000, 1.000000
7.276695, 0.000000, 0.000000, 0.000000, 0.000000, 0.000000, 1.000000
7.286695, 0.000000, 0.000000, 0.000000, 0.000000, 0.000000, 1.000000
7.286695, 0.000000, 0.000000, 0.000000, 0.000000, 0.000000, 1.000000
7.286695, 0.000000, 0.000000, 0.000000, 0.000000, 0.000000, 1.000000
7.296695, 0.000000, 0.000000, 0.000000, 0.000000, 0.000000, 1.000000
7.296695, 0.000000, 0.000000, 0.000000, 0.000000, 0.000000, 1.000000
7.306695, 0.000000, 0.000000, 0.000000, 0.000000, 0.000000, 1.000000
7.306695, 0.000000, 0.000000, 0.000000, 0.000000, 0.000000, 1.000000
7.316695, 0.000000, 0.000000, 0.000000, 0.000000, 0.000000, 1.000000
7.316695, 0.000000, 0.000000, 0.000000, 0.000000, 0.000000, 1.000000
7.326695, 0.000000, 0.000000, 0.000000, 0.000000, 0.000000, 1.000000
7.326695, 0.000000, 0.000000, 0.000000, 0.000000, 0.000000, 1.000000
7.326695, 0.000000, 0.000000, 0.000000, 0.000000, 0.000000, 1.000000
7.336695, 0.000000, 0.000000, 0.000000, 0.000000, 0.000000, 1.000000
7.336695, 0.000000, 0.000000, 0.000000, 0.000000, 0.000000, 1.000000
7.346695, 0.000000, 0.000000, 0.000000, 0.000000, 0.000000, 1.000000
7.346695, 0.000000, 0.000000, 0.000000, 0.000000, 0.000000, 1.000000
7.346695, 0.000000, 0.000000, 0.000000, 0.000000, 0.000000, 1.000000
7.356695, 0.000000, 0.000000, 0.000000, 0.000000, 0.000000, 1.000000
7.356695, 0.000000, 0.000000, 0.000000, 0.000000, 0.000000, 1.000000
7.366695, 0.000000, 0.000000, 0.000000, 0.000000, 0.000000, 1.000000
7.366695, 0.000000, 0.000000, 0.000000, 0.000000, 0.000000, 1.000000
7.376695, 0.000000, 0.000000, 0.000000, 0.000000, 0.000000, 1.000000
7.376695, 0.000000, 0.000000, 0.000000, 0.000000, 0.000000, 1.000000
7.386695, 0.000000, 0.000000, 0.000000, 0.000000, 0.000000, 1.000000
7.386695, 0.000000, 0.000000, 0.000000, 0.000000, 0.000000, 1.000000
7.386695, 0.000000, 0.000000, 0.000000, 0.000000, 0.000000, 1.000000
7.396695, 0.000000, 0.000000, 0.000000, 0.000000, 0.000000, 1.000000
7.406695, 0.000000, 0.000000, 0.000000, 0.000000, 0.000000, 1.000000
7.406695, 0.000000, 0.000000, 0.000000, 0.000000, 0.000000, 1.000000
7.406695, 0.000000, 0.000000, 0.000000, 0.000000, 0.000000, 1.000000
7.416695, 0.000000, 0.000000, 0.000000, 0.000000, 0.000000, 1.000000
7.416695, 0.000000, 0.000000, 0.000000, 0.000000, 0.000000, 1.000000
7.426695, 0.000000, 0.000000, 0.000000, 0.000000, 0.000000, 1.000000
7.426695, 0.000000, 0.000000, 0.000000, 0.000000, 0.000000, 1.000000
7.436695, 0.000000, 0.000000, 0.000000, 0.000000, 0.000000, 1.000000
7.436695, 0.000000, 0.000000, 0.000000, 0.000000, 0.000000, 1.000000
7.446695, 0.000000, 0.000000, 0.000000, 0.000000, 0.000000, 1.000000
7.446695, 0.000000, 0.000000, 0.000000, 0.000000, 0.000000, 1.000000
7.446695, 0.000000, 0.000000, 0.000000, 0.000000, 0.000000, 1.000000
7.456695, 0.000000, 0.000000, 0.000000, 0.000000, 0.000000, 1.000000
7.456695, 0.000000, 0.000000, 0.000000, 0.000000, 0.000000, 1.000000
7.466695, 0.000000, 0.000000, 0.000000, 0.000000, 0.000000, 1.000000
7.466695, 0.000000, 0.000000, 0.000000, 0.000000, 0.000000, 1.000000
7.476695, 0.000000, 0.000000, 0.000000, 0.000000, 0.000000, 1.000000
7.476695, 0.000000, 0.000000, 0.000000, 0.000000, 0.000000, 1.000000
7.486695, 0.000000, 0.000000, 0.000000, 0.000000, 0.000000, 1.000000
7.486695, 0.000000, 0.000000, 0.000000, 0.000000, 0.000000, 1.000000
7.486695, 0.000000, 0.000000, 0.000000, 0.000000, 0.000000, 1.000000
7.496695, 0.000000, 0.000000, 0.000000, 0.000000, 0.000000, 1.000000
7.506695, 0.000000, 0.000000, 0.000000, 0.000000, 0.000000, 1.000000
7.506695, 0.000000, 0.000000, 0.000000, 0.000000, 0.000000, 1.000000
7.506695, 0.000000, 0.000000, 0.000000, 0.000000, 0.000000, 1.000000
7.516695, 0.000000, 0.000000, 0.000000, 0.000000, 0.000000, 1.000000
7.516695, 0.000000, 0.000000, 0.000000, 0.000000, 0.000000, 1.000000
7.526695, 0.000000, 0.000000, 0.000000, 0.000000, 0.000000, 1.000000
7.526695, 0.000000, 0.000000, 0.000000, 0.000000, 0.000000, 1.000000
7.526695, 0.000000, 0.000000, 0.000000, 0.000000, 0.000000, 1.000000
7.536695, 0.000000, 0.000000, 0.000000, 0.000000, 0.000000, 1.000000
7.536695, 0.000000, 0.000000, 0.000000, 0.000000, 0.000000, 1.000000
7.546695, 0.000000, 0.000000, 0.000000, 0.000000, 0.000000, 1.000000
7.546695, 0.000000, 0.000000, 0.000000, 0.000000, 0.000000, 1.000000
7.546695, 0.000000, 0.000000, 0.000000, 0.000000, 0.000000, 1.000000
7.556695, 0.000000, 0.000000, 0.000000, 0.000000, 0.000000, 1.000000
7.566695, 0.000000, 0.000000, 0.000000, 0.000000, 0.000000, 1.000000
7.566695, 0.000000, 0.000000, 0.000000, 0.000000, 0.000000, 1.000000
7.566695, 0.000000, 0.000000, 0.000000, 0.000000, 0.000000, 1.000000
7.576695, 0.000000, 0.000000, 0.000000, 0.000000, 0.000000, 1.000000
7.576695, 0.000000, 0.000000, 0.000000, 0.000000, 0.000000, 1.000000
7.586695, 0.000000, 0.000000, 0.000000, 0.000000, 0.000000, 1.000000
7.586695, 0.000000, 0.000000, 0.000000, 0.000000, 0.000000, 1.000000
7.596695, 0.000000, 0.000000, 0.000000, 0.000000, 0.000000, 1.000000
7.596695, 0.000000, 0.000000, 0.000000, 0.000000, 0.000000, 1.000000
7.606695, 0.000000, 0.000000, 0.000000, 0.000000, 0.000000, 1.000000
7.606695, 0.000000, 0.000000, 0.000000, 0.000000, 0.000000, 1.000000
7.606695, 0.000000, 0.000000, 0.000000, 0.000000, 0.000000, 1.000000
7.616695, 0.000000, 0.000000, 0.000000, 0.000000, 0.000000, 1.000000
7.616695, 0.000000, 0.000000, 0.000000, 0.000000, 0.000000, 1.000000
7.626695, 0.000000, 0.000000, 0.000000, 0.000000, 0.000000, 1.000000
7.626695, 0.000000, 0.000000, 0.000000, 0.000000, 0.000000, 1.000000
7.636695, 0.000000, 0.000000, 0.000000, 0.000000, 0.000000, 1.000000
7.636695, 0.000000, 0.000000, 0.000000, 0.000000, 0.000000, 1.000000
7.646695, 0.000000, 0.000000, 0.000000, 0.000000, 0.000000, 1.000000
7.646695, 0.000000, 0.000000, 0.000000, 0.000000, 0.000000, 1.000000
7.646695, 0.000000, 0.000000, 0.000000, 0.000000, 0.000000, 1.000000
7.656695, 0.000000, 0.000000, 0.000000, 0.000000, 0.000000, 1.000000
7.656695, 0.000000, 0.000000, 0.000000, 0.000000, 0.000000, 1.000000
7.666695, 0.000000, 0.000000, 0.000000, 0.000000, 0.000000, 1.000000
7.666695, 0.000000, 0.000000, 0.000000, 0.000000, 0.000000, 1.000000
7.666695, 0.000000, 0.000000, 0.000000, 0.000000, 0.000000, 1.000000
7.676695, 0.000000, 0.000000, 0.000000, 0.000000, 0.000000, 1.000000
7.676695, 0.000000, 0.000000, 0.000000, 0.000000, 0.000000, 1.000000
7.686695, 0.000000, 0.000000, 0.000000, 0.000000, 0.000000, 1.000000
7.686695, 0.000000, 0.000000, 0.000000, 0.000000, 0.000000, 1.000000
7.696695, 0.000000, 0.000000, 0.000000, 0.000000, 0.000000, 1.000000
7.696695, 0.000000, 0.000000, 0.000000, 0.000000, 0.000000, 1.000000
7.706695, 0.000000, 0.000000, 0.000000, 0.000000, 0.000000, 1.000000
7.706695, 0.000000, 0.000000, 0.000000, 0.000000, 0.000000, 1.000000
7.706695, 0.000000, 0.000000, 0.000000, 0.000000, 0.000000, 1.000000
7.716695, 0.000000, 0.000000, 0.000000, 0.000000, 0.000000, 1.000000
7.726695, 0.000000, 0.000000, 0.000000, 0.000000, 0.000000, 1.000000
7.726695, 0.000000, 0.000000, 0.000000, 0.000000, 0.000000, 1.000000
7.726695, 0.000000, 0.000000, 0.000000, 0.000000, 0.000000, 1.000000
7.736695, 0.000000, 0.000000, 0.000000, 0.000000, 0.000000, 1.000000
7.736695, 0.000000, 0.000000, 0.000000, 0.000000, 0.000000, 1.000000
7.746695, 0.000000, 0.000000, 0.000000, 0.000000, 0.000000, 1.000000
7.746695, 0.000000, 0.000000, 0.000000, 0.000000, 0.000000, 1.000000
7.756695, 0.000000, 0.000000, 0.000000, 0.000000, 0.000000, 1.000000
7.756695, 0.000000, 0.000000, 0.000000, 0.000000, 0.000000, 1.000000
7.766695, 0.000000, 0.000000, 0.000000, 0.000000, 0.000000, 1.000000
7.766695, 0.000000, 0.000000, 0.000000, 0.000000, 0.000000, 1.000000
7.766695, 0.000000, 0.000000, 0.000000, 0.000000, 0.000000, 1.000000
7.776695, 0.000000, 0.000000, 0.000000, 0.000000, 0.000000, 1.000000
7.776695, 0.000000, 0.000000, 0.000000, 0.000000, 0.000000, 1.000000
7.786695, 0.000000, 0.000000, 0.000000, 0.000000, 0.000000, 1.000000
7.786695, 0.000000, 0.000000, 0.000000, 0.000000, 0.000000, 1.000000
7.786695, 0.000000, 0.000000, 0.000000, 0.000000, 0.000000, 1.000000
7.796695, 0.000000, 0.000000, 0.000000, 0.000000, 0.000000, 1.000000
7.796695, 0.000000, 0.000000, 0.000000, 0.000000, 0.000000, 1.000000
7.806695, 0.000000, 0.000000, 0.000000, 0.000000, 0.000000, 1.000000
7.806695, 0.000000, 0.000000, 0.000000, 0.000000, 0.000000, 1.000000
7.806695, 0.000000, 0.000000, 0.000000, 0.000000, 0.000000, 1.000000
7.816695, 0.000000, 0.000000, 0.000000, 0.000000, 0.000000, 1.000000
7.816695, 0.000000, 0.000000, 0.000000, 0.000000, 0.000000, 1.000000
7.826695, 0.000000, 0.000000, 0.000000, 0.000000, 0.000000, 1.000000
7.826695, 0.000000, 0.000000, 0.000000, 0.000000, 0.000000, 1.000000
7.826695, 0.000000, 0.000000, 0.000000, 0.000000, 0.000000, 1.000000
7.836695, 0.000000, 0.000000, 0.000000, 0.000000, 0.000000, 1.000000
7.836695, 0.000000, 0.000000, 0.000000, 0.000000, 0.000000, 1.000000
7.846695, 0.000000, 0.000000, 0.000000, 0.000000, 0.000000, 1.000000
7.846695, 0.000000, 0.000000, 0.000000, 0.000000, 0.000000, 1.000000
7.846695, 0.000000, 0.000000, 0.000000, 0.000000, 0.000000, 1.000000
7.856695, 0.000000, 0.000000, 0.000000, 0.000000, 0.000000, 1.000000
7.856695, 0.000000, 0.000000, 0.000000, 0.000000, 0.000000, 1.000000
7.866695, 0.000000, 0.000000, 0.000000, 0.000000, 0.000000, 1.000000
7.866695, 0.000000, 0.000000, 0.000000, 0.000000, 0.000000, 1.000000
7.866695, 0.000000, 0.000000, 0.000000, 0.000000, 0.000000, 1.000000
7.876695, 0.000000, 0.000000, 0.000000, 0.000000, 0.000000, 1.000000
7.886695, 0.000000, 0.000000, 0.000000, 0.000000, 0.000000, 1.000000
7.886695, 0.000000, 0.000000, 0.000000, 0.000000, 0.000000, 1.000000
7.886695, 0.000000, 0.000000, 0.000000, 0.000000, 0.000000, 1.000000
7.896695, 0.000000, 0.000000, 0.000000, 0.000000, 0.000000, 1.000000
7.896695, 0.000000, 0.000000, 0.000000, 0.000000, 0.000000, 1.000000
7.906695, 0.000000, 0.000000, 0.000000, 0.000000, 0.000000, 1.000000
7.906695, 0.000000, 0.000000, 0.000000, 0.000000, 0.000000, 1.000000
7.916695, 0.000000, 0.000000, 0.000000, 0.000000, 0.000000, 1.000000
7.916695, 0.000000, 0.000000, 0.000000, 0.000000, 0.000000, 1.000000
7.926695, 0.000000, 0.000000, 0.000000, 0.000000, 0.000000, 1.000000
7.926695, 0.000000, 0.000000, 0.000000, 0.000000, 0.000000, 1.000000
7.926695, 0.000000, 0.000000, 0.000000, 0.000000, 0.000000, 1.000000
7.936695, 0.000000, 0.000000, 0.000000, 0.000000, 0.000000, 1.000000
7.936695, 0.000000, 0.000000, 0.000000, 0.000000, 0.000000, 1.000000
7.946695, 0.000000, 0.000000, 0.000000, 0.000000, 0.000000, 1.000000
7.946695, 0.000000, 0.000000, 0.000000, 0.000000, 0.000000, 1.000000
7.956695, 0.000000, 0.000000, 0.000000, 0.000000, 0.000000, 1.000000
7.956695, 0.000000, 0.000000, 0.000000, 0.000000, 0.000000, 1.000000
7.966695, 0.000000, 0.000000, 0.000000, 0.000000, 0.000000, 1.000000
7.966695, 0.000000, 0.000000, 0.000000, 0.000000, 0.000000, 1.000000
7.966695, 0.000000, 0.000000, 0.000000, 0.000000, 0.000000, 1.000000
7.976695, 0.000000, 0.000000, 0.000000, 0.000000, 0.000000, 1.000000
7.976695, 0.000000, 0.000000, 0.000000, 0.000000, 0.000000, 1.000000
7.986695, 0.000000, 0.000000, 0.000000, 0.000000, 0.000000, 1.000000
7.986695, 0.000000, 0.000000, 0.000000, 0.000000, 0.000000, 1.000000
7.986695, 0.000000, 0.000000, 0.000000, 0.000000, 0.000000, 1.000000
7.996695, 0.000000, 0.000000, 0.000000, 0.000000, 0.000000, 1.000000
7.996695, 0.000000, 0.000000, 0.000000, 0.000000, 0.000000, 1.000000
8.006695, 0.000000, 0.000000, 0.000000, 0.000000, 0.000000, 1.000000
8.006695, 0.000000, 0.000000, 0.000000, 0.000000, 0.000000, 1.000000
8.006695, 0.000000, 0.000000, 0.000000, 0.000000, 0.000000, 1.000000
8.016695, 0.000000, 0.000000, 0.000000, 0.000000, 0.000000, 1.000000
8.016695, 0.000000, 0.000000, 0.000000, 0.000000, 0.000000, 1.000000
8.026695, 0.000000, 0.000000, 0.000000, 0.000000, 0.000000, 1.000000
8.026695, 0.000000, 0.000000, 0.000000, 0.000000, 0.000000, 1.000000
8.026695, 0.000000, 0.000000, 0.000000, 0.000000, 0.000000, 1.000000
8.036695, 0.000000, 0.000000, 0.000000, 0.000000, 0.000000, 1.000000
8.046695, 0.000000, 0.000000, 0.000000, 0.000000, 0.000000, 1.000000
8.046695, 0.000000, 0.000000, 0.000000, 0.000000, 0.000000, 1.000000
8.046695, 0.000000, 0.000000, 0.000000, 0.000000, 0.000000, 1.000000
8.056695, 0.000000, 0.000000, 0.000000, 0.000000, 0.000000, 1.000000
8.056695, 0.000000, 0.000000, 0.000000, 0.000000, 0.000000, 1.000000
8.066695, 0.000000, 0.000000, 0.000000, 0.000000, 0.000000, 1.000000
8.066695, 0.000000, 0.000000, 0.000000, 0.000000, 0.000000, 1.000000
8.076695, 0.000000, 0.000000, 0.000000, 0.000000, 0.000000, 1.000000
8.076695, 0.000000, 0.000000, 0.000000, 0.000000, 0.000000, 1.000000
8.086695, 0.000000, 0.000000, 0.000000, 0.000000, 0.000000, 1.000000
8.086695, 0.000000, 0.000000, 0.000000, 0.000000, 0.000000, 1.000000
8.086695, 0.000000, 0.000000, 0.000000, 0.000000, 0.000000, 1.000000
8.096695, 0.000000, 0.000000, 0.000000, 0.000000, 0.000000, 1.000000
8.096695, 0.000000, 0.000000, 0.000000, 0.000000, 0.000000, 1.000000
8.106695, 0.000000, 0.000000, 0.000000, 0.000000, 0.000000, 1.000000
8.106695, 0.000000, 0.000000, 0.000000, 0.000000, 0.000000, 1.000000
8.116695, 0.000000, 0.000000, 0.000000, 0.000000, 0.000000, 1.000000
8.116695, 0.000000, 0.000000, 0.000000, 0.000000, 0.000000, 1.000000
8.126695, 0.000000, 0.000000, 0.000000, 0.000000, 0.000000, 1.000000
8.126695, 0.000000, 0.000000, 0.000000, 0.000000, 0.000000, 1.000000
8.126695, 0.000000, 0.000000, 0.000000, 0.000000, 0.000000, 1.000000
8.136695, 0.000000, 0.000000, 0.000000, 0.000000, 0.000000, 1.000000
8.146695, 0.000000, 0.000000, 0.000000, 0.000000, 0.000000, 1.000000
8.146695, 0.000000, 0.000000, 0.000000, 0.000000, 0.000000, 1.000000
8.146695, 0.000000, 0.000000, 0.000000, 0.000000, 0.000000, 1.000000
8.156695, 0.000000, 0.000000, 0.000000, 0.000000, 0.000000, 1.000000
8.156695, 0.000000, 0.000000, 0.000000, 0.000000, 0.000000, 1.000000
8.166695, 0.000000, 0.000000, 0.000000, 0.000000, 0.000000, 1.000000
8.166695, 0.000000, 0.000000, 0.000000, 0.000000, 0.000000, 1.000000
8.166695, 0.000000, 0.000000, 0.000000, 0.000000, 0.000000, 1.000000
8.176695, 0.000000, 0.000000, 0.000000, 0.000000, 0.000000, 1.000000
8.176695, 0.000000, 0.000000, 0.000000, 0.000000, 0.000000, 1.000000
8.186695, 0.000000, 0.000000, 0.000000, 0.000000, 0.000000, 1.000000
8.186695, 0.000000, 0.000000, 0.000000, 0.000000, 0.000000, 1.000000
8.186695, 0.000000, 0.000000, 0.000000, 0.000000, 0.000000, 1.000000
8.196695, 0.000000, 0.000000, 0.000000, 0.000000, 0.000000, 1.000000
8.196695, 0.000000, 0.000000, 0.000000, 0.000000, 0.000000, 1.000000
8.206695, 0.000000, 0.000000, 0.000000, 0.000000, 0.000000, 1.000000
8.206695, 0.000000, 0.000000, 0.000000, 0.000000, 0.000000, 1.000000
8.206695, 0.000000, 0.000000, 0.000000, 0.000000, 0.000000, 1.000000
8.216695, 0.000000, 0.000000, 0.000000, 0.000000, 0.000000, 1.000000
8.216695, 0.000000, 0.000000, 0.000000, 0.000000, 0.000000, 1.000000
8.226695, 0.000000, 0.000000, 0.000000, 0.000000, 0.000000, 1.000000
8.226695, 0.000000, 0.000000, 0.000000, 0.000000, 0.000000, 1.000000
8.236695, 0.000000, 0.000000, 0.000000, 0.000000, 0.000000, 1.000000
8.236695, 0.000000, 0.000000, 0.000000, 0.000000, 0.000000, 1.000000
8.246695, 0.000000, 0.000000, 0.000000, 0.000000, 0.000000, 1.000000
8.246695, 0.000000, 0.000000, 0.000000, 0.000000, 0.000000, 1.000000
8.246695, 0.000000, 0.000000, 0.000000, 0.000000, 0.000000, 1.000000
8.256695, 0.000000, 0.000000, 0.000000, 0.000000, 0.000000, 1.000000
8.256695, 0.000000, 0.000000, 0.000000, 0.000000, 0.000000, 1.000000
8.266695, 0.000000, 0.000000, 0.000000, 0.000000, 0.000000, 1.000000
8.266695, 0.000000, 0.000000, 0.000000, 0.000000, 0.000000, 1.000000
8.276695, 0.000000, 0.000000, 0.000000, 0.000000, 0.000000, 1.000000
8.276695, 0.000000, 0.000000, 0.000000, 0.000000, 0.000000, 1.000000
8.286695, 0.000000, 0.000000, 0.000000, 0.000000, 0.000000, 1.000000
8.286695, 0.000000, 0.000000, 0.000000, 0.000000, 0.000000, 1.000000
8.286695, 0.000000, 0.000000, 0.000000, 0.000000, 0.000000, 1.000000
8.296695, 0.000000, 0.000000, 0.000000, 0.000000, 0.000000, 1.000000
8.306695, 0.000000, 0.000000, 0.000000, 0.000000, 0.000000, 1.000000
8.306695, 0.000000, 0.000000, 0.000000, 0.000000, 0.000000, 1.000000
8.306695, 0.000000, 0.000000, 0.000000, 0.000000, 0.000000, 1.000000
8.316695, 0.000000, 0.000000, 0.000000, 0.000000, 0.000000, 1.000000
8.316695, 0.000000, 0.000000, 0.000000, 0.000000, 0.000000, 1.000000
8.326695, 0.000000, 0.000000, 0.000000, 0.000000, 0.000000, 1.000000
8.326695, 0.000000, 0.000000, 0.000000, 0.000000, 0.000000, 1.000000
8.336695, 0.000000, 0.000000, 0.000000, 0.000000, 0.000000, 1.000000
8.336695, 0.000000, 0.000000, 0.000000, 0.000000, 0.000000, 1.000000
8.346695, 0.000000, 0.000000, 0.000000, 0.000000, 0.000000, 1.000000
8.346695, 0.000000, 0.000000, 0.000000, 0.000000, 0.000000, 1.000000
8.346695, 0.000000, 0.000000, 0.000000, 0.000000, 0.000000, 1.000000
8.356695, 0.000000, 0.000000, 0.000000, 0.000000, 0.000000, 1.000000
8.356695, 0.000000, 0.000000, 0.000000, 0.000000, 0.000000, 1.000000
8.366695, 0.000000, 0.000000, 0.000000, 0.000000, 0.000000, 1.000000
8.366695, 0.000000, 0.000000, 0.000000, 0.000000, 0.000000, 1.000000
8.366695, 0.000000, 0.000000, 0.000000, 0.000000, 0.000000, 1.000000
8.376695, 0.000000, 0.000000, 0.000000, 0.000000, 0.000000, 1.000000
8.376695, 0.000000, 0.000000, 0.000000, 0.000000, 0.000000, 1.000000
8.386695, 0.000000, 0.000000, 0.000000, 0.000000, 0.000000, 1.000000
8.386695, 0.000000, 0.000000, 0.000000, 0.000000, 0.000000, 1.000000
8.396695, 0.000000, 0.000000, 0.000000, 0.000000, 0.000000, 1.000000
8.396695, 0.000000, 0.000000, 0.000000, 0.000000, 0.000000, 1.000000
8.406695, 0.000000, 0.000000, 0.000000, 0.000000, 0.000000, 1.000000
8.406695, 0.000000, 0.000000, 0.000000, 0.000000, 0.000000, 1.000000
8.406695, 0.000000, 0.000000, 0.000000, 0.000000, 0.000000, 1.000000
8.416695, 0.000000, 0.000000, 0.000000, 0.000000, 0.000000, 1.000000
8.416695, 0.000000, 0.000000, 0.000000, 0.000000, 0.000000, 1.000000
8.426695, 0.000000, 0.000000, 0.000000, 0.000000, 0.000000, 1.000000
8.426695, 0.000000, 0.000000, 0.000000, 0.000000, 0.000000, 1.000000
8.426695, 0.000000, 0.000000, 0.000000, 0.000000, 0.000000, 1.000000
8.436695, 0.000000, 0.000000, 0.000000, 0.000000, 0.000000, 1.000000
8.436695, 0.000000, 0.000000, 0.000000, 0.000000, 0.000000, 1.000000
8.446695, 0.000000, 0.000000, 0.000000, 0.000000, 0.000000, 1.000000
8.446695, 0.000000, 0.000000, 0.000000, 0.000000, 0.000000, 1.000000
8.446695, 0.000000, 0.000000, 0.000000, 0.000000, 0.000000, 1.000000
8.456695, 0.000000, 0.000000, 0.000000, 0.000000, 0.000000, 1.000000
8.466695, 0.000000, 0.000000, 0.000000, 0.000000, 0.000000, 1.000000
8.466695, 0.000000, 0.000000, 0.000000, 0.000000, 0.000000, 1.000000
8.466695, 0.000000, 0.000000, 0.000000, 0.000000, 0.000000, 1.000000
8.476695, 0.000000, 0.000000, 0.000000, 0.000000, 0.000000, 1.000000
8.476695, 0.000000, 0.000000, 0.000000, 0.000000, 0.000000, 1.000000
8.486695, 0.000000, 0.000000, 0.000000, 0.000000, 0.000000, 1.000000
8.486695, 0.000000, 0.000000, 0.000000, 0.000000, 0.000000, 1.000000
8.486695, 0.000000, 0.000000, 0.000000, 0.000000, 0.000000, 1.000000
8.496695, 0.000000, 0.000000, 0.000000, 0.000000, 0.000000, 1.000000
8.496695, 0.000000, 0.000000, 0.000000, 0.000000, 0.000000, 1.000000
8.506695, 0.000000, 0.000000, 0.000000, 0.000000, 0.000000, 1.000000
8.506695, 0.000000, 0.000000, 0.000000, 0.000000, 0.000000, 1.000000
8.506695, 0.000000, 0.000000, 0.000000, 0.000000, 0.000000, 1.000000
8.516695, 0.000000, 0.000000, 0.000000, 0.000000, 0.000000, 1.000000
8.516695, 0.000000, 0.000000, 0.000000, 0.000000, 0.000000, 1.000000
8.526695, 0.000000, 0.000000, 0.000000, 0.000000, 0.000000, 1.000000
8.526695, 0.000000, 0.000000, 0.000000, 0.000000, 0.000000, 1.000000
8.526695, 0.000000, 0.000000, 0.000000, 0.000000, 0.000000, 1.000000
8.536695, 0.000000, 0.000000, 0.000000, 0.000000, 0.000000, 1.000000
8.536695, 0.000000, 0.000000, 0.000000, 0.000000, 0.000000, 1.000000
8.546695, 0.000000, 0.000000, 0.000000, 0.000000, 0.000000, 1.000000
8.546695, 0.000000, 0.000000, 0.000000, 0.000000, 0.000000, 1.000000
8.546695, 0.000000, 0.000000, 0.000000, 0.000000, 0.000000, 1.000000
8.556695, 0.000000, 0.000000, 0.000000, 0.000000, 0.000000, 1.000000
8.556695, 0.000000, 0.000000, 0.000000, 0.000000, 0.000000, 1.000000
8.566695, 0.000000, 0.000000, 0.000000, 0.000000, 0.000000, 1.000000
8.566695, 0.000000, 0.000000, 0.000000, 0.000000, 0.000000, 1.000000
8.566695, 0.000000, 0.000000, 0.000000, 0.000000, 0.000000, 1.000000
8.576695, 0.000000, 0.000000, 0.000000, 0.000000, 0.000000, 1.000000
8.576695, 0.000000, 0.000000, 0.000000, 0.000000, 0.000000, 1.000000
8.586695, 0.000000, 0.000000, 0.000000, 0.000000, 0.000000, 1.000000
8.586695, 0.000000, 0.000000, 0.000000, 0.000000, 0.000000, 1.000000
8.596695, 0.000000, 0.000000, 0.000000, 0.000000, 0.000000, 1.000000
8.596695, 0.000000, 0.000000, 0.000000, 0.000000, 0.000000, 1.000000
8.606695, 0.000000, 0.000000, 0.000000, 0.000000, 0.000000, 1.000000
8.606695, 0.000000, 0.000000, 0.000000, 0.000000, 0.000000, 1.000000
8.606695, 0.000000, 0.000000, 0.000000, 0.000000, 0.000000, 1.000000
8.616695, 0.000012, 0.000000, 0.000000, 0.000000, 0.000062, 1.000000
8.626695, 0.000088, 0.000000, 0.000000, 0.000000, 0.000423, 1.000000
8.626695, 0.000088, 0.000000, 0.000000, 0.000000, 0.000423, 1.000000
8.626695, 0.000088, 0.000000, 0.000000, 0.000000, 0.000423, 1.000000
8.636693, 0.000270, 0.000000, 0.000000, 0.000000, 0.001195, 0.999999
8.636693, 0.000270, 0.000000, 0.000000, 0.000000, 0.001195, 0.999999
8.646688, 0.000590, 0.000000, 0.000000, 0.000000, 0.002418, 0.999997
8.646688, 0.000590, 0.000000, 0.000000, 0.000000, 0.002418, 0.999997
8.656676, 0.001069, 0.000000, 0.000000, 0.000000, 0.004110, 0.999992
8.656676, 0.001069, 0.000000, 0.000000, 0.000000, 0.004110, 0.999992
8.666655, 0.001723, 0.000000, 0.000000, 0.000000, 0.006275, 0.999980
8.666655, 0.001723, 0.000000, 0.000000, 0.000000, 0.006275, 0.999980
8.666655, 0.001723, 0.000000, 0.000000, 0.000000, 0.006275, 0.999980
8.676619, 0.002566, 0.000000, 0.000000, 0.000000, 0.008918, 0.999960
8.686564, 0.003610, 0.000000, 0.000000, 0.000000, 0.012040, 0.999928
8.686564, 0.003610, 0.000000, 0.000000, 0.000000, 0.012040, 0.999928
8.686564, 0.003610, 0.000000, 0.000000, 0.000000, 0.012040, 0.999928
8.696485, 0.004865, 0.000000, 0.000000, 0.000000, 0.015641, 0.999878
8.696485, 0.004865, 0.000000, 0.000000, 0.000000, 0.015641, 0.999878
8.706375, 0.006341, 0.000000, 0.000000, 0.000000, 0.019722, 0.999806
8.706375, 0.006341, 0.000000, 0.000000, 0.000000, 0.019722, 0.999806
8.716228, 0.008047, 0.000000, 0.000000, 0.000000, 0.024282, 0.999705
8.716228, 0.008047, 0.000000, 0.000000, 0.000000, 0.024282, 0.999705
8.726037, 0.009992, 0.000000, 0.000000, 0.000000, 0.029322, 0.999570
8.726037, 0.009992, 0.000000, 0.000000, 0.000000, 0.029322, 0.999570
8.726037, 0.009992, 0.000000, 0.000000, 0.000000, 0.029322, 0.999570
8.735793, 0.012185, 0.000000, 0.000000, 0.000000, 0.034842, 0.999393
8.735793, 0.012185, 0.000000, 0.000000, 0.000000, 0.034842, 0.999393
8.745490, 0.014627, 0.000000, 0.000000, 0.000000, 0.040798, 0.999167
8.745490, 0.014627, 0.000000, 0.000000, 0.000000, 0.040798, 0.999167
8.755126, 0.017302, 0.000000, 0.000000, 0.000000, 0.047096, 0.998890
8.755126, 0.017302, 0.000000, 0.000000, 0.000000, 0.047096, 0.998890
8.764707, 0.020165, 0.000000, 0.000000, 0.000000, 0.053497, 0.998568
8.764707, 0.020165, 0.000000, 0.000000, 0.000000, 0.053497, 0.998568
8.764707, 0.020165, 0.000000, 0.000000, 0.000000, 0.053497, 0.998568
8.774239, 0.023188, 0.000000, 0.000000, 0.000000, 0.059937, 0.998202
8.774239, 0.023188, 0.000000, 0.000000, 0.000000, 0.059937, 0.998202
8.783724, 0.026356, 0.000000, 0.000000, 0.000000, 0.066393, 0.997794
8.783724, 0.026356, 0.000000, 0.000000, 0.000000, 0.066393, 0.997794
8.783724, 0.026356, 0.000000, 0.000000, 0.000000, 0.066393, 0.997794
8.793162, 0.029659, 0.000000, 0.000000, 0.000000, 0.072854, 0.997343
8.793162, 0.029659, 0.000000, 0.000000, 0.000000, 0.072854, 0.997343
8.802554, 0.033092, 0.000000, 0.000000, 0.000000, 0.079317, 0.996849
8.802554, 0.033092, 0.000000, 0.000000, 0.000000, 0.079317, 0.996849
8.802554, 0.033092, 0.000000, 0.000000, 0.000000, 0.079317, 0.996849
8.811900, 0.036652, 0.000000, 0.000000, 0.000000, 0.085778, 0.996314
8.811900, 0.036652, 0.000000, 0.000000, 0.000000, 0.085778, 0.996314
8.821197, 0.040334, 0.000000, 0.000000, 0.000000, 0.092237, 0.995737
8.821197, 0.040334, 0.000000, 0.000000, 0.000000, 0.092237, 0.995737
8.821197, 0.040334, 0.000000, 0.000000, 0.000000, 0.092237, 0.995737
8.830444, 0.044139, 0.000000, 0.000000, 0.000000, 0.098693, 0.995118
8.830444, 0.044139, 0.000000, 0.000000, 0.000000, 0.098693, 0.995118
8.839642, 0.048064, 0.000000, 0.000000, 0.000000, 0.105146, 0.994457
8.839642, 0.048064, 0.000000, 0.000000, 0.000000, 0.105146, 0.994457
8.839642, 0.048064, 0.000000, 0.000000, 0.000000, 0.105146, 0.994457
8.848787, 0.052109, 0.000000, 0.000000, 0.000000, 0.111594, 0.993754
8.848787, 0.052109, 0.000000, 0.000000, 0.000000, 0.111594, 0.993754
8.857879, 0.056272, 0.000000, 0.000000, 0.000000, 0.118038, 0.993009
8.857879, 0.056272, 0.000000, 0.000000, 0.000000, 0.118038, 0.993009
8.857879, 0.056272, 0.000000, 0.000000, 0.000000, 0.118038, 0.993009
8.866917, 0.060553, 0.000000, 0.000000, 0.000000, 0.124476, 0.992223
8.875897, 0.064952, 0.000000, 0.000000, 0.000000, 0.130910, 0.991394
8.875897, 0.064952, 0.000000, 0.000000, 0.000000, 0.130910, 0.991394
8.875897, 0.064952, 0.000000, 0.000000, 0.000000, 0.130910, 0.991394
8.884820, 0.069466, 0.000000, 0.000000, 0.000000, 0.137338, 0.990524
8.884820, 0.069466, 0.000000, 0.000000, 0.000000, 0.137338, 0.990524
8.893684, 0.074096, 0.000000, 0.000000, 0.000000, 0.143760, 0.989613
8.893684, 0.074096, 0.000000, 0.000000, 0.000000, 0.143760, 0.989613
8.902487, 0.078840, 0.000000, 0.000000, 0.000000, 0.150177, 0.988659
8.902487, 0.078840, 0.000000, 0.000000, 0.000000, 0.150177, 0.988659
8.911227, 0.083698, 0.000000, 0.000000, 0.000000, 0.156587, 0.987664
8.911227, 0.083698, 0.000000, 0.000000, 0.000000, 0.156587, 0.987664
8.911227, 0.083698, 0.000000, 0.000000, 0.000000, 0.156587, 0.987664
8.919904, 0.088669, 0.000000, 0.000000, 0.000000, 0.162990, 0.986628
8.919904, 0.088669, 0.000000, 0.000000, 0.000000, 0.162990, 0.986628
8.928516, 0.093753, 0.000000, 0.000000, 0.000000, 0.169386, 0.985550
8.928516, 0.093753, 0.000000, 0.000000, 0.000000, 0.169386, 0.985550
8.928516, 0.093753, 0.000000, 0.000000, 0.000000, 0.169386, 0.985550
8.937060, 0.098947, 0.000000, 0.000000, 0.000000, 0.175776, 0.984430
8.937060, 0.098947, 0.000000, 0.000000, 0.000000, 0.175776, 0.984430
8.945537, 0.104252, 0.000000, 0.000000, 0.000000, 0.182158, 0.983269
8.945537, 0.104252, 0.000000, 0.000000, 0.000000, 0.182158, 0.983269
8.945537, 0.104252, 0.000000, 0.000000, 0.000000, 0.182158, 0.983269
8.953944, 0.109667, 0.000000, 0.000000, 0.000000, 0.188532, 0.982067
8.953944, 0.109667, 0.000000, 0.000000, 0.000000, 0.188532, 0.982067
8.962281, 0.115190, 0.000000, 0.000000, 0.000000, 0.194899, 0.980823
8.962281, 0.115190, 0.000000, 0.000000, 0.000000, 0.194899, 0.980823
8.962281, 0.115190, 0.000000, 0.000000, 0.000000, 0.194899, 0.980823
8.970545, 0.120821, 0.000000, 0.000000, 0.000000, 0.201257, 0.979539
8.970545, 0.120821, 0.000000, 0.000000, 0.000000, 0.201257, 0.979539
8.978735, 0.126558, 0.000000, 0.000000, 0.000000, 0.207607, 0.978212
8.978735, 0.126558, 0.000000, 0.000000, 0.000000, 0.207607, 0.978212
8.978735, 0.126558, 0.000000, 0.000000, 0.000000, 0.207607, 0.978212
8.986850, 0.132402, 0.000000, 0.000000, 0.000000, 0.213948, 0.976845
8.986850, 0.132402, 0.000000, 0.000000, 0.000000, 0.213948, 0.976845
8.994888, 0.138350, 0.000000, 0.000000, 0.000000, 0.220280, 0.975437
8.994888, 0.138350, 0.000000, 0.000000, 0.000000, 0.220280, 0.975437
9.002849, 0.144402, 0.000000, 0.000000, 0.000000, 0.226602, 0.973987
9.002849, 0.144402, 0.000000, 0.000000, 0.000000, 0.226602, 0.973987
9.010731, 0.150556, 0.000000, 0.000000, 0.000000, 0.232915, 0.972497
9.010731, 0.150556, 0.000000, 0.000000, 0.000000, 0.232915, 0.972497
9.010731, 0.150556, 0.000000, 0.000000, 0.000000, 0.232915, 0.972497
9.018532, 0.156813, 0.000000, 0.000000, 0.000000, 0.239219, 0.970966
9.018532, 0.156813, 0.000000, 0.000000, 0.000000, 0.239219, 0.970966
9.026251, 0.163170, 0.000000, 0.000000, 0.000000, 0.245512, 0.969394
9.026251, 0.163170, 0.000000, 0.000000, 0.000000, 0.245512, 0.969394
9.033887, 0.169627, 0.000000, 0.000000, 0.000000, 0.251795, 0.967781
9.033887, 0.169627, 0.000000, 0.000000, 0.000000, 0.251795, 0.967781
9.041439, 0.176182, 0.000000, 0.000000, 0.000000, 0.258068, 0.966127
9.041439, 0.176182, 0.000000, 0.000000, 0.000000, 0.258068, 0.966127
9.041439, 0.176182, 0.000000, 0.000000, 0.000000, 0.258068, 0.966127
9.048905, 0.182834, 0.000000, 0.000000, 0.000000, 0.264329, 0.964433
9.056284, 0.189583, 0.000000, 0.000000, 0.000000, 0.270580, 0.962698
9.056284, 0.189583, 0.000000, 0.000000, 0.000000, 0.270580, 0.962698
9.056284, 0.189583, 0.000000, 0.000000, 0.000000, 0.270580, 0.962698
9.063575, 0.196427, 0.000000, 0.000000, 0.000000, 0.276819, 0.960922
9.063575, 0.196427, 0.000000, 0.000000, 0.000000, 0.276819, 0.960922
9.070776, 0.203365, 0.000000, 0.000000, 0.000000, 0.283046, 0.959106
9.070776, 0.203365, 0.000000, 0.000000, 0.000000, 0.283046, 0.959106
9.070776, 0.203365, 0.000000, 0.000000, 0.000000, 0.283046, 0.959106
9.077887, 0.210396, 0.000000, 0.000000, 0.000000, 0.289261, 0.957250
9.077887, 0.210396, 0.000000, 0.000000, 0.000000, 0.289261, 0.957250
9.084906, 0.217519, 0.000000, 0.000000, 0.000000, 0.295465, 0.955354
9.084906, 0.217519, 0.000000, 0.000000, 0.000000, 0.295465, 0.955354
9.084906, 0.217519, 0.000000, 0.000000, 0.000000, 0.295465, 0.955354
9.091832, 0.224732, 0.000000, 0.000000, 0.000000, 0.301656, 0.953417
9.091832, 0.224732, 0.000000, 0.000000, 0.000000, 0.301656, 0.953417
9.098664, 0.232034, 0.000000, 0.000000, 0.000000, 0.307834, 0.951440
9.098664, 0.232034, 0.000000, 0.000000, 0.000000, 0.307834, 0.951440
9.098664, 0.232034, 0.000000, 0.000000, 0.000000, 0.307834, 0.951440
9.105401, 0.239425, 0.000000, 0.000000, 0.000000, 0.313999, 0.949423
9.105401, 0.239425, 0.000000, 0.000000, 0.000000, 0.313999, 0.949423
9.112041, 0.246902, 0.000000, 0.000000, 0.000000, 0.320151, 0.947367
9.112041, 0.246902, 0.000000, 0.000000, 0.000000, 0.320151, 0.947367
9.118583, 0.254464, 0.000000, 0.000000, 0.000000, 0.326290, 0.945270
9.118583, 0.254464, 0.000000, 0.000000, 0.000000, 0.326290, 0.945270
9.118583, 0.254464, 0.000000, 0.000000, 0.000000, 0.326290, 0.945270
9.125027, 0.262111, 0.000000, 0.000000, 0.000000, 0.332414, 0.943133
9.125027, 0.262111, 0.000000, 0.000000, 0.000000, 0.332414, 0.943133
9.125027, 0.262111, 0.000000, 0.000000, 0.000000, 0.332414, 0.943133
9.131371, 0.269841, 0.000000, 0.000000, 0.000000, 0.338525, 0.940957
9.131371, 0.269841, 0.000000, 0.000000, 0.000000, 0.338525, 0.940957
9.137615, 0.277652, 0.000000, 0.000000, 0.000000, 0.344622, 0.938742
9.137615, 0.277652, 0.000000, 0.000000, 0.000000, 0.344622, 0.938742
9.143756, 0.285544, 0.000000, 0.000000, 0.000000, 0.350704, 0.936486
9.143756, 0.285544, 0.000000, 0.000000, 0.000000, 0.350704, 0.936486
9.149795, 0.293515, 0.000000, 0.000000, 0.000000, 0.356771, 0.934192
9.149795, 0.293515, 0.000000, 0.000000, 0.000000, 0.356771, 0.934192
9.149795, 0.293515, 0.000000, 0.000000, 0.000000, 0.356771, 0.934192
9.155730, 0.301564, 0.000000, 0.000000, 0.000000, 0.362823, 0.931858
9.155730, 0.301564, 0.000000, 0.000000, 0.000000, 0.362823, 0.931858
9.161559, 0.309688, 0.000000, 0.000000, 0.000000, 0.368861, 0.929485
9.161559, 0.309688, 0.000000, 0.000000, 0.000000, 0.368861, 0.929485
9.161559, 0.309688, 0.000000, 0.000000, 0.000000, 0.368861, 0.929485
9.167283, 0.317888, 0.000000, 0.000000, 0.000000, 0.374882, 0.927073
9.167283, 0.317888, 0.000000, 0.000000, 0.000000, 0.374882, 0.927073
9.172900, 0.326161, 0.000000, 0.000000, 0.000000, 0.380888, 0.924621
9.172900, 0.326161, 0.000000, 0.000000, 0.000000, 0.380888, 0.924621
9.172900, 0.326161, 0.000000, 0.000000, 0.000000, 0.380888, 0.924621
9.178410, 0.334507, 0.000000, 0.000000, 0.000000, 0.386878, 0.922131
9.178410, 0.334507, 0.000000, 0.000000, 0.000000, 0.386878, 0.922131
9.183810, 0.342923, 0.000000, 0.000000, 0.000000, 0.392851, 0.919602
9.183810, 0.342923, 0.000000, 0.000000, 0.000000, 0.392851, 0.919602
9.183810, 0.342923, 0.000000, 0.000000, 0.000000, 0.392851, 0.919602
9.189101, 0.351409, 0.000000, 0.000000, 0.000000, 0.398808, 0.917034
9.189101, 0.351409, 0.000000, 0.000000, 0.000000, 0.398808, 0.917034
9.194281, 0.359962, 0.000000, 0.000000, 0.000000, 0.404748, 0.914428
9.194281, 0.359962, 0.000000, 0.000000, 0.000000, 0.404748, 0.914428
9.194281, 0.359962, 0.000000, 0.000000, 0.000000, 0.404748, 0.914428
9.199350, 0.368582, 0.000000, 0.000000, 0.000000, 0.410671, 0.911784
9.199350, 0.368582, 0.000000, 0.000000, 0.000000, 0.410671, 0.911784
9.204307, 0.377267, 0.000000, 0.000000, 0.000000, 0.416577, 0.909100
9.204307, 0.377267, 0.000000, 0.000000, 0.000000, 0.416577, 0.909100
9.204307, 0.377267, 0.000000, 0.000000, 0.000000, 0.416577, 0.909100
9.209151, 0.386016, 0.000000, 0.000000, 0.000000, 0.422465, 0.906379
9.209151, 0.386016, 0.000000, 0.000000, 0.000000, 0.422465, 0.906379
9.213880, 0.394827, 0.000000, 0.000000, 0.000000, 0.428336, 0.903620
9.213880, 0.394827, 0.000000, 0.000000, 0.000000, 0.428336, 0.903620
9.213880, 0.394827, 0.000000, 0.000000, 0.000000, 0.428336, 0.903620
9.218495, 0.403698, 0.000000, 0.000000, 0.000000, 0.434188, 0.900822
9.218495, 0.403698, 0.000000, 0.000000, 0.000000, 0.434188, 0.900822
9.222995, 0.412628, 0.000000, 0.000000, 0.000000, 0.440022, 0.897987
9.222995, 0.412628, 0.000000, 0.000000, 0.000000, 0.440022, 0.897987
9.222995, 0.412628, 0.000000, 0.000000, 0.000000, 0.440022, 0.897987
9.227378, 0.421616, 0.000000, 0.000000, 0.000000, 0.445838, 0.895114
9.227378, 0.421616, 0.000000, 0.000000, 0.000000, 0.445838, 0.895114
9.231644, 0.430661, 0.000000, 0.000000, 0.000000, 0.451635, 0.892203
9.231644, 0.430661, 0.000000, 0.000000, 0.000000, 0.451635, 0.892203
9.231644, 0.430661, 0.000000, 0.000000, 0.000000, 0.451635, 0.892203
9.235793, 0.439759, 0.000000, 0.000000, 0.000000, 0.457413, 0.889254
9.235793, 0.439759, 0.000000, 0.000000, 0.000000, 0.457413, 0.889254
9.239823, 0.448911, 0.000000, 0.000000, 0.000000, 0.463172, 0.886269
9.239823, 0.448911, 0.000000, 0.000000, 0.000000, 0.463172, 0.886269
9.239823, 0.448911, 0.000000, 0.000000, 0.000000, 0.463172, 0.886269
9.243734, 0.458115, 0.000000, 0.000000, 0.000000, 0.468911, 0.883245
9.243734, 0.458115, 0.000000, 0.000000, 0.000000, 0.468911, 0.883245
9.247526, 0.467368, 0.000000, 0.000000, 0.000000, 0.474630, 0.880185
9.247526, 0.467368, 0.000000, 0.000000, 0.000000, 0.474630, 0.880185
9.251197, 0.476670, 0.000000, 0.000000, 0.000000, 0.480330, 0.877088
9.251197, 0.476670, 0.000000, 0.000000, 0.000000, 0.480330, 0.877088
9.254747, 0.486018, 0.000000, 0.000000, 0.000000, 0.486009, 0.873954
9.254747, 0.486018, 0.000000, 0.000000, 0.000000, 0.486009, 0.873954
9.254747, 0.486018, 0.000000, 0.000000, 0.000000, 0.486009, 0.873954
9.258175, 0.495412, 0.000000, 0.000000, 0.000000, 0.491668, 0.870783
9.261482, 0.504850, 0.000000, 0.000000, 0.000000, 0.497306, 0.867575
9.261482, 0.504850, 0.000000, 0.000000, 0.000000, 0.497306, 0.867575
9.261482, 0.504850, 0.000000, 0.000000, 0.000000, 0.497306, 0.867575
9.264665, 0.514329, 0.000000, 0.000000, 0.000000, 0.502924, 0.864331
9.264665, 0.514329, 0.000000, 0.000000, 0.000000, 0.502924, 0.864331
9.267726, 0.523849, 0.000000, 0.000000, 0.000000, 0.508520, 0.861050
9.267726, 0.523849, 0.000000, 0.000000, 0.000000, 0.508520, 0.861050
9.267726, 0.523849, 0.000000, 0.000000, 0.000000, 0.508520, 0.861050
9.270662, 0.533408, 0.000000, 0.000000, 0.000000, 0.514094, 0.857734
9.270662, 0.533408, 0.000000, 0.000000, 0.000000, 0.514094, 0.857734
9.273486, 0.543001, 0.000000, 0.000000, 0.000000, 0.519595, 0.854413
9.273486, 0.543001, 0.000000, 0.000000, 0.000000, 0.519595, 0.854413
9.273486, 0.543001, 0.000000, 0.000000, 0.000000, 0.519595, 0.854413
9.276246, 0.552613, 0.000000, 0.000000, 0.000000, 0.524819, 0.851214
9.276246, 0.552613, 0.000000, 0.000000, 0.000000, 0.524819, 0.851214
9.278985, 0.562230, 0.000000, 0.000000, 0.000000, 0.529675, 0.848201
9.278985, 0.562230, 0.000000, 0.000000, 0.000000, 0.529675, 0.848201
9.281731, 0.571846, 0.000000, 0.000000, 0.000000, 0.534131, 0.845401
9.281731, 0.571846, 0.000000, 0.000000, 0.000000, 0.534131, 0.845401
9.284505, 0.581453, 0.000000, 0.000000, 0.000000, 0.538179, 0.842830
9.284505, 0.581453, 0.000000, 0.000000, 0.000000, 0.538179, 0.842830
9.284505, 0.581453, 0.000000, 0.000000, 0.000000, 0.538179, 0.842830
9.287323, 0.591048, 0.000000, 0.000000, 0.000000, 0.541816, 0.840497
9.287323, 0.591048, 0.000000, 0.000000, 0.000000, 0.541816, 0.840497
9.290198, 0.600626, 0.000000, 0.000000, 0.000000, 0.545043, 0.838408
9.290198, 0.600626, 0.000000, 0.000000, 0.000000, 0.545043, 0.838408
9.290198, 0.600626, 0.000000, 0.000000, 0.000000, 0.545043, 0.838408
9.293142, 0.610183, 0.000000, 0.000000, 0.000000, 0.547861, 0.836570
9.293142, 0.610183, 0.000000, 0.000000, 0.000000, 0.547861, 0.836570
9.296166, 0.619715, 0.000000, 0.000000, 0.000000, 0.550272, 0.834985
9.296166, 0.619715, 0.000000, 0.000000, 0.000000, 0.550272, 0.834985
9.299278, 0.629218, 0.000000, 0.000000, 0.000000, 0.552279, 0.833659
9.299278, 0.629218, 0.000000, 0.000000, 0.000000, 0.552279, 0.833659
9.302488, 0.638689, 0.000000, 0.000000, 0.000000, 0.553883, 0.832594
9.302488, 0.638689, 0.000000, 0.000000, 0.000000, 0.553883, 0.832594
9.302488, 0.638689, 0.000000, 0.000000, 0.000000, 0.553883, 0.832594
9.305806, 0.648122, 0.000000, 0.000000, 0.000000, 0.555086, 0.831793
9.309239, 0.657514, 0.000000, 0.000000, 0.000000, 0.555888, 0.831257
9.309239, 0.657514, 0.000000, 0.000000, 0.000000, 0.555888, 0.831257
9.309239, 0.657514, 0.000000, 0.000000, 0.000000, 0.555888, 0.831257
9.312798, 0.666860, 0.000000, 0.000000, 0.000000, 0.556290, 0.830988
9.312798, 0.666860, 0.000000, 0.000000, 0.000000, 0.556290, 0.830988
9.316467, 0.676162, 0.000000, 0.000000, 0.000000, 0.556395, 0.830918
9.316467, 0.676162, 0.000000, 0.000000, 0.000000, 0.556395, 0.830918
9.320181, 0.685447, 0.000000, 0.000000, 0.000000, 0.556497, 0.830850
9.320181, 0.685447, 0.000000, 0.000000, 0.000000, 0.556497, 0.830850
9.323943, 0.694712, 0.000000, 0.000000, 0.000000, 0.556486, 0.830857
9.323943, 0.694712, 0.000000, 0.000000, 0.000000, 0.556486, 0.830857
9.323943, 0.694712, 0.000000, 0.000000, 0.000000, 0.556486, 0.830857
9.327712, 0.703975, 0.000000, 0.000000, 0.000000, 0.556540, 0.830821
9.327712, 0.703975, 0.000000, 0.000000, 0.000000, 0.556540, 0.830821
9.331506, 0.713227, 0.000000, 0.000000, 0.000000, 0.556509, 0.830842
9.331506, 0.713227, 0.000000, 0.000000, 0.000000, 0.556509, 0.830842
9.335295, 0.722481, 0.000000, 0.000000, 0.000000, 0.556552, 0.830813
9.335295, 0.722481, 0.000000, 0.000000, 0.000000, 0.556552, 0.830813
9.339100, 0.731729, 0.000000, 0.000000, 0.000000, 0.556515, 0.830837
9.339100, 0.731729, 0.000000, 0.000000, 0.000000, 0.556515, 0.830837
9.339100, 0.731729, 0.000000, 0.000000, 0.000000, 0.556515, 0.830837
9.342896, 0.740981, 0.000000, 0.000000, 0.000000, 0.556556, 0.830810
9.346705, 0.750227, 0.000000, 0.000000, 0.000000, 0.556517, 0.830836
9.346705, 0.750227, 0.000000, 0.000000, 0.000000, 0.556517, 0.830836
9.346705, 0.750227, 0.000000, 0.000000, 0.000000, 0.556517, 0.830836
9.350503, 0.759478, 0.000000, 0.000000, 0.000000, 0.556557, 0.830809
9.350503, 0.759478, 0.000000, 0.000000, 0.000000, 0.556557, 0.830809
9.354314, 0.768723, 0.000000, 0.000000, 0.000000, 0.556518, 0.830835
9.354314, 0.768723, 0.000000, 0.000000, 0.000000, 0.556518, 0.830835
9.358112, 0.777973, 0.000000, 0.000000, 0.000000, 0.556558, 0.830809
9.358112, 0.777973, 0.000000, 0.000000, 0.000000, 0.556558, 0.830809
9.361924, 0.787219, 0.000000, 0.000000, 0.000000, 0.556518, 0.830835
9.361924, 0.787219, 0.000000, 0.000000, 0.000000, 0.556518, 0.830835
9.361924, 0.787219, 0.000000, 0.000000, 0.000000, 0.556518, 0.830835
9.365723, 0.796469, 0.000000, 0.000000, 0.000000, 0.556558, 0.830809
9.365723, 0.796469, 0.000000, 0.000000, 0.000000, 0.556558, 0.830809
9.369534, 0.805714, 0.000000, 0.000000, 0.000000, 0.556519, 0.830835
9.369534, 0.805714, 0.000000, 0.000000, 0.000000, 0.556519, 0.830835
9.369534, 0.805714, 0.000000, 0.000000, 0.000000, 0.556519, 0.830835
9.373333, 0.814964, 0.000000, 0.000000, 0.000000, 0.556558, 0.830809
9.373333, 0.814964, 0.000000, 0.000000, 0.000000, 0.556558, 0.830809
9.377145, 0.824209, 0.000000, 0.000000, 0.000000, 0.556519, 0.830835
9.377145, 0.824209, 0.000000, 0.000000, 0.000000, 0.556519, 0.830835
9.380944, 0.833460, 0.000000, 0.000000, 0.000000, 0.556558, 0.830809
9.380944, 0.833460, 0.000000, 0.000000, 0.000000, 0.556558, 0.830809
9.384755, 0.842705, 0.000000, 0.000000, 0.000000, 0.556519, 0.830835
9.384755, 0.842705, 0.000000, 0.000000, 0.000000, 0.556519, 0.830835
9.384755, 0.842705, 0.000000, 0.000000, 0.000000, 0.556519, 0.830835
9.388554, 0.851955, 0.000000, 0.000000, 0.000000, 0.556558, 0.830809
9.388554, 0.851955, 0.000000, 0.000000, 0.000000, 0.556558, 0.830809
9.392366, 0.861200, 0.000000, 0.000000, 0.000000, 0.556519, 0.830835
9.392366, 0.861200, 0.000000, 0.000000, 0.000000, 0.556519, 0.830835
9.396165, 0.870450, 0.000000, 0.000000, 0.000000, 0.556558, 0.830809
9.396165, 0.870450, 0.000000, 0.000000, 0.000000, 0.556558, 0.830809
9.399976, 0.879695, 0.000000, 0.000000, 0.000000, 0.556519, 0.830835
9.399976, 0.879695, 0.000000, 0.000000, 0.000000, 0.556519, 0.830835
9.399976, 0.879695, 0.000000, 0.000000, 0.000000, 0.556519, 0.830835
9.403775, 0.888946, 0.000000, 0.000000, 0.000000, 0.556558, 0.830809
9.403775, 0.888946, 0.000000, 0.000000, 0.000000, 0.556558, 0.830809
9.407587, 0.898191, 0.000000, 0.000000, 0.000000, 0.556519, 0.830835
9.407587, 0.898191, 0.000000, 0.000000, 0.000000, 0.556519, 0.830835
9.407587, 0.898191, 0.000000, 0.000000, 0.000000, 0.556519, 0.830835
9.411386, 0.907441, 0.000000, 0.000000, 0.000000, 0.556558, 0.830809
9.411386, 0.907441, 0.000000, 0.000000, 0.000000, 0.556558, 0.830809
9.415198, 0.916686, 0.000000, 0.000000, 0.000000, 0.556519, 0.830835
9.415198, 0.916686, 0.000000, 0.000000, 0.000000, 0.556519, 0.830835
9.418997, 0.925936, 0.000000, 0.000000, 0.000000, 0.556558, 0.830809
9.418997, 0.925936, 0.000000, 0.000000, 0.000000, 0.556558, 0.830809
9.422808, 0.935182, 0.000000, 0.000000, 0.000000, 0.556519, 0.830835
9.422808, 0.935182, 0.000000, 0.000000, 0.000000, 0.556519, 0.830835
9.422808, 0.935182, 0.000000, 0.000000, 0.000000, 0.556519, 0.830835
9.426607, 0.944432, 0.000000, 0.000000, 0.000000, 0.556558, 0.830809
9.426607, 0.944432, 0.000000, 0.000000, 0.000000, 0.556558, 0.830809
9.430419, 0.953677, 0.000000, 0.000000, 0.000000, 0.556519, 0.830835
9.430419, 0.953677, 0.000000, 0.000000, 0.000000, 0.556519, 0.830835
9.430419, 0.953677, 0.000000, 0.000000, 0.000000, 0.556519, 0.830835
9.434218, 0.962927, 0.000000, 0.000000, 0.000000, 0.556558, 0.830809
9.434218, 0.962927, 0.000000, 0.000000, 0.000000, 0.556558, 0.830809
9.438029, 0.972172, 0.000000, 0.000000, 0.000000, 0.556519, 0.830835
9.438029, 0.972172, 0.000000, 0.000000, 0.000000, 0.556519, 0.830835
9.441828, 0.981423, 0.000000, 0.000000, 0.000000, 0.556558, 0.830809
9.441828, 0.981423, 0.000000, 0.000000, 0.000000, 0.556558, 0.830809
9.445640, 0.990668, 0.000000, 0.000000, 0.000000, 0.556519, 0.830835
9.445640, 0.990668, 0.000000, 0.000000, 0.000000, 0.556519, 0.830835
9.445640, 0.990668, 0.000000, 0.000000, 0.000000, 0.556519, 0.830835
9.449439, 0.999918, 0.000000, 0.000000, 0.000000, 0.556558, 0.830809
9.449439, 0.999918, 0.000000, 0.000000, 0.000000, 0.556558, 0.830809
9.453251, 1.009163, 0.000000, 0.000000, 0.000000, 0.556519, 0.830835
9.453251, 1.009163, 0.000000, 0.000000, 0.000000, 0.556519, 0.830835
9.457050, 1.018413, 0.000000, 0.000000, 0.000000, 0.556558, 0.830809
9.457050, 1.018413, 0.000000, 0.000000, 0.000000, 0.556558, 0.830809
9.460861, 1.027658, 0.000000, 0.000000, 0.000000, 0.556519, 0.830835
9.460861, 1.027658, 0.000000, 0.000000, 0.000000, 0.556519, 0.830835
9.460861, 1.027658, 0.000000, 0.000000, 0.000000, 0.556519, 0.830835
9.464660, 1.036909, 0.000000, 0.000000, 0.000000, 0.556558, 0.830809
9.464660, 1.036909, 0.000000, 0.000000, 0.000000, 0.556558, 0.830809
9.468472, 1.046154, 0.000000, 0.000000, 0.000000, 0.556519, 0.830835
9.468472, 1.046154, 0.000000, 0.000000, 0.000000, 0.556519, 0.830835
9.468472, 1.046154, 0.000000, 0.000000, 0.000000, 0.556519, 0.830835
9.472271, 1.055404, 0.000000, 0.000000, 0.000000, 0.556558, 0.830809
9.472271, 1.055404, 0.000000, 0.000000, 0.000000, 0.556558, 0.830809
9.476082, 1.064649, 0.000000, 0.000000, 0.000000, 0.556519, 0.830835
9.476082, 1.064649, 0.000000, 0.000000, 0.000000, 0.556519, 0.830835
9.479881, 1.073899, 0.000000, 0.000000, 0.000000, 0.556558, 0.830809
9.479881, 1.073899, 0.000000, 0.000000, 0.000000, 0.556558, 0.830809
9.483693, 1.083144, 0.000000, 0.000000, 0.000000, 0.556519, 0.830835
9.483693, 1.083144, 0.000000, 0.000000, 0.000000, 0.556519, 0.830835
9.483693, 1.083144, 0.000000, 0.000000, 0.000000, 0.556519, 0.830835
9.487492, 1.092395, 0.000000, 0.000000, 0.000000, 0.556558, 0.830809
9.487492, 1.092395, 0.000000, 0.000000, 0.000000, 0.556558, 0.830809
9.491304, 1.101640, 0.000000, 0.000000, 0.000000, 0.556519, 0.830835
9.491304, 1.101640, 0.000000, 0.000000, 0.000000, 0.556519, 0.830835
9.491304, 1.101640, 0.000000, 0.000000, 0.000000, 0.556519, 0.830835
9.495103, 1.110890, 0.000000, 0.000000, 0.000000, 0.556558, 0.830809
9.495103, 1.110890, 0.000000, 0.000000, 0.000000, 0.556558, 0.830809
9.498914, 1.120135, 0.000000, 0.000000, 0.000000, 0.556519, 0.830835
9.498914, 1.120135, 0.000000, 0.000000, 0.000000, 0.556519, 0.830835
9.502713, 1.129385, 0.000000, 0.000000, 0.000000, 0.556558, 0.830809
9.502713, 1.129385, 0.000000, 0.000000, 0.000000, 0.556558, 0.830809
9.506525, 1.138630, 0.000000, 0.000000, 0.000000, 0.556519, 0.830835
9.506525, 1.138630, 0.000000, 0.000000, 0.000000, 0.556519, 0.830835
9.506525, 1.138630, 0.000000, 0.000000, 0.000000, 0.556519, 0.830835
9.510324, 1.147881, 0.000000, 0.000000, 0.000000, 0.556558, 0.830809
9.510324, 1.147881, 0.000000, 0.000000, 0.000000, 0.556558, 0.830809
9.514135, 1.157126, 0.000000, 0.000000, 0.000000, 0.556519, 0.830835
9.514135, 1.157126, 0.000000, 0.000000, 0.000000, 0.556519, 0.830835
9.517934, 1.166376, 0.000000, 0.000000, 0.000000, 0.556558, 0.830809
9.517934, 1.166376, 0.000000, 0.000000, 0.000000, 0.556558, 0.830809
9.521746, 1.175621, 0.000000, 0.000000, 0.000000, 0.556519, 0.830835
9.521746, 1.175621, 0.000000, 0.000000, 0.000000, 0.556519, 0.830835
9.521746, 1.175621, 0.000000, 0.000000, 0.000000, 0.556519, 0.830835
9.525545, 1.184871, 0.000000, 0.000000, 0.000000, 0.556558, 0.830809
9.525545, 1.184871, 0.000000, 0.000000, 0.000000, 0.556558, 0.830809
9.529357, 1.194117, 0.000000, 0.000000, 0.000000, 0.556519, 0.830835
9.529357, 1.194117, 0.000000, 0.000000, 0.000000, 0.556519, 0.830835
9.529357, 1.194117, 0.000000, 0.000000, 0.000000, 0.556519, 0.830835
9.533156, 1.203367, 0.000000, 0.000000, 0.000000, 0.556558, 0.830809
9.533156, 1.203367, 0.000000, 0.000000, 0.000000, 0.556558, 0.830809
9.536967, 1.212612, 0.000000, 0.000000, 0.000000, 0.556519, 0.830835
9.536967, 1.212612, 0.000000, 0.000000, 0.000000, 0.556519, 0.830835
9.540766, 1.221862, 0.000000, 0.000000, 0.000000, 0.556558, 0.830809
9.540766, 1.221862, 0.000000, 0.000000, 0.000000, 0.556558, 0.830809
9.544578, 1.231107, 0.000000, 0.000000, 0.000000, 0.556519, 0.830835
9.544578, 1.231107, 0.000000, 0.000000, 0.000000, 0.556519, 0.830835
9.544578, 1.231107, 0.000000, 0.000000, 0.000000, 0.556519, 0.830835
9.548377, 1.240358, 0.000000, 0.000000, 0.000000, 0.556558, 0.830809
9.552188, 1.249603, 0.000000, 0.000000, 0.000000, 0.556519, 0.830835
9.552188, 1.249603, 0.000000, 0.000000, 0.000000, 0.556519, 0.830835
9.552188, 1.249603, 0.000000, 0.000000, 0.000000, 0.556519, 0.830835
9.555987, 1.258853, 0.000000, 0.000000, 0.000000, 0.556558, 0.830809
9.555987, 1.258853, 0.000000, 0.000000, 0.000000, 0.556558, 0.830809
9.559799, 1.268098, 0.000000, 0.000000, 0.000000, 0.556519, 0.830835
9.559799, 1.268098, 0.000000, 0.000000, 0.000000, 0.556519, 0.830835
9.563598, 1.277348, 0.000000, 0.000000, 0.000000, 0.556558, 0.830809
9.563598, 1.277348, 0.000000, 0.000000, 0.000000, 0.556558, 0.830809
9.567410, 1.286593, 0.000000, 0.000000, 0.000000, 0.556519, 0.830835
9.567410, 1.286593, 0.000000, 0.000000, 0.000000, 0.556519, 0.830835
9.567410, 1.286593, 0.000000, 0.000000, 0.000000, 0.556519, 0.830835
9.571209, 1.295844, 0.000000, 0.000000, 0.000000, 0.556558, 0.830809
9.571209, 1.295844, 0.000000, 0.000000, 0.000000, 0.556558, 0.830809
9.575020, 1.305089, 0.000000, 0.000000, 0.000000, 0.556519, 0.830835
9.575020, 1.305089, 0.000000, 0.000000, 0.000000, 0.556519, 0.830835
9.578819, 1.314339, 0.000000, 0.000000, 0.000000, 0.556558, 0.830809
9.578819, 1.314339, 0.000000, 0.000000, 0.000000, 0.556558, 0.830809
9.582631, 1.323584, 0.000000, 0.000000, 0.000000, 0.556519, 0.830835
9.582631, 1.323584, 0.000000, 0.000000, 0.000000, 0.556519, 0.830835
9.582631, 1.323584, 0.000000, 0.000000, 0.000000, 0.556519, 0.830835
9.586430, 1.332834, 0.000000, 0.000000, 0.000000, 0.556558, 0.830809
9.586430, 1.332834, 0.000000, 0.000000, 0.000000, 0.556558, 0.830809
9.590241, 1.342079, 0.000000, 0.000000, 0.000000, 0.556519, 0.830835
9.590241, 1.342079, 0.000000, 0.000000, 0.000000, 0.556519, 0.830835
9.590241, 1.342079, 0.000000, 0.000000, 0.000000, 0.556519, 0.830835
9.594040, 1.351330, 0.000000, 0.000000, 0.000000, 0.556558, 0.830809
9.594040, 1.351330, 0.000000, 0.000000, 0.000000, 0.556558, 0.830809
9.597852, 1.360575, 0.000000, 0.000000, 0.000000, 0.556519, 0.830835
9.597852, 1.360575, 0.000000, 0.000000, 0.000000, 0.556519, 0.830835
9.597852, 1.360575, 0.000000, 0.000000, 0.000000, 0.556519, 0.830835
9.601651, 1.369825, 0.000000, 0.000000, 0.000000, 0.556558, 0.830809
9.601651, 1.369825, 0.000000, 0.000000, 0.000000, 0.556558, 0.830809
9.605463, 1.379070, 0.000000, 0.000000, 0.000000, 0.556519, 0.830835
9.605463, 1.379070, 0.000000, 0.000000, 0.000000, 0.556519, 0.830835
9.605463, 1.379070, 0.000000, 0.000000, 0.000000, 0.556519, 0.830835
9.609262, 1.388320, 0.000000, 0.000000, 0.000000, 0.556558, 0.830809
9.609262, 1.388320, 0.000000, 0.000000, 0.000000, 0.556558, 0.830809
9.613073, 1.397565, 0.000000, 0.000000, 0.000000, 0.556519, 0.830835
9.613073, 1.397565, 0.000000, 0.000000, 0.000000, 0.556519, 0.830835
9.613073, 1.397565, 0.000000, 0.000000, 0.000000, 0.556519, 0.830835
9.616690, 1.406376, 0.000000, 0.000000, 0.000000, 0.556569, 0.830801
9.616690, 1.406376, 0.000000, 0.000000, 0.000000, 0.556569, 0.830801
9.619963, 1.414300, 0.000000, 0.000000, 0.000000, 0.556507, 0.830843
9.619963, 1.414300, 0.000000, 0.000000, 0.000000, 0.556507, 0.830843
9.622849, 1.421408, 0.000000, 0.000000, 0.000000, 0.556685, 0.830723
9.622849, 1.421408, 0.000000, 0.000000, 0.000000, 0.556685, 0.830723
9.625368, 1.427830, 0.000000, 0.000000, 0.000000, 0.557150, 0.830412
9.625368, 1.427830, 0.000000, 0.000000, 0.000000, 0.557150, 0.830412
9.625368, 1.427830, 0.000000, 0.000000, 0.000000, 0.557150, 0.830412
9.627567, 1.433704, 0.000000, 0.000000, 0.000000, 0.557847, 0.829944
9.627567, 1.433704, 0.000000, 0.000000, 0.000000, 0.557847, 0.829944
9.629492, 1.439139, 0.000000, 0.000000, 0.000000, 0.558727, 0.829351
9.629492, 1.439139, 0.000000, 0.000000, 0.000000, 0.558727, 0.829351
9.629492, 1.439139, 0.000000, 0.000000, 0.000000, 0.558727, 0.829351
9.631183, 1.444221, 0.000000, 0.000000, 0.000000, 0.559759, 0.828655
9.631183, 1.444221, 0.000000, 0.000000, 0.000000, 0.559759, 0.828655
9.632741, 1.448995, 0.000000, 0.000000, 0.000000, 0.560937, 0.827858
9.632741, 1.448995, 0.000000, 0.000000, 0.000000, 0.560937, 0.827858
9.632741, 1.448995, 0.000000, 0.000000, 0.000000, 0.560937, 0.827858
9.634496, 1.453413, 0.000000, 0.000000, 0.000000, 0.562294, 0.826938
9.636156, 1.457634, 0.000000, 0.000000, 0.000000, 0.563779, 0.825926
9.636156, 1.457634, 0.000000, 0.000000, 0.000000, 0.563779, 0.825926
9.636156, 1.457634, 0.000000, 0.000000, 0.000000, 0.563779, 0.825926
9.637737, 1.461698, 0.000000, 0.000000, 0.000000, 0.565393, 0.824822
9.637737, 1.461698, 0.000000, 0.000000, 0.000000, 0.565393, 0.824822
9.639250, 1.465634, 0.000000, 0.000000, 0.000000, 0.566953, 0.823750
9.639250, 1.465634, 0.000000, 0.000000, 0.000000, 0.566953, 0.823750
9.639250, 1.465634, 0.000000, 0.000000, 0.000000, 0.566953, 0.823750
9.640708, 1.469467, 0.000000, 0.000000, 0.000000, 0.568467, 0.822706
9.640708, 1.469467, 0.000000, 0.000000, 0.000000, 0.568467, 0.822706
9.642118, 1.473218, 0.000000, 0.000000, 0.000000, 0.569945, 0.821683
9.642118, 1.473218, 0.000000, 0.000000, 0.000000, 0.569945, 0.821683
9.642118, 1.473218, 0.000000, 0.000000, 0.000000, 0.569945, 0.821683
9.643489, 1.476903, 0.000000, 0.000000, 0.000000, 0.571394, 0.820676
9.644826, 1.480535, 0.000000, 0.000000, 0.000000, 0.572818, 0.819683
9.644826, 1.480535, 0.000000, 0.000000, 0.000000, 0.572818, 0.819683
9.644826, 1.480535, 0.000000, 0.000000, 0.000000, 0.572818, 0.819683
9.646133, 1.484125, 0.000000, 0.000000, 0.000000, 0.574222, 0.818700
9.646133, 1.484125, 0.000000, 0.000000, 0.000000, 0.574222, 0.818700
9.647414, 1.487681, 0.000000, 0.000000, 0.000000, 0.575609, 0.817725
9.647414, 1.487681, 0.000000, 0.000000, 0.000000, 0.575609, 0.817725
9.647414, 1.487681, 0.000000, 0.000000, 0.000000, 0.575609, 0.817725
9.648673, 1.491211, 0.000000, 0.000000, 0.000000, 0.576983, 0.816756
9.648673, 1.491211, 0.000000, 0.000000, 0.000000, 0.576983, 0.816756
9.649910, 1.494721, 0.000000, 0.000000, 0.000000, 0.578346, 0.815792
9.649910, 1.494721, 0.000000, 0.000000, 0.000000, 0.578346, 0.815792
9.649910, 1.494721, 0.000000, 0.000000, 0.000000, 0.578346, 0.815792
9.651129, 1.498214, 0.000000, 0.000000, 0.000000, 0.579699, 0.814831
9.651129, 1.498214, 0.000000, 0.000000, 0.000000, 0.579699, 0.814831
9.652331, 1.501694, 0.000000, 0.000000, 0.000000, 0.581044, 0.813872
9.652331, 1.501694, 0.000000, 0.000000, 0.000000, 0.581044, 0.813872
9.653517, 1.505166, 0.000000, 0.000000, 0.000000, 0.582383, 0.812915
9.653517, 1.505166, 0.000000, 0.000000, 0.000000, 0.582383, 0.812915
9.654687, 1.508630, 0.000000, 0.000000, 0.000000, 0.583716, 0.811958
9.654687, 1.508630, 0.000000, 0.000000, 0.000000, 0.583716, 0.811958
9.654687, 1.508630, 0.000000, 0.000000, 0.000000, 0.583716, 0.811958
9.655844, 1.512090, 0.000000, 0.000000, 0.000000, 0.585043, 0.811002
9.656986, 1.515546, 0.000000, 0.000000, 0.000000, 0.586367, 0.810045
9.656986, 1.515546, 0.000000, 0.000000, 0.000000, 0.586367, 0.810045
9.656986, 1.515546, 0.000000, 0.000000, 0.000000, 0.586367, 0.810045
9.658116, 1.519000, 0.000000, 0.000000, 0.000000, 0.587687, 0.809088
9.658116, 1.519000, 0.000000, 0.000000, 0.000000, 0.587687, 0.809088
9.659232, 1.522454, 0.000000, 0.000000, 0.000000, 0.589004, 0.808130
9.659232, 1.522454, 0.000000, 0.000000, 0.000000, 0.589004, 0.808130
9.660337, 1.525907, 0.000000, 0.000000, 0.000000, 0.590317, 0.807171
9.660337, 1.525907, 0.000000, 0.000000, 0.000000, 0.590317, 0.807171
9.661429, 1.529361, 0.000000, 0.000000, 0.000000, 0.591628, 0.806211
9.661429, 1.529361, 0.000000, 0.000000, 0.000000, 0.591628, 0.806211
9.661429, 1.529361, 0.000000, 0.000000, 0.000000, 0.591628, 0.806211
9.662509, 1.532815, 0.000000, 0.000000, 0.000000, 0.592936, 0.805249
9.663577, 1.536271, 0.000000, 0.000000, 0.000000, 0.594242, 0.804286
9.663577, 1.536271, 0.000000, 0.000000, 0.000000, 0.594242, 0.804286
9.663577, 1.536271, 0.000000, 0.000000, 0.000000, 0.594242, 0.804286
9.664634, 1.539729, 0.000000, 0.000000, 0.000000, 0.595546, 0.803321
9.664634, 1.539729, 0.000000, 0.000000, 0.000000, 0.595546, 0.803321
9.665679, 1.543189, 0.000000, 0.000000, 0.000000, 0.596848, 0.802354
9.665679, 1.543189, 0.000000, 0.000000, 0.000000, 0.596848, 0.802354
9.665679, 1.543189, 0.000000, 0.000000, 0.000000, 0.596848, 0.802354
9.666712, 1.546652, 0.000000, 0.000000, 0.000000, 0.598148, 0.801386
9.666712, 1.546652, 0.000000, 0.000000, 0.000000, 0.598148, 0.801386
9.667734, 1.550117, 0.000000, 0.000000, 0.000000, 0.599446, 0.800415
9.667734, 1.550117, 0.000000, 0.000000, 0.000000, 0.599446, 0.800415
9.667734, 1.550117, 0.000000, 0.000000, 0.000000, 0.599446, 0.800415
9.668744, 1.553584, 0.000000, 0.000000, 0.000000, 0.600742, 0.799443
9.668744, 1.553584, 0.000000, 0.000000, 0.000000, 0.600742, 0.799443
9.669743, 1.557054, 0.000000, 0.000000, 0.000000, 0.602036, 0.798469
9.669743, 1.557054, 0.000000, 0.000000, 0.000000, 0.602036, 0.798469
9.670731, 1.560527, 0.000000, 0.000000, 0.000000, 0.603329, 0.797493
9.670731, 1.560527, 0.000000, 0.000000, 0.000000, 0.603329, 0.797493
9.671707, 1.564003, 0.000000, 0.000000, 0.000000, 0.604619, 0.796515
9.671707, 1.564003, 0.000000, 0.000000, 0.000000, 0.604619, 0.796515
9.671707, 1.564003, 0.000000, 0.000000, 0.000000, 0.604619, 0.796515
9.672672, 1.567481, 0.000000, 0.000000, 0.000000, 0.605909, 0.795534
9.673626, 1.570963, 0.000000, 0.000000, 0.000000, 0.607196, 0.794552
9.673626, 1.570963, 0.000000, 0.000000, 0.000000, 0.607196, 0.794552
9.673626, 1.570963, 0.000000, 0.000000, 0.000000, 0.607196, 0.794552
9.674568, 1.574447, 0.000000, 0.000000, 0.000000, 0.608482, 0.793568
9.674568, 1.574447, 0.000000, 0.000000, 0.000000, 0.608482, 0.793568
9.675499, 1.577934, 0.000000, 0.000000, 0.000000, 0.609766, 0.792582
9.675499, 1.577934, 0.000000, 0.000000, 0.000000, 0.609766, 0.792582
9.676419, 1.581424, 0.000000, 0.000000, 0.000000, 0.611048, 0.791593
9.676419, 1.581424, 0.000000, 0.000000, 0.000000, 0.611048, 0.791593
9.677327, 1.584917, 0.000000, 0.000000, 0.000000, 0.612329, 0.790603
9.677327, 1.584917, 0.000000, 0.000000, 0.000000, 0.612329, 0.790603
9.677327, 1.584917, 0.000000, 0.000000, 0.000000, 0.612329, 0.790603
9.678224, 1.588413, 0.000000, 0.000000, 0.000000, 0.613608, 0.789611
9.679110, 1.591911, 0.000000, 0.000000, 0.000000, 0.614886, 0.788616
9.679110, 1.591911, 0.000000, 0.000000, 0.000000, 0.614886, 0.788616
9.679110, 1.591911, 0.000000, 0.000000, 0.000000, 0.614886, 0.788616
9.679984, 1.595412, 0.000000, 0.000000, 0.000000, 0.616162, 0.787620
9.679984, 1.595412, 0.000000, 0.000000, 0.000000, 0.616162, 0.787620
9.680847, 1.598916, 0.000000, 0.000000, 0.000000, 0.617436, 0.786621
9.680847, 1.598916, 0.000000, 0.000000, 0.000000, 0.617436, 0.786621
9.681699, 1.602423, 0.000000, 0.000000, 0.000000, 0.618709, 0.785620
9.681699, 1.602423, 0.000000, 0.000000, 0.000000, 0.618709, 0.785620
9.682539, 1.605933, 0.000000, 0.000000, 0.000000, 0.619980, 0.784618
9.682539, 1.605933, 0.000000, 0.000000, 0.000000, 0.619980, 0.784618
9.682539, 1.605933, 0.000000, 0.000000, 0.000000, 0.619980, 0.784618
9.683368, 1.609445, 0.000000, 0.000000, 0.000000, 0.621249, 0.783613
9.683368, 1.609445, 0.000000, 0.000000, 0.000000, 0.621249, 0.783613
9.684185, 1.612960, 0.000000, 0.000000, 0.000000, 0.622517, 0.782606
9.684185, 1.612960, 0.000000, 0.000000, 0.000000, 0.622517, 0.782606
9.684991, 1.616477, 0.000000, 0.000000, 0.000000, 0.623783, 0.781598
9.684991, 1.616477, 0.000000, 0.000000, 0.000000, 0.623783, 0.781598
9.685786, 1.619997, 0.000000, 0.000000, 0.000000, 0.625048, 0.780587
9.685786, 1.619997, 0.000000, 0.000000, 0.000000, 0.625048, 0.780587
9.685786, 1.619997, 0.000000, 0.000000, 0.000000, 0.625048, 0.780587
9.686569, 1.623520, 0.000000, 0.000000, 0.000000, 0.626310, 0.779574
9.687341, 1.627045, 0.000000, 0.000000, 0.000000, 0.627572, 0.778559
9.687341, 1.627045, 0.000000, 0.000000, 0.000000, 0.627572, 0.778559
9.687341, 1.627045, 0.000000, 0.000000, 0.000000, 0.627572, 0.778559
9.688101, 1.630572, 0.000000, 0.000000, 0.000000, 0.628831, 0.777542
9.688101, 1.630572, 0.000000, 0.000000, 0.000000, 0.628831, 0.777542
9.688850, 1.634102, 0.000000, 0.000000, 0.000000, 0.630089, 0.776523
9.688850, 1.634102, 0.000000, 0.000000, 0.000000, 0.630089, 0.776523
9.689588, 1.637635, 0.000000, 0.000000, 0.000000, 0.631345, 0.775502
9.689588, 1.637635, 0.000000, 0.000000, 0.000000, 0.631345, 0.775502
9.690314, 1.641170, 0.000000, 0.000000, 0.000000, 0.632600, 0.774479
9.690314, 1.641170, 0.000000, 0.000000, 0.000000, 0.632600, 0.774479
9.690314, 1.641170, 0.000000, 0.000000, 0.000000, 0.632600, 0.774479
9.691029, 1.644707, 0.000000, 0.000000, 0.000000, 0.633853, 0.773454
9.691029, 1.644707, 0.000000, 0.000000, 0.000000, 0.633853, 0.773454
9.691732, 1.648246, 0.000000, 0.000000, 0.000000, 0.635104, 0.772427
9.691732, 1.648246, 0.000000, 0.000000, 0.000000, 0.635104, 0.772427
9.691732, 1.648246, 0.000000, 0.000000, 0.000000, 0.635104, 0.772427
9.692424, 1.651788, 0.000000, 0.000000, 0.000000, 0.636354, 0.771397
9.692424, 1.651788, 0.000000, 0.000000, 0.000000, 0.636354, 0.771397
9.693104, 1.655332, 0.000000, 0.000000, 0.000000, 0.637602, 0.770366
9.693104, 1.655332, 0.000000, 0.000000, 0.000000, 0.637602, 0.770366
9.693773, 1.658878, 0.000000, 0.000000, 0.000000, 0.638848, 0.769333
9.693773, 1.658878, 0.000000, 0.000000, 0.000000, 0.638848, 0.769333
9.694430, 1.662426, 0.000000, 0.000000, 0.000000, 0.640092, 0.768298
9.694430, 1.662426, 0.000000, 0.000000, 0.000000, 0.640092, 0.768298
9.694430, 1.662426, 0.000000, 0.000000, 0.000000, 0.640092, 0.768298
9.695076, 1.665976, 0.000000, 0.000000, 0.000000, 0.641335, 0.767261
9.695076, 1.665976, 0.000000, 0.000000, 0.000000, 0.641335, 0.767261
9.695710, 1.669528, 0.000000, 0.000000, 0.000000, 0.642577, 0.766221
9.695710, 1.669528, 0.000000, 0.000000, 0.000000, 0.642577, 0.766221
9.696333, 1.673083, 0.000000, 0.000000, 0.000000, 0.643816, 0.765180
9.696333, 1.673083, 0.000000, 0.000000, 0.000000, 0.643816, 0.765180
9.696944, 1.676639, 0.000000, 0.000000, 0.000000, 0.645054, 0.764137
9.696944, 1.676639, 0.000000, 0.000000, 0.000000, 0.645054, 0.764137
9.696944, 1.676639, 0.000000, 0.000000, 0.000000, 0.645054, 0.764137
9.697544, 1.680198, 0.000000, 0.000000, 0.000000, 0.646290, 0.763092
9.697544, 1.680198, 0.000000, 0.000000, 0.000000, 0.646290, 0.763092
9.698132, 1.683758, 0.000000, 0.000000, 0.000000, 0.647525, 0.762044
9.698132, 1.683758, 0.000000, 0.000000, 0.000000, 0.647525, 0.762044
9.698132, 1.683758, 0.000000, 0.000000, 0.000000, 0.647525, 0.762044
9.698709, 1.687320, 0.000000, 0.000000, 0.000000, 0.648757, 0.760995
9.698709, 1.687320, 0.000000, 0.000000, 0.000000, 0.648757, 0.760995
9.699274, 1.690884, 0.000000, 0.000000, 0.000000, 0.649989, 0.759944
9.699274, 1.690884, 0.000000, 0.000000, 0.000000, 0.649989, 0.759944
9.699274, 1.690884, 0.000000, 0.000000, 0.000000, 0.649989, 0.759944
9.699851, 1.694600, 0.000000, 0.000000, 0.000000, 0.651271, 0.758846
9.699851, 1.694600, 0.000000, 0.000000, 0.000000, 0.651271, 0.758846
9.700459, 1.698611, 0.000000, 0.000000, 0.000000, 0.652650, 0.757660
9.700459, 1.698611, 0.000000, 0.000000, 0.000000, 0.652650, 0.757660
9.700459, 1.698611, 0.000000, 0.000000, 0.000000, 0.652650, 0.757660
9.701094, 1.702904, 0.000000, 0.000000, 0.000000, 0.653951, 0.756537
9.701094, 1.702904, 0.000000, 0.000000, 0.000000, 0.653951, 0.756537
9.701754, 1.707466, 0.000000, 0.000000, 0.000000, 0.655153, 0.755497
9.701754, 1.707466, 0.000000, 0.000000, 0.000000, 0.655153, 0.755497
9.701754, 1.707466, 0.000000, 0.000000, 0.000000, 0.655153, 0.755497
9.702435, 1.712283, 0.000000, 0.000000, 0.000000, 0.656233, 0.754558
9.702435, 1.712283, 0.000000, 0.000000, 0.000000, 0.656233, 0.754558
9.702777, 1.717379, 0.000000, 0.000000, 0.000000, 0.657165, 0.753747
9.702777, 1.717379, 0.000000, 0.000000, 0.000000, 0.657165, 0.753747
9.702777, 1.717379, 0.000000, 0.000000, 0.000000, 0.657165, 0.753747
9.703093, 1.722711, 0.000000, 0.000000, 0.000000, 0.658034, 0.752988
9.703093, 1.722711, 0.000000, 0.000000, 0.000000, 0.658034, 0.752988
9.703480, 1.728261, 0.000000, 0.000000, 0.000000, 0.658753, 0.752360
9.703480, 1.728261, 0.000000, 0.000000, 0.000000, 0.658753, 0.752360
9.703480, 1.728261, 0.000000, 0.000000, 0.000000, 0.658753, 0.752360
9.703954, 1.734016, 0.000000, 0.000000, 0.000000, 0.659299, 0.751881
9.703954, 1.734016, 0.000000, 0.000000, 0.000000, 0.659299, 0.751881
9.704528, 1.739964, 0.000000, 0.000000, 0.000000, 0.659657, 0.751567
9.704528, 1.739964, 0.000000, 0.000000, 0.000000, 0.659657, 0.751567
9.704528, 1.739964, 0.000000, 0.000000, 0.000000, 0.659657, 0.751567
9.705209, 1.746093, 0.000000, 0.000000, 0.000000, 0.659811, 0.751431
9.705209, 1.746093, 0.000000, 0.000000, 0.000000, 0.659811, 0.751431
9.705984, 1.752394, 0.000000, 0.000000, 0.000000, 0.659817, 0.751427
9.705984, 1.752394, 0.000000, 0.000000, 0.000000, 0.659817, 0.751427
9.705984, 1.752394, 0.000000, 0.000000, 0.000000, 0.659817, 0.751427
9.706797, 1.758866, 0.000000, 0.000000, 0.000000, 0.659875, 0.751375
9.706797, 1.758866, 0.000000, 0.000000, 0.000000, 0.659875, 0.751375
9.707655, 1.765498, 0.000000, 0.000000, 0.000000, 0.659844, 0.751403
9.707655, 1.765498, 0.000000, 0.000000, 0.000000, 0.659844, 0.751403
9.707655, 1.765498, 0.000000, 0.000000, 0.000000, 0.659844, 0.751403
9.708528, 1.772288, 0.000000, 0.000000, 0.000000, 0.659887, 0.751365
9.708528, 1.772288, 0.000000, 0.000000, 0.000000, 0.659887, 0.751365
9.709435, 1.779224, 0.000000, 0.000000, 0.000000, 0.659849, 0.751398
9.709435, 1.779224, 0.000000, 0.000000, 0.000000, 0.659849, 0.751398
9.710349, 1.786304, 0.000000, 0.000000, 0.000000, 0.659889, 0.751363
9.710349, 1.786304, 0.000000, 0.000000, 0.000000, 0.659889, 0.751363
9.711294, 1.793517, 0.000000, 0.000000, 0.000000, 0.659851, 0.751397
9.711294, 1.793517, 0.000000, 0.000000, 0.000000, 0.659851, 0.751397
9.711294, 1.793517, 0.000000, 0.000000, 0.000000, 0.659851, 0.751397
9.712244, 1.800859, 0.000000, 0.000000, 0.000000, 0.659889, 0.751363
9.712244, 1.800859, 0.000000, 0.000000, 0.000000, 0.659889, 0.751363
9.713222, 1.808323, 0.000000, 0.000000, 0.000000, 0.659851, 0.751396
9.713222, 1.808323, 0.000000, 0.000000, 0.000000, 0.659851, 0.751396
9.713222, 1.808323, 0.000000, 0.000000, 0.000000, 0.659851, 0.751396
9.714203, 1.815905, 0.000000, 0.000000, 0.000000, 0.659889, 0.751363
9.714203, 1.815905, 0.000000, 0.000000, 0.000000, 0.659889, 0.751363
9.715211, 1.823596, 0.000000, 0.000000, 0.000000, 0.659851, 0.751396
9.715211, 1.823596, 0.000000, 0.000000, 0.000000, 0.659851, 0.751396
9.715211, 1.823596, 0.000000, 0.000000, 0.000000, 0.659851, 0.751396
9.716220, 1.831395, 0.000000, 0.000000, 0.000000, 0.659889, 0.751363
9.716220, 1.831395, 0.000000, 0.000000, 0.000000, 0.659889, 0.751363
9.717255, 1.839292, 0.000000, 0.000000, 0.000000, 0.659852, 0.751396
9.717255, 1.839292, 0.000000, 0.000000, 0.000000, 0.659852, 0.751396
9.717255, 1.839292, 0.000000, 0.000000, 0.000000, 0.659852, 0.751396
9.718290, 1.847288, 0.000000, 0.000000, 0.000000, 0.659889, 0.751363
9.718290, 1.847288, 0.000000, 0.000000, 0.000000, 0.659889, 0.751363
9.719349, 1.855373, 0.000000, 0.000000, 0.000000, 0.659852, 0.751396
9.719349, 1.855373, 0.000000, 0.000000, 0.000000, 0.659852, 0.751396
9.720407, 1.863546, 0.000000, 0.000000, 0.000000, 0.659889, 0.751363
9.720407, 1.863546, 0.000000, 0.000000, 0.000000, 0.659889, 0.751363
9.721489, 1.871801, 0.000000, 0.000000, 0.000000, 0.659852, 0.751396
9.721489, 1.871801, 0.000000, 0.000000, 0.000000, 0.659852, 0.751396
9.721489, 1.871801, 0.000000, 0.000000, 0.000000, 0.659852, 0.751396
9.722568, 1.880137, 0.000000, 0.000000, 0.000000, 0.659889, 0.751363
9.723670, 1.888546, 0.000000, 0.000000, 0.000000, 0.659852, 0.751396
9.723670, 1.888546, 0.000000, 0.000000, 0.000000, 0.659852, 0.751396
9.723670, 1.888546, 0.000000, 0.000000, 0.000000, 0.659852, 0.751396
9.724768, 1.897028, 0.000000, 0.000000, 0.000000, 0.659889, 0.751364
9.724768, 1.897028, 0.000000, 0.000000, 0.000000, 0.659889, 0.751364
9.725888, 1.905577, 0.000000, 0.000000, 0.000000, 0.659852, 0.751396
9.725888, 1.905577, 0.000000, 0.000000, 0.000000, 0.659852, 0.751396
9.727003, 1.914193, 0.000000, 0.000000, 0.000000, 0.659888, 0.751364
9.727003, 1.914193, 0.000000, 0.000000, 0.000000, 0.659888, 0.751364
9.728140, 1.922868, 0.000000, 0.000000, 0.000000, 0.659852, 0.751396
9.728140, 1.922868, 0.000000, 0.000000, 0.000000, 0.659852, 0.751396
9.728140, 1.922868, 0.000000, 0.000000, 0.000000, 0.659852, 0.751396
9.729271, 1.931605, 0.000000, 0.000000, 0.000000, 0.659888, 0.751364
9.730422, 1.940396, 0.000000, 0.000000, 0.000000, 0.659852, 0.751396
9.730422, 1.940396, 0.000000, 0.000000, 0.000000, 0.659852, 0.751396
9.730422, 1.940396, 0.000000, 0.000000, 0.000000, 0.659852, 0.751396
9.731568, 1.949242, 0.000000, 0.000000, 0.000000, 0.659888, 0.751364
9.731568, 1.949242, 0.000000, 0.000000, 0.000000, 0.659888, 0.751364
9.732733, 1.958137, 0.000000, 0.000000, 0.000000, 0.659852, 0.751395
9.732733, 1.958137, 0.000000, 0.000000, 0.000000, 0.659852, 0.751395
9.733891, 1.967083, 0.000000, 0.000000, 0.000000, 0.659888, 0.751364
9.733891, 1.967083, 0.000000, 0.000000, 0.000000, 0.659888, 0.751364
9.735068, 1.976072, 0.000000, 0.000000, 0.000000, 0.659852, 0.751395
9.735068, 1.976072, 0.000000, 0.000000, 0.000000, 0.659852, 0.751395
9.735068, 1.976072, 0.000000, 0.000000, 0.000000, 0.659852, 0.751395
9.736239, 1.985108, 0.000000, 0.000000, 0.000000, 0.659888, 0.751364
9.736239, 1.985108, 0.000000, 0.000000, 0.000000, 0.659888, 0.751364
9.737427, 1.994184, 0.000000, 0.000000, 0.000000, 0.659852, 0.751395
9.737427, 1.994184, 0.000000, 0.000000, 0.000000, 0.659852, 0.751395
9.738608, 2.003302, 0.000000, 0.000000, 0.000000, 0.659888, 0.751364
9.738608, 2.003302, 0.000000, 0.000000, 0.000000, 0.659888, 0.751364
9.739807, 2.012455, 0.000000, 0.000000, 0.000000, 0.659852, 0.751395
9.739807, 2.012455, 0.000000, 0.000000, 0.000000, 0.659852, 0.751395
9.739807, 2.012455, 0.000000, 0.000000, 0.000000, 0.659852, 0.751395
9.740997, 2.021647, 0.000000, 0.000000, 0.000000, 0.659888, 0.751364
9.740997, 2.021647, 0.000000, 0.000000, 0.000000, 0.659888, 0.751364
9.742205, 2.030872, 0.000000, 0.000000, 0.000000, 0.659852, 0.751395
9.742205, 2.030872, 0.000000, 0.000000, 0.000000, 0.659852, 0.751395
9.742205, 2.030872, 0.000000, 0.000000, 0.000000, 0.659852, 0.751395
9.743404, 2.040131, 0.000000, 0.000000, 0.000000, 0.659888, 0.751364
9.743404, 2.040131, 0.000000, 0.000000, 0.000000, 0.659888, 0.751364
9.744621, 2.049419, 0.000000, 0.000000, 0.000000, 0.659852, 0.751395
9.744621, 2.049419, 0.000000, 0.000000, 0.000000, 0.659852, 0.751395
9.744621, 2.049419, 0.000000, 0.000000, 0.000000, 0.659852, 0.751395
9.745828, 2.058740, 0.000000, 0.000000, 0.000000, 0.659888, 0.751364
9.745828, 2.058740, 0.000000, 0.000000, 0.000000, 0.659888, 0.751364
9.747052, 2.068086, 0.000000, 0.000000, 0.000000, 0.659852, 0.751395
9.747052, 2.068086, 0.000000, 0.000000, 0.000000, 0.659852, 0.751395
9.747052, 2.068086, 0.000000, 0.000000, 0.000000, 0.659852, 0.751395
9.748266, 2.077462, 0.000000, 0.000000, 0.000000, 0.659888, 0.751364
9.748266, 2.077462, 0.000000, 0.000000, 0.000000, 0.659888, 0.751364
9.749497, 2.086862, 0.000000, 0.000000, 0.000000, 0.659852, 0.751395
9.749497, 2.086862, 0.000000, 0.000000, 0.000000, 0.659852, 0.751395
9.749497, 2.086862, 0.000000, 0.000000, 0.000000, 0.659852, 0.751395
9.750718, 2.096288, 0.000000, 0.000000, 0.000000, 0.659888, 0.751364
9.750718, 2.096288, 0.000000, 0.000000, 0.000000, 0.659888, 0.751364
9.751955, 2.105735, 0.000000, 0.000000, 0.000000, 0.659852, 0.751395
9.751955, 2.105735, 0.000000, 0.000000, 0.000000, 0.659852, 0.751395
9.751955, 2.105735, 0.000000, 0.000000, 0.000000, 0.659852, 0.751395
9.753182, 2.115207, 0.000000, 0.000000, 0.000000, 0.659888, 0.751364
9.753182, 2.115207, 0.000000, 0.000000, 0.000000, 0.659888, 0.751364
9.754424, 2.124698, 0.000000, 0.000000, 0.000000, 0.659852, 0.751395
9.754424, 2.124698, 0.000000, 0.000000, 0.000000, 0.659852, 0.751395
9.754424, 2.124698, 0.000000, 0.000000, 0.000000, 0.659852, 0.751395
9.755657, 2.134210, 0.000000, 0.000000, 0.000000, 0.659888, 0.751364
9.755657, 2.134210, 0.000000, 0.000000, 0.000000, 0.659888, 0.751364
9.756904, 2.143741, 0.000000, 0.000000, 0.000000, 0.659852, 0.751395
9.756904, 2.143741, 0.000000, 0.000000, 0.000000, 0.659852, 0.751395
9.756904, 2.143741, 0.000000, 0.000000, 0.000000, 0.659852, 0.751395
9.758141, 2.153291, 0.000000, 0.000000, 0.000000, 0.659888, 0.751364
9.758141, 2.153291, 0.000000, 0.000000, 0.000000, 0.659888, 0.751364
9.759394, 2.162857, 0.000000, 0.000000, 0.000000, 0.659852, 0.751395
9.759394, 2.162857, 0.000000, 0.000000, 0.000000, 0.659852, 0.751395
9.759394, 2.162857, 0.000000, 0.000000, 0.000000, 0.659852, 0.751395
9.760636, 2.172442, 0.000000, 0.000000, 0.000000, 0.659888, 0.751364
9.760636, 2.172442, 0.000000, 0.000000, 0.000000, 0.659888, 0.751364
9.761892, 2.182040, 0.000000, 0.000000, 0.000000, 0.659852, 0.751395
9.761892, 2.182040, 0.000000, 0.000000, 0.000000, 0.659852, 0.751395
9.761892, 2.182040, 0.000000, 0.000000, 0.000000, 0.659852, 0.751395
9.763138, 2.191655, 0.000000, 0.000000, 0.000000, 0.659888, 0.751364
9.763138, 2.191655, 0.000000, 0.000000, 0.000000, 0.659888, 0.751364
9.764398, 2.201283, 0.000000, 0.000000, 0.000000, 0.659852, 0.751395
9.764398, 2.201283, 0.000000, 0.000000, 0.000000, 0.659852, 0.751395
9.765648, 2.210927, 0.000000, 0.000000, 0.000000, 0.659888, 0.751364
9.765648, 2.210927, 0.000000, 0.000000, 0.000000, 0.659888, 0.751364
9.766912, 2.220581, 0.000000, 0.000000, 0.000000, 0.659852, 0.751395
9.766912, 2.220581, 0.000000, 0.000000, 0.000000, 0.659852, 0.751395
9.766912, 2.220581, 0.000000, 0.000000, 0.000000, 0.659852, 0.751395
9.768164, 2.230250, 0.000000, 0.000000, 0.000000, 0.659888, 0.751364
9.769431, 2.239929, 0.000000, 0.000000, 0.000000, 0.659852, 0.751395
9.769431, 2.239929, 0.000000, 0.000000, 0.000000, 0.659852, 0.751395
9.769431, 2.239929, 0.000000, 0.000000, 0.000000, 0.659852, 0.751395
9.770687, 2.249621, 0.000000, 0.000000, 0.000000, 0.659888, 0.751364
9.770687, 2.249621, 0.000000, 0.000000, 0.000000, 0.659888, 0.751364
9.771957, 2.259322, 0.000000, 0.000000, 0.000000, 0.659852, 0.751395
9.771957, 2.259322, 0.000000, 0.000000, 0.000000, 0.659852, 0.751395
9.773215, 2.269034, 0.000000, 0.000000, 0.000000, 0.659888, 0.751364
9.773215, 2.269034, 0.000000, 0.000000, 0.000000, 0.659888, 0.751364
9.774488, 2.278755, 0.000000, 0.000000, 0.000000, 0.659852, 0.751395
9.774488, 2.278755, 0.000000, 0.000000, 0.000000, 0.659852, 0.751395
9.774488, 2.278755, 0.000000, 0.000000, 0.000000, 0.659852, 0.751395
9.775748, 2.288487, 0.000000, 0.000000, 0.000000, 0.659888, 0.751364
9.775748, 2.288487, 0.000000, 0.000000, 0.000000, 0.659888, 0.751364
9.777024, 2.298226, 0.000000, 0.000000, 0.000000, 0.659852, 0.751395
9.777024, 2.298226, 0.000000, 0.000000, 0.000000, 0.659852, 0.751395
9.778286, 2.307974, 0.000000, 0.000000, 0.000000, 0.659888, 0.751364
9.778286, 2.307974, 0.000000, 0.000000, 0.000000, 0.659888, 0.751364
9.779564, 2.317730, 0.000000, 0.000000, 0.000000, 0.659852, 0.751395
9.779564, 2.317730, 0.000000, 0.000000, 0.000000, 0.659852, 0.751395
9.779564, 2.317730, 0.000000, 0.000000, 0.000000, 0.659852, 0.751395
9.780828, 2.327494, 0.000000, 0.000000, 0.000000, 0.659888, 0.751364
9.780828, 2.327494, 0.000000, 0.000000, 0.000000, 0.659888, 0.751364
9.782108, 2.337264, 0.000000, 0.000000, 0.000000, 0.659852, 0.751395
9.782108, 2.337264, 0.000000, 0.000000, 0.000000, 0.659852, 0.751395
9.782108, 2.337264, 0.000000, 0.000000, 0.000000, 0.659852, 0.751395
9.783374, 2.347043, 0.000000, 0.000000, 0.000000, 0.659888, 0.751364
9.783374, 2.347043, 0.000000, 0.000000, 0.000000, 0.659888, 0.751364
9.784655, 2.356827, 0.000000, 0.000000, 0.000000, 0.659852, 0.751395
9.784655, 2.356827, 0.000000, 0.000000, 0.000000, 0.659852, 0.751395
9.785924, 2.366618, 0.000000, 0.000000, 0.000000, 0.659888, 0.751364
9.785924, 2.366618, 0.000000, 0.000000, 0.000000, 0.659888, 0.751364
9.787206, 2.376414, 0.000000, 0.000000, 0.000000, 0.659852, 0.751395
9.787206, 2.376414, 0.000000, 0.000000, 0.000000, 0.659852, 0.751395
9.787206, 2.376414, 0.000000, 0.000000, 0.000000, 0.659852, 0.751395
9.788476, 2.386217, 0.000000, 0.000000, 0.000000, 0.659888, 0.751364
9.789760, 2.396024, 0.000000, 0.000000, 0.000000, 0.659852, 0.751395
9.789760, 2.396024, 0.000000, 0.000000, 0.000000, 0.659852, 0.751395
9.789760, 2.396024, 0.000000, 0.000000, 0.000000, 0.659852, 0.751395
9.791008, 2.405841, 0.000000, 0.000000, 0.000000, 0.659980, 0.751283
9.791008, 2.405841, 0.000000, 0.000000, 0.000000, 0.659980, 0.751283
9.792167, 2.415673, 0.000000, 0.000000, 0.000000, 0.660392, 0.750921
9.792167, 2.415673, 0.000000, 0.000000, 0.000000, 0.660392, 0.750921
9.793204, 2.425524, 0.000000, 0.000000, 0.000000, 0.661131, 0.750271
9.793204, 2.425524, 0.000000, 0.000000, 0.000000, 0.661131, 0.750271
9.794093, 2.435394, 0.000000, 0.000000, 0.000000, 0.662214, 0.749315
9.794093, 2.435394, 0.000000, 0.000000, 0.000000, 0.662214, 0.749315
9.794093, 2.435394, 0.000000, 0.000000, 0.000000, 0.662214, 0.749315
9.794817, 2.445282, 0.000000, 0.000000, 0.000000, 0.663646, 0.748047
9.794817, 2.445282, 0.000000, 0.000000, 0.000000, 0.663646, 0.748047
9.795359, 2.455185, 0.000000, 0.000000, 0.000000, 0.665429, 0.746461
9.795359, 2.455185, 0.000000, 0.000000, 0.000000, 0.665429, 0.746461
9.795707, 2.465101, 0.000000, 0.000000, 0.000000, 0.667562, 0.744555
9.795707, 2.465101, 0.000000, 0.000000, 0.000000, 0.667562, 0.744555
9.795850, 2.475026, 0.000000, 0.000000, 0.000000, 0.670043, 0.742322
9.795850, 2.475026, 0.000000, 0.000000, 0.000000, 0.670043, 0.742322
9.795850, 2.475026, 0.000000, 0.000000, 0.000000, 0.670043, 0.742322
9.795778, 2.484955, 0.000000, 0.000000, 0.000000, 0.672870, 0.739761
9.795778, 2.484955, 0.000000, 0.000000, 0.000000, 0.672870, 0.739761
9.795478, 2.494883, 0.000000, 0.000000, 0.000000, 0.676040, 0.736865
9.795478, 2.494883, 0.000000, 0.000000, 0.000000, 0.676040, 0.736865
9.795478, 2.494883, 0.000000, 0.000000, 0.000000, 0.676040, 0.736865
9.794943, 2.504804, 0.000000, 0.000000, 0.000000, 0.679548, 0.733631
9.794943, 2.504804, 0.000000, 0.000000, 0.000000, 0.679548, 0.733631
9.794161, 2.514712, 0.000000, 0.000000, 0.000000, 0.683390, 0.730054
9.794161, 2.514712, 0.000000, 0.000000, 0.000000, 0.683390, 0.730054
9.793125, 2.524600, 0.000000, 0.000000, 0.000000, 0.687561, 0.726126
9.793125, 2.524600, 0.000000, 0.000000, 0.000000, 0.687561, 0.726126
9.791843, 2.534461, 0.000000, 0.000000, 0.000000, 0.691989, 0.721908
9.791843, 2.534461, 0.000000, 0.000000, 0.000000, 0.691989, 0.721908
9.791843, 2.534461, 0.000000, 0.000000, 0.000000, 0.691989, 0.721908
9.790359, 2.544297, 0.000000, 0.000000, 0.000000, 0.696499, 0.717558
9.790359, 2.544297, 0.000000, 0.000000, 0.000000, 0.696499, 0.717558
9.788706, 2.554108, 0.000000, 0.000000, 0.000000, 0.701024, 0.713137
9.788706, 2.554108, 0.000000, 0.000000, 0.000000, 0.701024, 0.713137
9.788706, 2.554108, 0.000000, 0.000000, 0.000000, 0.701024, 0.713137
9.786900, 2.563895, 0.000000, 0.000000, 0.000000, 0.705540, 0.708670
9.786900, 2.563895, 0.000000, 0.000000, 0.000000, 0.705540, 0.708670
9.784955, 2.573658, 0.000000, 0.000000, 0.000000, 0.710036, 0.704166
9.784955, 2.573658, 0.000000, 0.000000, 0.000000, 0.710036, 0.704166
9.782876, 2.583395, 0.000000, 0.000000, 0.000000, 0.714508, 0.699628
9.782876, 2.583395, 0.000000, 0.000000, 0.000000, 0.714508, 0.699628
9.782876, 2.583395, 0.000000, 0.000000, 0.000000, 0.714508, 0.699628
9.780666, 2.593105, 0.000000, 0.000000, 0.000000, 0.718953, 0.695058
9.780666, 2.593105, 0.000000, 0.000000, 0.000000, 0.718953, 0.695058
9.780666, 2.593105, 0.000000, 0.000000, 0.000000, 0.718953, 0.695058
9.778330, 2.602788, 0.000000, 0.000000, 0.000000, 0.723372, 0.690459
9.778330, 2.602788, 0.000000, 0.000000, 0.000000, 0.723372, 0.690459
9.775868, 2.612441, 0.000000, 0.000000, 0.000000, 0.727762, 0.685829
9.775868, 2.612441, 0.000000, 0.000000, 0.000000, 0.727762, 0.685829
9.775868, 2.612441, 0.000000, 0.000000, 0.000000, 0.727762, 0.685829
9.773282, 2.622064, 0.000000, 0.000000, 0.000000, 0.732124, 0.681171
9.773282, 2.622064, 0.000000, 0.000000, 0.000000, 0.732124, 0.681171
9.770571, 2.631655, 0.000000, 0.000000, 0.000000, 0.736458, 0.676484
9.770571, 2.631655, 0.000000, 0.000000, 0.000000, 0.736458, 0.676484
9.770571, 2.631655, 0.000000, 0.000000, 0.000000, 0.736458, 0.676484
9.767738, 2.641211, 0.000000, 0.000000, 0.000000, 0.740762, 0.671768
9.764783, 2.650732, 0.000000, 0.000000, 0.000000, 0.745036, 0.667024
9.764783, 2.650732, 0.000000, 0.000000, 0.000000, 0.745036, 0.667024
9.764783, 2.650732, 0.000000, 0.000000, 0.000000, 0.745036, 0.667024
9.761705, 2.660216, 0.000000, 0.000000, 0.000000, 0.749281, 0.662252
9.761705, 2.660216, 0.000000, 0.000000, 0.000000, 0.749281, 0.662252
9.758507, 2.669661, 0.000000, 0.000000, 0.000000, 0.753496, 0.657452
9.758507, 2.669661, 0.000000, 0.000000, 0.000000, 0.753496, 0.657452
9.755187, 2.679065, 0.000000, 0.000000, 0.000000, 0.757681, 0.652625
9.755187, 2.679065, 0.000000, 0.000000, 0.000000, 0.757681, 0.652625
9.751747, 2.688428, 0.000000, 0.000000, 0.000000, 0.761835, 0.647771
9.751747, 2.688428, 0.000000, 0.000000, 0.000000, 0.761835, 0.647771
9.751747, 2.688428, 0.000000, 0.000000, 0.000000, 0.761835, 0.647771
9.748188, 2.697747, 0.000000, 0.000000, 0.000000, 0.765959, 0.642889
9.748188, 2.697747, 0.000000, 0.000000, 0.000000, 0.765959, 0.642889
9.744509, 2.707021, 0.000000, 0.000000, 0.000000, 0.770052, 0.637981
9.744509, 2.707021, 0.000000, 0.000000, 0.000000, 0.770052, 0.637981
9.744509, 2.707021, 0.000000, 0.000000, 0.000000, 0.770052, 0.637981
9.740711, 2.716248, 0.000000, 0.000000, 0.000000, 0.774115, 0.633045
9.740711, 2.716248, 0.000000, 0.000000, 0.000000, 0.774115, 0.633045
9.736796, 2.725427, 0.000000, 0.000000, 0.000000, 0.778146, 0.628084
9.736796, 2.725427, 0.000000, 0.000000, 0.000000, 0.778146, 0.628084
9.732763, 2.734556, 0.000000, 0.000000, 0.000000, 0.782145, 0.623096
9.732763, 2.734556, 0.000000, 0.000000, 0.000000, 0.782145, 0.623096
9.728614, 2.743633, 0.000000, 0.000000, 0.000000, 0.786113, 0.618083
9.728614, 2.743633, 0.000000, 0.000000, 0.000000, 0.786113, 0.618083
9.728614, 2.743633, 0.000000, 0.000000, 0.000000, 0.786113, 0.618083
9.724348, 2.752658, 0.000000, 0.000000, 0.000000, 0.790049, 0.613043
9.724348, 2.752658, 0.000000, 0.000000, 0.000000, 0.790049, 0.613043
9.719967, 2.761628, 0.000000, 0.000000, 0.000000, 0.793954, 0.607978
9.719967, 2.761628, 0.000000, 0.000000, 0.000000, 0.793954, 0.607978
9.719967, 2.761628, 0.000000, 0.000000, 0.000000, 0.793954, 0.607978
9.715471, 2.770542, 0.000000, 0.000000, 0.000000, 0.797826, 0.602888
9.715471, 2.770542, 0.000000, 0.000000, 0.000000, 0.797826, 0.602888
9.710861, 2.779398, 0.000000, 0.000000, 0.000000, 0.801666, 0.597773
9.710861, 2.779398, 0.000000, 0.000000, 0.000000, 0.801666, 0.597773
9.710861, 2.779398, 0.000000, 0.000000, 0.000000, 0.801666, 0.597773
9.706138, 2.788196, 0.000000, 0.000000, 0.000000, 0.805473, 0.592633
9.706138, 2.788196, 0.000000, 0.000000, 0.000000, 0.805473, 0.592633
9.701303, 2.796933, 0.000000, 0.000000, 0.000000, 0.809248, 0.587468
9.701303, 2.796933, 0.000000, 0.000000, 0.000000, 0.809248, 0.587468
9.701303, 2.796933, 0.000000, 0.000000, 0.000000, 0.809248, 0.587468
9.696356, 2.805608, 0.000000, 0.000000, 0.000000, 0.812989, 0.582279
9.696356, 2.805608, 0.000000, 0.000000, 0.000000, 0.812989, 0.582279
9.691298, 2.814219, 0.000000, 0.000000, 0.000000, 0.816698, 0.577065
9.691298, 2.814219, 0.000000, 0.000000, 0.000000, 0.816698, 0.577065
9.691298, 2.814219, 0.000000, 0.000000, 0.000000, 0.816698, 0.577065
9.686130, 2.822766, 0.000000, 0.000000, 0.000000, 0.820374, 0.571828
9.686130, 2.822766, 0.000000, 0.000000, 0.000000, 0.820374, 0.571828
9.680852, 2.831246, 0.000000, 0.000000, 0.000000, 0.824016, 0.566567
9.680852, 2.831246, 0.000000, 0.000000, 0.000000, 0.824016, 0.566567
9.680852, 2.831246, 0.000000, 0.000000, 0.000000, 0.824016, 0.566567
9.675467, 2.839659, 0.000000, 0.000000, 0.000000, 0.827625, 0.561282
9.675467, 2.839659, 0.000000, 0.000000, 0.000000, 0.827625, 0.561282
9.669973, 2.848002, 0.000000, 0.000000, 0.000000, 0.831200, 0.555974
9.669973, 2.848002, 0.000000, 0.000000, 0.000000, 0.831200, 0.555974
9.669973, 2.848002, 0.000000, 0.000000, 0.000000, 0.831200, 0.555974
9.664374, 2.856275, 0.000000, 0.000000, 0.000000, 0.834741, 0.550643
9.664374, 2.856275, 0.000000, 0.000000, 0.000000, 0.834741, 0.550643
9.658668, 2.864476, 0.000000, 0.000000, 0.000000, 0.838248, 0.545290
9.658668, 2.864476, 0.000000, 0.000000, 0.000000, 0.838248, 0.545290
9.652858, 2.872604, 0.000000, 0.000000, 0.000000, 0.841721, 0.539913
9.652858, 2.872604, 0.000000, 0.000000, 0.000000, 0.841721, 0.539913
9.652858, 2.872604, 0.000000, 0.000000, 0.000000, 0.841721, 0.539913
9.646944, 2.880657, 0.000000, 0.000000, 0.000000, 0.845159, 0.534514
9.646944, 2.880657, 0.000000, 0.000000, 0.000000, 0.845159, 0.534514
9.646944, 2.880657, 0.000000, 0.000000, 0.000000, 0.845159, 0.534514
9.640927, 2.888634, 0.000000, 0.000000, 0.000000, 0.848563, 0.529094
9.640927, 2.888634, 0.000000, 0.000000, 0.000000, 0.848563, 0.529094
9.634808, 2.896533, 0.000000, 0.000000, 0.000000, 0.851933, 0.523651
9.634808, 2.896533, 0.000000, 0.000000, 0.000000, 0.851933, 0.523651
9.634808, 2.896533, 0.000000, 0.000000, 0.000000, 0.851933, 0.523651
9.628589, 2.904354, 0.000000, 0.000000, 0.000000, 0.855268, 0.518186
9.628589, 2.904354, 0.000000, 0.000000, 0.000000, 0.855268, 0.518186
9.622270, 2.912095, 0.000000, 0.000000, 0.000000, 0.858567, 0.512701
9.622270, 2.912095, 0.000000, 0.000000, 0.000000, 0.858567, 0.512701
9.622270, 2.912095, 0.000000, 0.000000, 0.000000, 0.858567, 0.512701
9.615851, 2.919754, 0.000000, 0.000000, 0.000000, 0.861832, 0.507194
9.615851, 2.919754, 0.000000, 0.000000, 0.000000, 0.861832, 0.507194
9.609344, 2.927339, 0.000000, 0.000000, 0.000000, 0.865031, 0.501719
9.609344, 2.927339, 0.000000, 0.000000, 0.000000, 0.865031, 0.501719
9.609344, 2.927339, 0.000000, 0.000000, 0.000000, 0.865031, 0.501719
9.602789, 2.934882, 0.000000, 0.000000, 0.000000, 0.868046, 0.496483
9.602789, 2.934882, 0.000000, 0.000000, 0.000000, 0.868046, 0.496483
9.596217, 2.942412, 0.000000, 0.000000, 0.000000, 0.870828, 0.491588
9.596217, 2.942412, 0.000000, 0.000000, 0.000000, 0.870828, 0.491588
9.596217, 2.942412, 0.000000, 0.000000, 0.000000, 0.870828, 0.491588
9.589652, 2.949948, 0.000000, 0.000000, 0.000000, 0.873363, 0.487070
9.589652, 2.949948, 0.000000, 0.000000, 0.000000, 0.873363, 0.487070
9.583110, 2.957504, 0.000000, 0.000000, 0.000000, 0.875648, 0.482949
9.583110, 2.957504, 0.000000, 0.000000, 0.000000, 0.875648, 0.482949
9.583110, 2.957504, 0.000000, 0.000000, 0.000000, 0.875648, 0.482949
9.576604, 2.965092, 0.000000, 0.000000, 0.000000, 0.877687, 0.479233
9.576604, 2.965092, 0.000000, 0.000000, 0.000000, 0.877687, 0.479233
9.570145, 2.972719, 0.000000, 0.000000, 0.000000, 0.879484, 0.475929
9.570145, 2.972719, 0.000000, 0.000000, 0.000000, 0.879484, 0.475929
9.570145, 2.972719, 0.000000, 0.000000, 0.000000, 0.879484, 0.475929
9.563742, 2.980394, 0.000000, 0.000000, 0.000000, 0.881042, 0.473039
9.563742, 2.980394, 0.000000, 0.000000, 0.000000, 0.881042, 0.473039
9.557404, 2.988124, 0.000000, 0.000000, 0.000000, 0.882365, 0.470567
9.557404, 2.988124, 0.000000, 0.000000, 0.000000, 0.882365, 0.470567
9.551139, 2.995913, 0.000000, 0.000000, 0.000000, 0.883456, 0.468515
9.551139, 2.995913, 0.000000, 0.000000, 0.000000, 0.883456, 0.468515
9.544957, 3.003767, 0.000000, 0.000000, 0.000000, 0.884318, 0.466884
9.544957, 3.003767, 0.000000, 0.000000, 0.000000, 0.884318, 0.466884
9.544957, 3.003767, 0.000000, 0.000000, 0.000000, 0.884318, 0.466884
9.538865, 3.011693, 0.000000, 0.000000, 0.000000, 0.884954, 0.465678
9.538865, 3.011693, 0.000000, 0.000000, 0.000000, 0.884954, 0.465678
9.532873, 3.019694, 0.000000, 0.000000, 0.000000, 0.885366, 0.464895
9.532873, 3.019694, 0.000000, 0.000000, 0.000000, 0.885366, 0.464895
9.526989, 3.027775, 0.000000, 0.000000, 0.000000, 0.885553, 0.464538
9.526989, 3.027775, 0.000000, 0.000000, 0.000000, 0.885553, 0.464538
9.521202, 3.035927, 0.000000, 0.000000, 0.000000, 0.885575, 0.464496
9.521202, 3.035927, 0.000000, 0.000000, 0.000000, 0.885575, 0.464496
9.521202, 3.035927, 0.000000, 0.000000, 0.000000, 0.885575, 0.464496
9.515457, 3.044108, 0.000000, 0.000000, 0.000000, 0.885595, 0.464459
9.515457, 3.044108, 0.000000, 0.000000, 0.000000, 0.885595, 0.464459
9.509754, 3.052319, 0.000000, 0.000000, 0.000000, 0.885552, 0.464541
9.509754, 3.052319, 0.000000, 0.000000, 0.000000, 0.885552, 0.464541
9.509754, 3.052319, 0.000000, 0.000000, 0.000000, 0.885552, 0.464541
9.504060, 3.060536, 0.000000, 0.000000, 0.000000, 0.885545, 0.464555
9.504060, 3.060536, 0.000000, 0.000000, 0.000000, 0.885545, 0.464555
9.498389, 3.068769, 0.000000, 0.000000, 0.000000, 0.885490, 0.464659
9.498389, 3.068769, 0.000000, 0.000000, 0.000000, 0.885490, 0.464659
9.492714, 3.077000, 0.000000, 0.000000, 0.000000, 0.885477, 0.464684
9.492714, 3.077000, 0.000000, 0.000000, 0.000000, 0.885477, 0.464684
9.487055, 3.085242, 0.000000, 0.000000, 0.000000, 0.885419, 0.464794
9.487055, 3.085242, 0.000000, 0.000000, 0.000000, 0.885419, 0.464794
9.487055, 3.085242, 0.000000, 0.000000, 0.000000, 0.885419, 0.464794
9.481389, 3.093479, 0.000000, 0.000000, 0.000000, 0.885404, 0.464821
9.481389, 3.093479, 0.000000, 0.000000, 0.000000, 0.885404, 0.464821
9.475736, 3.101725, 0.000000, 0.000000, 0.000000, 0.885346, 0.464933
9.475736, 3.101725, 0.000000, 0.000000, 0.000000, 0.885346, 0.464933
9.475736, 3.101725, 0.000000, 0.000000, 0.000000, 0.885346, 0.464933
9.470074, 3.109965, 0.000000, 0.000000, 0.000000, 0.885331, 0.464962
9.470074, 3.109965, 0.000000, 0.000000, 0.000000, 0.885331, 0.464962
9.464426, 3.118215, 0.000000, 0.000000, 0.000000, 0.885272, 0.465074
9.464426, 3.118215, 0.000000, 0.000000, 0.000000, 0.885272, 0.465074
9.464426, 3.118215, 0.000000, 0.000000, 0.000000, 0.885272, 0.465074
9.458767, 3.126457, 0.000000, 0.000000, 0.000000, 0.885257, 0.465103
9.458767, 3.126457, 0.000000, 0.000000, 0.000000, 0.885257, 0.465103
9.453121, 3.134709, 0.000000, 0.000000, 0.000000, 0.885197, 0.465216
9.453121, 3.134709, 0.000000, 0.000000, 0.000000, 0.885197, 0.465216
9.453121, 3.134709, 0.000000, 0.000000, 0.000000, 0.885197, 0.465216
9.447466, 3.142954, 0.000000, 0.000000, 0.000000, 0.885182, 0.465245
9.447466, 3.142954, 0.000000, 0.000000, 0.000000, 0.885182, 0.465245
9.441822, 3.151207, 0.000000, 0.000000, 0.000000, 0.885123, 0.465358
9.441822, 3.151207, 0.000000, 0.000000, 0.000000, 0.885123, 0.465358
9.441822, 3.151207, 0.000000, 0.000000, 0.000000, 0.885123, 0.465358
9.436169, 3.159454, 0.000000, 0.000000, 0.000000, 0.885108, 0.465386
9.436169, 3.159454, 0.000000, 0.000000, 0.000000, 0.885108, 0.465386
9.430529, 3.167710, 0.000000, 0.000000, 0.000000, 0.885048, 0.465499
9.430529, 3.167710, 0.000000, 0.000000, 0.000000, 0.885048, 0.465499
9.430529, 3.167710, 0.000000, 0.000000, 0.000000, 0.885048, 0.465499
9.424878, 3.175959, 0.000000, 0.000000, 0.000000, 0.885033, 0.465528
9.424878, 3.175959, 0.000000, 0.000000, 0.000000, 0.885033, 0.465528
9.419240, 3.184216, 0.000000, 0.000000, 0.000000, 0.884974, 0.465641
9.419240, 3.184216, 0.000000, 0.000000, 0.000000, 0.884974, 0.465641
9.419240, 3.184216, 0.000000, 0.000000, 0.000000, 0.884974, 0.465641
9.413593, 3.192467, 0.000000, 0.000000, 0.000000, 0.884959, 0.465670
9.413593, 3.192467, 0.000000, 0.000000, 0.000000, 0.884959, 0.465670
9.407957, 3.200726, 0.000000, 0.000000, 0.000000, 0.884899, 0.465783
9.407957, 3.200726, 0.000000, 0.000000, 0.000000, 0.884899, 0.465783
9.407957, 3.200726, 0.000000, 0.000000, 0.000000, 0.884899, 0.465783
9.402312, 3.208979, 0.000000, 0.000000, 0.000000, 0.884884, 0.465811
9.402312, 3.208979, 0.000000, 0.000000, 0.000000, 0.884884, 0.465811
9.396679, 3.217240, 0.000000, 0.000000, 0.000000, 0.884825, 0.465924
9.396679, 3.217240, 0.000000, 0.000000, 0.000000, 0.884825, 0.465924
9.396679, 3.217240, 0.000000, 0.000000, 0.000000, 0.884825, 0.465924
9.391036, 3.225495, 0.000000, 0.000000, 0.000000, 0.884809, 0.465953
9.385406, 3.233758, 0.000000, 0.000000, 0.000000, 0.884750, 0.466066
9.385406, 3.233758, 0.000000, 0.000000, 0.000000, 0.884750, 0.466066
9.385406, 3.233758, 0.000000, 0.000000, 0.000000, 0.884750, 0.466066
9.379766, 3.242015, 0.000000, 0.000000, 0.000000, 0.884735, 0.466095
9.379766, 3.242015, 0.000000, 0.000000, 0.000000, 0.884735, 0.466095
9.374138, 3.250280, 0.000000, 0.000000, 0.000000, 0.884675, 0.466208
9.374138, 3.250280, 0.000000, 0.000000, 0.000000, 0.884675, 0.466208
9.368501, 3.258538, 0.000000, 0.000000, 0.000000, 0.884660, 0.466237
9.368501, 3.258538, 0.000000, 0.000000, 0.000000, 0.884660, 0.466237
9.362876, 3.266805, 0.000000, 0.000000, 0.000000, 0.884601, 0.466349
9.362876, 3.266805, 0.000000, 0.000000, 0.000000, 0.884601, 0.466349
9.362876, 3.266805, 0.000000, 0.000000, 0.000000, 0.884601, 0.466349
9.357241, 3.275065, 0.000000, 0.000000, 0.000000, 0.884585, 0.466378
9.357241, 3.275065, 0.000000, 0.000000, 0.000000, 0.884585, 0.466378
9.351619, 3.283334, 0.000000, 0.000000, 0.000000, 0.884526, 0.466491
9.351619, 3.283334, 0.000000, 0.000000, 0.000000, 0.884526, 0.466491
9.345986, 3.291596, 0.000000, 0.000000, 0.000000, 0.884511, 0.466520
9.345986, 3.291596, 0.000000, 0.000000, 0.000000, 0.884511, 0.466520
9.340366, 3.299867, 0.000000, 0.000000, 0.000000, 0.884451, 0.466633
9.340366, 3.299867, 0.000000, 0.000000, 0.000000, 0.884451, 0.466633
9.340366, 3.299867, 0.000000, 0.000000, 0.000000, 0.884451, 0.466633
9.334737, 3.308131, 0.000000, 0.000000, 0.000000, 0.884436, 0.466662
9.329119, 3.316403, 0.000000, 0.000000, 0.000000, 0.884376, 0.466774
9.329119, 3.316403, 0.000000, 0.000000, 0.000000, 0.884376, 0.466774
9.329119, 3.316403, 0.000000, 0.000000, 0.000000, 0.884376, 0.466774
9.323492, 3.324669, 0.000000, 0.000000, 0.000000, 0.884361, 0.466803
9.323492, 3.324669, 0.000000, 0.000000, 0.000000, 0.884361, 0.466803
9.317878, 3.332943, 0.000000, 0.000000, 0.000000, 0.884302, 0.466916
9.317878, 3.332943, 0.000000, 0.000000, 0.000000, 0.884302, 0.466916
9.317878, 3.332943, 0.000000, 0.000000, 0.000000, 0.884302, 0.466916
9.312520, 3.340817, 0.000000, 0.000000, 0.000000, 0.884292, 0.466934
9.312520, 3.340817, 0.000000, 0.000000, 0.000000, 0.884292, 0.466934
9.307713, 3.347916, 0.000000, 0.000000, 0.000000, 0.884222, 0.467068
9.307713, 3.347916, 0.000000, 0.000000, 0.000000, 0.884222, 0.467068
9.307713, 3.347916, 0.000000, 0.000000, 0.000000, 0.884222, 0.467068
9.303396, 3.354256, 0.000000, 0.000000, 0.000000, 0.884224, 0.467063
9.299552, 3.359984, 0.000000, 0.000000, 0.000000, 0.884102, 0.467295
9.299552, 3.359984, 0.000000, 0.000000, 0.000000, 0.884102, 0.467295
9.299552, 3.359984, 0.000000, 0.000000, 0.000000, 0.884102, 0.467295
9.296121, 3.365235, 0.000000, 0.000000, 0.000000, 0.883839, 0.467791
9.296121, 3.365235, 0.000000, 0.000000, 0.000000, 0.883839, 0.467791
9.293046, 3.370111, 0.000000, 0.000000, 0.000000, 0.883460, 0.468507
9.293046, 3.370111, 0.000000, 0.000000, 0.000000, 0.883460, 0.468507
9.293046, 3.370111, 0.000000, 0.000000, 0.000000, 0.883460, 0.468507
9.290271, 3.374692, 0.000000, 0.000000, 0.000000, 0.882983, 0.469406
9.290271, 3.374692, 0.000000, 0.000000, 0.000000, 0.882983, 0.469406
9.287700, 3.379005, 0.000000, 0.000000, 0.000000, 0.882414, 0.470474
9.287700, 3.379005, 0.000000, 0.000000, 0.000000, 0.882414, 0.470474
9.287700, 3.379005, 0.000000, 0.000000, 0.000000, 0.882414, 0.470474
9.285056, 3.382956, 0.000000, 0.000000, 0.000000, 0.881736, 0.471743
9.285056, 3.382956, 0.000000, 0.000000, 0.000000, 0.881736, 0.471743
9.282545, 3.386734, 0.000000, 0.000000, 0.000000, 0.880979, 0.473156
9.282545, 3.386734, 0.000000, 0.000000, 0.000000, 0.880979, 0.473156
9.282545, 3.386734, 0.000000, 0.000000, 0.000000, 0.880979, 0.473156
9.280143, 3.390373, 0.000000, 0.000000, 0.000000, 0.880142, 0.474710
9.280143, 3.390373, 0.000000, 0.000000, 0.000000, 0.880142, 0.474710
9.277834, 3.393901, 0.000000, 0.000000, 0.000000, 0.879225, 0.476406
9.277834, 3.393901, 0.000000, 0.000000, 0.000000, 0.879225, 0.476406
9.277834, 3.393901, 0.000000, 0.000000, 0.000000, 0.879225, 0.476406
9.275601, 3.397341, 0.000000, 0.000000, 0.000000, 0.878330, 0.478055
9.275601, 3.397341, 0.000000, 0.000000, 0.000000, 0.878330, 0.478055
9.273431, 3.400710, 0.000000, 0.000000, 0.000000, 0.877452, 0.479664
9.273431, 3.400710, 0.000000, 0.000000, 0.000000, 0.877452, 0.479664
9.273431, 3.400710, 0.000000, 0.000000, 0.000000, 0.877452, 0.479664
9.271315, 3.404024, 0.000000, 0.000000, 0.000000, 0.876588, 0.481242
9.271315, 3.404024, 0.000000, 0.000000, 0.000000, 0.876588, 0.481242
9.269243, 3.407293, 0.000000, 0.000000, 0.000000, 0.875735, 0.482792
9.269243, 3.407293, 0.000000, 0.000000, 0.000000, 0.875735, 0.482792
9.267209, 3.410527, 0.000000, 0.000000, 0.000000, 0.874890, 0.484322
9.267209, 3.410527, 0.000000, 0.000000, 0.000000, 0.874890, 0.484322
9.265208, 3.413734, 0.000000, 0.000000, 0.000000, 0.874051, 0.485834
9.265208, 3.413734, 0.000000, 0.000000, 0.000000, 0.874051, 0.485834
9.265208, 3.413734, 0.000000, 0.000000, 0.000000, 0.874051, 0.485834
9.263235, 3.416920, 0.000000, 0.000000, 0.000000, 0.873217, 0.487332
9.261287, 3.420090, 0.000000, 0.000000, 0.000000, 0.872386, 0.488817
9.261287, 3.420090, 0.000000, 0.000000, 0.000000, 0.872386, 0.488817
9.261287, 3.420090, 0.000000, 0.000000, 0.000000, 0.872386, 0.488817
9.259360, 3.423249, 0.000000, 0.000000, 0.000000, 0.871558, 0.490293
9.259360, 3.423249, 0.000000, 0.000000, 0.000000, 0.871558, 0.490293
9.257454, 3.426399, 0.000000, 0.000000, 0.000000, 0.870731, 0.491760
9.257454, 3.426399, 0.000000, 0.000000, 0.000000, 0.870731, 0.491760
9.257454, 3.426399, 0.000000, 0.000000, 0.000000, 0.870731, 0.491760
9.255565, 3.429543, 0.000000, 0.000000, 0.000000, 0.869904, 0.493221
9.255565, 3.429543, 0.000000, 0.000000, 0.000000, 0.869904, 0.493221
9.253692, 3.432685, 0.000000, 0.000000, 0.000000, 0.869078, 0.494675
9.253692, 3.432685, 0.000000, 0.000000, 0.000000, 0.869078, 0.494675
9.253692, 3.432685, 0.000000, 0.000000, 0.000000, 0.869078, 0.494675
9.251835, 3.435824, 0.000000, 0.000000, 0.000000, 0.868252, 0.496124
9.251835, 3.435824, 0.000000, 0.000000, 0.000000, 0.868252, 0.496124
9.249992, 3.438963, 0.000000, 0.000000, 0.000000, 0.867424, 0.497569
9.249992, 3.438963, 0.000000, 0.000000, 0.000000, 0.867424, 0.497569
9.248163, 3.442104, 0.000000, 0.000000, 0.000000, 0.866596, 0.499011
9.248163, 3.442104, 0.000000, 0.000000, 0.000000, 0.866596, 0.499011
9.246346, 3.445245, 0.000000, 0.000000, 0.000000, 0.865766, 0.500449
9.246346, 3.445245, 0.000000, 0.000000, 0.000000, 0.865766, 0.500449
9.246346, 3.445245, 0.000000, 0.000000, 0.000000, 0.865766, 0.500449
9.244542, 3.448390, 0.000000, 0.000000, 0.000000, 0.864935, 0.501884
9.242749, 3.451538, 0.000000, 0.000000, 0.000000, 0.864102, 0.503316
9.242749, 3.451538, 0.000000, 0.000000, 0.000000, 0.864102, 0.503316
9.242749, 3.451538, 0.000000, 0.000000, 0.000000, 0.864102, 0.503316
9.240969, 3.454689, 0.000000, 0.000000, 0.000000, 0.863268, 0.504746
9.240969, 3.454689, 0.000000, 0.000000, 0.000000, 0.863268, 0.504746
9.239200, 3.457845, 0.000000, 0.000000, 0.000000, 0.862432, 0.506174
9.239200, 3.457845, 0.000000, 0.000000, 0.000000, 0.862432, 0.506174
9.237442, 3.461004, 0.000000, 0.000000, 0.000000, 0.861593, 0.507599
9.237442, 3.461004, 0.000000, 0.000000, 0.000000, 0.861593, 0.507599
9.235695, 3.464169, 0.000000, 0.000000, 0.000000, 0.860753, 0.509023
9.235695, 3.464169, 0.000000, 0.000000, 0.000000, 0.860753, 0.509023
9.235695, 3.464169, 0.000000, 0.000000, 0.000000, 0.860753, 0.509023
9.233960, 3.467338, 0.000000, 0.000000, 0.000000, 0.859910, 0.510445
9.233960, 3.467338, 0.000000, 0.000000, 0.000000, 0.859910, 0.510445
9.232235, 3.470512, 0.000000, 0.000000, 0.000000, 0.859066, 0.511865
9.232235, 3.470512, 0.000000, 0.000000, 0.000000, 0.859066, 0.511865
9.232235, 3.470512, 0.000000, 0.000000, 0.000000, 0.859066, 0.511865
9.230521, 3.473691, 0.000000, 0.000000, 0.000000, 0.858219, 0.513284
9.230521, 3.473691, 0.000000, 0.000000, 0.000000, 0.858219, 0.513284
9.228818, 3.476875, 0.000000, 0.000000, 0.000000, 0.857370, 0.514701
9.228818, 3.476875, 0.000000, 0.000000, 0.000000, 0.857370, 0.514701
9.227126, 3.480065, 0.000000, 0.000000, 0.000000, 0.856519, 0.516116
9.227126, 3.480065, 0.000000, 0.000000, 0.000000, 0.856519, 0.516116
9.227126, 3.480065, 0.000000, 0.000000, 0.000000, 0.856519, 0.516116
9.225444, 3.483259, 0.000000, 0.000000, 0.000000, 0.855665, 0.517530
9.225444, 3.483259, 0.000000, 0.000000, 0.000000, 0.855665, 0.517530
9.225444, 3.483259, 0.000000, 0.000000, 0.000000, 0.855665, 0.517530
9.223774, 3.486459, 0.000000, 0.000000, 0.000000, 0.854810, 0.518942
9.223774, 3.486459, 0.000000, 0.000000, 0.000000, 0.854810, 0.518942
9.222113, 3.489665, 0.000000, 0.000000, 0.000000, 0.853952, 0.520352
9.222113, 3.489665, 0.000000, 0.000000, 0.000000, 0.853952, 0.520352
9.220464, 3.492875, 0.000000, 0.000000, 0.000000, 0.853091, 0.521762
9.220464, 3.492875, 0.000000, 0.000000, 0.000000, 0.853091, 0.521762
9.218825, 3.496091, 0.000000, 0.000000, 0.000000, 0.852229, 0.523169
9.218825, 3.496091, 0.000000, 0.000000, 0.000000, 0.852229, 0.523169
9.218825, 3.496091, 0.000000, 0.000000, 0.000000, 0.852229, 0.523169
9.217197, 3.499312, 0.000000, 0.000000, 0.000000, 0.851364, 0.524575
9.217197, 3.499312, 0.000000, 0.000000, 0.000000, 0.851364, 0.524575
9.215579, 3.502538, 0.000000, 0.000000, 0.000000, 0.850497, 0.525980
9.215579, 3.502538, 0.000000, 0.000000, 0.000000, 0.850497, 0.525980
9.215579, 3.502538, 0.000000, 0.000000, 0.000000, 0.850497, 0.525980
9.213973, 3.505770, 0.000000, 0.000000, 0.000000, 0.849627, 0.527383
9.213973, 3.505770, 0.000000, 0.000000, 0.000000, 0.849627, 0.527383
9.212377, 3.509006, 0.000000, 0.000000, 0.000000, 0.848756, 0.528785
9.212377, 3.509006, 0.000000, 0.000000, 0.000000, 0.848756, 0.528785
9.212377, 3.509006, 0.000000, 0.000000, 0.000000, 0.848756, 0.528785
9.210791, 3.512248, 0.000000, 0.000000, 0.000000, 0.847882, 0.530185
9.210791, 3.512248, 0.000000, 0.000000, 0.000000, 0.847882, 0.530185
9.209217, 3.515495, 0.000000, 0.000000, 0.000000, 0.847005, 0.531584
9.209217, 3.515495, 0.000000, 0.000000, 0.000000, 0.847005, 0.531584
9.209217, 3.515495, 0.000000, 0.000000, 0.000000, 0.847005, 0.531584
9.207653, 3.518748, 0.000000, 0.000000, 0.000000, 0.846127, 0.532982
9.206100, 3.522005, 0.000000, 0.000000, 0.000000, 0.845246, 0.534378
9.206100, 3.522005, 0.000000, 0.000000, 0.000000, 0.845246, 0.534378
9.206100, 3.522005, 0.000000, 0.000000, 0.000000, 0.845246, 0.534378
9.204558, 3.525268, 0.000000, 0.000000, 0.000000, 0.844363, 0.535772
9.204558, 3.525268, 0.000000, 0.000000, 0.000000, 0.844363, 0.535772
9.203026, 3.528535, 0.000000, 0.000000, 0.000000, 0.843477, 0.537165
9.203026, 3.528535, 0.000000, 0.000000, 0.000000, 0.843477, 0.537165
9.201505, 3.531808, 0.000000, 0.000000, 0.000000, 0.842589, 0.538557
9.201505, 3.531808, 0.000000, 0.000000, 0.000000, 0.842589, 0.538557
9.199995, 3.535085, 0.000000, 0.000000, 0.000000, 0.841699, 0.539947
9.199995, 3.535085, 0.000000, 0.000000, 0.000000, 0.841699, 0.539947
9.199995, 3.535085, 0.000000, 0.000000, 0.000000, 0.841699, 0.539947
9.198496, 3.538368, 0.000000, 0.000000, 0.000000, 0.840807, 0.541335
9.198496, 3.538368, 0.000000, 0.000000, 0.000000, 0.840807, 0.541335
9.197008, 3.541655, 0.000000, 0.000000, 0.000000, 0.839912, 0.542722
9.197008, 3.541655, 0.000000, 0.000000, 0.000000, 0.839912, 0.542722
9.197008, 3.541655, 0.000000, 0.000000, 0.000000, 0.839912, 0.542722
9.195531, 3.544947, 0.000000, 0.000000, 0.000000, 0.839015, 0.544108
9.195531, 3.544947, 0.000000, 0.000000, 0.000000, 0.839015, 0.544108
9.194064, 3.548244, 0.000000, 0.000000, 0.000000, 0.838116, 0.545492
9.194064, 3.548244, 0.000000, 0.000000, 0.000000, 0.838116, 0.545492
9.194064, 3.548244, 0.000000, 0.000000, 0.000000, 0.838116, 0.545492
9.192609, 3.551547, 0.000000, 0.000000, 0.000000, 0.837214, 0.546875
9.191164, 3.554853, 0.000000, 0.000000, 0.000000, 0.836311, 0.548256
9.191164, 3.554853, 0.000000, 0.000000, 0.000000, 0.836311, 0.548256
9.191164, 3.554853, 0.000000, 0.000000, 0.000000, 0.836311, 0.548256
9.189730, 3.558165, 0.000000, 0.000000, 0.000000, 0.835404, 0.549636
9.189730, 3.558165, 0.000000, 0.000000, 0.000000, 0.835404, 0.549636
9.188307, 3.561481, 0.000000, 0.000000, 0.000000, 0.834496, 0.551014
9.188307, 3.561481, 0.000000, 0.000000, 0.000000, 0.834496, 0.551014
9.186896, 3.564802, 0.000000, 0.000000, 0.000000, 0.833585, 0.552390
9.186896, 3.564802, 0.000000, 0.000000, 0.000000, 0.833585, 0.552390
9.185495, 3.568127, 0.000000, 0.000000, 0.000000, 0.832673, 0.553766
9.185495, 3.568127, 0.000000, 0.000000, 0.000000, 0.832673, 0.553766
9.185495, 3.568127, 0.000000, 0.000000, 0.000000, 0.832673, 0.553766
9.184105, 3.571458, 0.000000, 0.000000, 0.000000, 0.831757, 0.555139
9.184105, 3.571458, 0.000000, 0.000000, 0.000000, 0.831757, 0.555139
9.182726, 3.574792, 0.000000, 0.000000, 0.000000, 0.830840, 0.556511
9.182726, 3.574792, 0.000000, 0.000000, 0.000000, 0.830840, 0.556511
9.181358, 3.578132, 0.000000, 0.000000, 0.000000, 0.829920, 0.557882
9.181358, 3.578132, 0.000000, 0.000000, 0.000000, 0.829920, 0.557882
9.180001, 3.581475, 0.000000, 0.000000, 0.000000, 0.828998, 0.559251
9.180001, 3.581475, 0.000000, 0.000000, 0.000000, 0.828998, 0.559251
9.178656, 3.584824, 0.000000, 0.000000, 0.000000, 0.828074, 0.560619
9.178656, 3.584824, 0.000000, 0.000000, 0.000000, 0.828074, 0.560619
9.177321, 3.588176, 0.000000, 0.000000, 0.000000, 0.827148, 0.561985
9.177321, 3.588176, 0.000000, 0.000000, 0.000000, 0.827148, 0.561985
9.177321, 3.588176, 0.000000, 0.000000, 0.000000, 0.827148, 0.561985
9.175997, 3.591533, 0.000000, 0.000000, 0.000000, 0.826219, 0.563349
9.175997, 3.591533, 0.000000, 0.000000, 0.000000, 0.826219, 0.563349
9.174685, 3.594894, 0.000000, 0.000000, 0.000000, 0.825288, 0.564712
9.174685, 3.594894, 0.000000, 0.000000, 0.000000, 0.825288, 0.564712
9.173383, 3.598260, 0.000000, 0.000000, 0.000000, 0.824355, 0.566074
9.173383, 3.598260, 0.000000, 0.000000, 0.000000, 0.824355, 0.566074
9.172093, 3.601630, 0.000000, 0.000000, 0.000000, 0.823419, 0.567434
9.172093, 3.601630, 0.000000, 0.000000, 0.000000, 0.823419, 0.567434
9.172093, 3.601630, 0.000000, 0.000000, 0.000000, 0.823419, 0.567434
9.170814, 3.605004, 0.000000, 0.000000, 0.000000, 0.822481, 0.568792
9.169545, 3.608383, 0.000000, 0.000000, 0.000000, 0.821541, 0.570149
9.169545, 3.608383, 0.000000, 0.000000, 0.000000, 0.821541, 0.570149
9.169545, 3.608383, 0.000000, 0.000000, 0.000000, 0.821541, 0.570149
9.168289, 3.611765, 0.000000, 0.000000, 0.000000, 0.820599, 0.571504
9.168289, 3.611765, 0.000000, 0.000000, 0.000000, 0.820599, 0.571504
9.167043, 3.615152, 0.000000, 0.000000, 0.000000, 0.819655, 0.572858
9.167043, 3.615152, 0.000000, 0.000000, 0.000000, 0.819655, 0.572858
9.165808, 3.618543, 0.000000, 0.000000, 0.000000, 0.818708, 0.574210
9.165808, 3.618543, 0.000000, 0.000000, 0.000000, 0.818708, 0.574210
9.164585, 3.621938, 0.000000, 0.000000, 0.000000, 0.817759, 0.575560
9.164585, 3.621938, 0.000000, 0.000000, 0.000000, 0.817759, 0.575560
9.164585, 3.621938, 0.000000, 0.000000, 0.000000, 0.817759, 0.575560
9.163373, 3.625337, 0.000000, 0.000000, 0.000000, 0.816808, 0.576909
9.162172, 3.628739, 0.000000, 0.000000, 0.000000, 0.815855, 0.578257
9.162172, 3.628739, 0.000000, 0.000000, 0.000000, 0.815855, 0.578257
9.162172, 3.628739, 0.000000, 0.000000, 0.000000, 0.815855, 0.578257
9.160982, 3.632146, 0.000000, 0.000000, 0.000000, 0.814899, 0.579603
9.160982, 3.632146, 0.000000, 0.000000, 0.000000, 0.814899, 0.579603
9.159804, 3.635557, 0.000000, 0.000000, 0.000000, 0.813941, 0.580947
9.159804, 3.635557, 0.000000, 0.000000, 0.000000, 0.813941, 0.580947
9.158637, 3.638972, 0.000000, 0.000000, 0.000000, 0.812981, 0.582290
9.158637, 3.638972, 0.000000, 0.000000, 0.000000, 0.812981, 0.582290
9.157481, 3.642390, 0.000000, 0.000000, 0.000000, 0.812019, 0.583631
9.157481, 3.642390, 0.000000, 0.000000, 0.000000, 0.812019, 0.583631
9.157481, 3.642390, 0.000000, 0.000000, 0.000000, 0.812019, 0.583631
9.156336, 3.645812, 0.000000, 0.000000, 0.000000, 0.811055, 0.584970
9.156336, 3.645812, 0.000000, 0.000000, 0.000000, 0.811055, 0.584970
9.155203, 3.649238, 0.000000, 0.000000, 0.000000, 0.810088, 0.586308
9.155203, 3.649238, 0.000000, 0.000000, 0.000000, 0.810088, 0.586308
9.155203, 3.649238, 0.000000, 0.000000, 0.000000, 0.810088, 0.586308
9.154081, 3.652668, 0.000000, 0.000000, 0.000000, 0.809119, 0.587645
9.154081, 3.652668, 0.000000, 0.000000, 0.000000, 0.809119, 0.587645
9.152970, 3.656101, 0.000000, 0.000000, 0.000000, 0.808148, 0.588979
9.152970, 3.656101, 0.000000, 0.000000, 0.000000, 0.808148, 0.588979
9.152970, 3.656101, 0.000000, 0.000000, 0.000000, 0.808148, 0.588979
9.151871, 3.659538, 0.000000, 0.000000, 0.000000, 0.807175, 0.590312
9.151871, 3.659538, 0.000000, 0.000000, 0.000000, 0.807175, 0.590312
9.150783, 3.662979, 0.000000, 0.000000, 0.000000, 0.806199, 0.591644
9.150783, 3.662979, 0.000000, 0.000000, 0.000000, 0.806199, 0.591644
9.150783, 3.662979, 0.000000, 0.000000, 0.000000, 0.806199, 0.591644
9.149707, 3.666423, 0.000000, 0.000000, 0.000000, 0.805222, 0.592974
9.149707, 3.666423, 0.000000, 0.000000, 0.000000, 0.805222, 0.592974
9.148641, 3.669871, 0.000000, 0.000000, 0.000000, 0.804242, 0.594302
9.148641, 3.669871, 0.000000, 0.000000, 0.000000, 0.804242, 0.594302
9.147588, 3.673322, 0.000000, 0.000000, 0.000000, 0.803260, 0.595629
9.147588, 3.673322, 0.000000, 0.000000, 0.000000, 0.803260, 0.595629
9.146545, 3.676777, 0.000000, 0.000000, 0.000000, 0.802276, 0.596954
9.146545, 3.676777, 0.000000, 0.000000, 0.000000, 0.802276, 0.596954
9.146545, 3.676777, 0.000000, 0.000000, 0.000000, 0.802276, 0.596954
9.145514, 3.680235, 0.000000, 0.000000, 0.000000, 0.801289, 0.598277
9.144495, 3.683696, 0.000000, 0.000000, 0.000000, 0.800301, 0.599599
9.144495, 3.683696, 0.000000, 0.000000, 0.000000, 0.800301, 0.599599
9.144495, 3.683696, 0.000000, 0.000000, 0.000000, 0.800301, 0.599599
9.143486, 3.687161, 0.000000, 0.000000, 0.000000, 0.799310, 0.600919
9.143486, 3.687161, 0.000000, 0.000000, 0.000000, 0.799310, 0.600919
9.142490, 3.690629, 0.000000, 0.000000, 0.000000, 0.798317, 0.602238
9.142490, 3.690629, 0.000000, 0.000000, 0.000000, 0.798317, 0.602238
9.141505, 3.694101, 0.000000, 0.000000, 0.000000, 0.797322, 0.603555
9.141505, 3.694101, 0.000000, 0.000000, 0.000000, 0.797322, 0.603555
9.140531, 3.697576, 0.000000, 0.000000, 0.000000, 0.796324, 0.604870
9.140531, 3.697576, 0.000000, 0.000000, 0.000000, 0.796324, 0.604870
9.140531, 3.697576, 0.000000, 0.000000, 0.000000, 0.796324, 0.604870
9.139568, 3.701053, 0.000000, 0.000000, 0.000000, 0.795325, 0.606183
9.139568, 3.701053, 0.000000, 0.000000, 0.000000, 0.795325, 0.606183
9.138618, 3.704534, 0.000000, 0.000000, 0.000000, 0.794323, 0.607495
9.138618, 3.704534, 0.000000, 0.000000, 0.000000, 0.794323, 0.607495
9.138618, 3.704534, 0.000000, 0.000000, 0.000000, 0.794323, 0.607495
9.137678, 3.708019, 0.000000, 0.000000, 0.000000, 0.793319, 0.608806
9.137678, 3.708019, 0.000000, 0.000000, 0.000000, 0.793319, 0.608806
9.136750, 3.711506, 0.000000, 0.000000, 0.000000, 0.792313, 0.610114
9.136750, 3.711506, 0.000000, 0.000000, 0.000000, 0.792313, 0.610114
9.136750, 3.711506, 0.000000, 0.000000, 0.000000, 0.792313, 0.610114
9.135834, 3.714996, 0.000000, 0.000000, 0.000000, 0.791305, 0.611421
9.134929, 3.718489, 0.000000, 0.000000, 0.000000, 0.790295, 0.612726
9.134929, 3.718489, 0.000000, 0.000000, 0.000000, 0.790295, 0.612726
9.134929, 3.718489, 0.000000, 0.000000, 0.000000, 0.790295, 0.612726
9.134036, 3.721986, 0.000000, 0.000000, 0.000000, 0.789283, 0.614030
9.134036, 3.721986, 0.000000, 0.000000, 0.000000, 0.789283, 0.614030
9.133154, 3.725485, 0.000000, 0.000000, 0.000000, 0.788268, 0.615332
9.133154, 3.725485, 0.000000, 0.000000, 0.000000, 0.788268, 0.615332
9.132284, 3.728987, 0.000000, 0.000000, 0.000000, 0.787251, 0.616632
9.132284, 3.728987, 0.000000, 0.000000, 0.000000, 0.787251, 0.616632
9.131426, 3.732492, 0.000000, 0.000000, 0.000000, 0.786232, 0.617931
9.131426, 3.732492, 0.000000, 0.000000, 0.000000, 0.786232, 0.617931
9.131426, 3.732492, 0.000000, 0.000000, 0.000000, 0.786232, 0.617931
9.130579, 3.736000, 0.000000, 0.000000, 0.000000, 0.785211, 0.619228
9.129743, 3.739510, 0.000000, 0.000000, 0.000000, 0.784188, 0.620523
9.129743, 3.739510, 0.000000, 0.000000, 0.000000, 0.784188, 0.620523
9.129743, 3.739510, 0.000000, 0.000000, 0.000000, 0.784188, 0.620523
9.128920, 3.743023, 0.000000, 0.000000, 0.000000, 0.783163, 0.621817
9.128920, 3.743023, 0.000000, 0.000000, 0.000000, 0.783163, 0.621817
9.128107, 3.746539, 0.000000, 0.000000, 0.000000, 0.782135, 0.623108
9.128107, 3.746539, 0.000000, 0.000000, 0.000000, 0.782135, 0.623108
9.127307, 3.750058, 0.000000, 0.000000, 0.000000, 0.781106, 0.624399
9.127307, 3.750058, 0.000000, 0.000000, 0.000000, 0.781106, 0.624399
9.127307, 3.750058, 0.000000, 0.000000, 0.000000, 0.781106, 0.624399
9.126518, 3.753579, 0.000000, 0.000000, 0.000000, 0.780074, 0.625687
9.126518, 3.753579, 0.000000, 0.000000, 0.000000, 0.780074, 0.625687
9.126518, 3.753579, 0.000000, 0.000000, 0.000000, 0.780074, 0.625687
9.125740, 3.757103, 0.000000, 0.000000, 0.000000, 0.779040, 0.626974
9.125740, 3.757103, 0.000000, 0.000000, 0.000000, 0.779040, 0.626974
9.124975, 3.760629, 0.000000, 0.000000, 0.000000, 0.778004, 0.628259
9.124975, 3.760629, 0.000000, 0.000000, 0.000000, 0.778004, 0.628259
9.124975, 3.760629, 0.000000, 0.000000, 0.000000, 0.778004, 0.628259
9.124221, 3.764158, 0.000000, 0.000000, 0.000000, 0.776966, 0.629542
9.124221, 3.764158, 0.000000, 0.000000, 0.000000, 0.776966, 0.629542
9.123478, 3.767690, 0.000000, 0.000000, 0.000000, 0.775926, 0.630824
9.123478, 3.767690, 0.000000, 0.000000, 0.000000, 0.775926, 0.630824
9.123478, 3.767690, 0.000000, 0.000000, 0.000000, 0.775926, 0.630824
9.122747, 3.771223, 0.000000, 0.000000, 0.000000, 0.774884, 0.632104
9.122028, 3.774760, 0.000000, 0.000000, 0.000000, 0.773840, 0.633382
9.122028, 3.774760, 0.000000, 0.000000, 0.000000, 0.773840, 0.633382
9.122028, 3.774760, 0.000000, 0.000000, 0.000000, 0.773840, 0.633382
9.121321, 3.778298, 0.000000, 0.000000, 0.000000, 0.772793, 0.634658
9.121321, 3.778298, 0.000000, 0.000000, 0.000000, 0.772793, 0.634658
9.120625, 3.781839, 0.000000, 0.000000, 0.000000, 0.771744, 0.635933
9.120625, 3.781839, 0.000000, 0.000000, 0.000000, 0.771744, 0.635933
9.119941, 3.785382, 0.000000, 0.000000, 0.000000, 0.770694, 0.637206
9.119941, 3.785382, 0.000000, 0.000000, 0.000000, 0.770694, 0.637206
9.119269, 3.788927, 0.000000, 0.000000, 0.000000, 0.769641, 0.638477
9.119269, 3.788927, 0.000000, 0.000000, 0.000000, 0.769641, 0.638477
9.119269, 3.788927, 0.000000, 0.000000, 0.000000, 0.769641, 0.638477
9.118608, 3.792475, 0.000000, 0.000000, 0.000000, 0.768586, 0.639747
9.118608, 3.792475, 0.000000, 0.000000, 0.000000, 0.768586, 0.639747
9.117959, 3.796025, 0.000000, 0.000000, 0.000000, 0.000000, 1.000000
9.117959, 3.796025, 0.000000, 0.000000, 0.000000, 0.000000, 1.000000
9.117959, 3.796025, 0.000000, 0.000000, 0.000000, 0.000000, 1.000000
9.117976, 3.796025, 0.000000, -0.000000, 0.000000, 0.000008, -1.000000
9.117976, 3.796025, 0.000000, -0.000000, 0.000000, 0.000008, -1.000000
9.118096, 3.796025, 0.000000, -0.000000, 0.000000, 0.000063, -1.000000
9.118096, 3.796025, 0.000000, -0.000000, 0.000000, 0.000063, -1.000000
9.118381, 3.796025, 0.000000, -0.000000, 0.000000, 0.000193, -1.000000
9.118381, 3.796025, 0.000000, -0.000000, 0.000000, 0.000193, -1.000000
9.118824, 3.796024, 0.000000, -0.000000, 0.000000, 0.000396, -1.000000
9.118824, 3.796024, 0.000000, -0.000000, 0.000000, 0.000396, -1.000000
9.118824, 3.796024, 0.000000, -0.000000, 0.000000, 0.000396, -1.000000
9.119418, 3.796024, 0.000000, -0.000000, 0.000000, 0.000667, -1.000000
9.119418, 3.796024, 0.000000, -0.000000, 0.000000, 0.000667, -1.000000
9.120155, 3.796022, 0.000000, -0.000000, 0.000000, 0.001005, -0.999999
9.120155, 3.796022, 0.000000, -0.000000, 0.000000, 0.001005, -0.999999
9.121029, 3.796020, 0.000000, -0.000000, 0.000000, 0.001404, -0.999999
9.121029, 3.796020, 0.000000, -0.000000, 0.000000, 0.001404, -0.999999
9.122032, 3.796017, 0.000000, -0.000000, 0.000000, 0.001864, -0.999998
9.122032, 3.796017, 0.000000, -0.000000, 0.000000, 0.001864, -0.999998
9.122032, 3.796017, 0.000000, -0.000000, 0.000000, 0.001864, -0.999998
9.123160, 3.796012, 0.000000, -0.000000, 0.000000, 0.002379, -0.999997
9.123160, 3.796012, 0.000000, -0.000000, 0.000000, 0.002379, -0.999997
9.124405, 3.796006, 0.000000, -0.000000, 0.000000, 0.002949, -0.999996
9.124405, 3.796006, 0.000000, -0.000000, 0.000000, 0.002949, -0.999996
9.124405, 3.796006, 0.000000, -0.000000, 0.000000, 0.002949, -0.999996
9.125763, 3.795997, 0.000000, -0.000000, 0.000000, 0.003570, -0.999994
9.125763, 3.795997, 0.000000, -0.000000, 0.000000, 0.003570, -0.999994
9.127228, 3.795985, 0.000000, -0.000000, 0.000000, 0.004240, -0.999991
9.127228, 3.795985, 0.000000, -0.000000, 0.000000, 0.004240, -0.999991
9.128795, 3.795971, 0.000000, -0.000000, 0.000000, 0.004956, -0.999988
9.128795, 3.795971, 0.000000, -0.000000, 0.000000, 0.004956, -0.999988
9.130459, 3.795953, 0.000000, -0.000000, 0.000000, 0.005718, -0.999984
9.130459, 3.795953, 0.000000, -0.000000, 0.000000, 0.005718, -0.999984
9.130459, 3.795953, 0.000000, -0.000000, 0.000000, 0.005718, -0.999984
9.132215, 3.795932, 0.000000, -0.000000, 0.000000, 0.006521, -0.999979
9.132215, 3.795932, 0.000000, -0.000000, 0.000000, 0.006521, -0.999979
9.134059, 3.795906, 0.000000, -0.000000, 0.000000, 0.007365, -0.999973
9.134059, 3.795906, 0.000000, -0.000000, 0.000000, 0.007365, -0.999973
9.134059, 3.795906, 0.000000, -0.000000, 0.000000, 0.007365, -0.999973
9.135987, 3.795876, 0.000000, -0.000000, 0.000000, 0.008247, -0.999966
9.135987, 3.795876, 0.000000, -0.000000, 0.000000, 0.008247, -0.999966
9.137995, 3.795841, 0.000000, -0.000000, 0.000000, 0.009165, -0.999958
9.137995, 3.795841, 0.000000, -0.000000, 0.000000, 0.009165, -0.999958
9.137995, 3.795841, 0.000000, -0.000000, 0.000000, 0.009165, -0.999958
9.140079, 3.795801, 0.000000, -0.000000, 0.000000, 0.010118, -0.999949
9.140079, 3.795801, 0.000000, -0.000000, 0.000000, 0.010118, -0.999949
9.142235, 3.795755, 0.000000, -0.000000, 0.000000, 0.011105, -0.999938
9.142235, 3.795755, 0.000000, -0.000000, 0.000000, 0.011105, -0.999938
9.142235, 3.795755, 0.000000, -0.000000, 0.000000, 0.011105, -0.999938
9.144461, 3.795703, 0.000000, -0.000000, 0.000000, 0.012123, -0.999927
9.144461, 3.795703, 0.000000, -0.000000, 0.000000, 0.012123, -0.999927
9.146751, 3.795645, 0.000000, -0.000000, 0.000000, 0.013171, -0.999913
9.146751, 3.795645, 0.000000, -0.000000, 0.000000, 0.013171, -0.999913
9.146751, 3.795645, 0.000000, -0.000000, 0.000000, 0.013171, -0.999913
9.149105, 3.795581, 0.000000, -0.000000, 0.000000, 0.014248, -0.999898
9.149105, 3.795581, 0.000000, -0.000000, 0.000000, 0.014248, -0.999898
9.151518, 3.795509, 0.000000, -0.000000, 0.000000, 0.015352, -0.999882
9.151518, 3.795509, 0.000000, -0.000000, 0.000000, 0.015352, -0.999882
9.151518, 3.795509, 0.000000, -0.000000, 0.000000, 0.015352, -0.999882
9.153987, 3.795431, 0.000000, -0.000000, 0.000000, 0.016482, -0.999864
9.153987, 3.795431, 0.000000, -0.000000, 0.000000, 0.016482, -0.999864
9.156510, 3.795345, 0.000000, -0.000000, 0.000000, 0.017637, -0.999844
9.156510, 3.795345, 0.000000, -0.000000, 0.000000, 0.017637, -0.999844
9.156510, 3.795345, 0.000000, -0.000000, 0.000000, 0.017637, -0.999844
9.159085, 3.795251, 0.000000, -0.000000, 0.000000, 0.018815, -0.999823
9.159085, 3.795251, 0.000000, -0.000000, 0.000000, 0.018815, -0.999823
9.161708, 3.795149, 0.000000, -0.000000, 0.000000, 0.020016, -0.999800
9.161708, 3.795149, 0.000000, -0.000000, 0.000000, 0.020016, -0.999800
9.161708, 3.795149, 0.000000, -0.000000, 0.000000, 0.020016, -0.999800
9.164378, 3.795039, 0.000000, -0.000000, 0.000000, 0.021237, -0.999774
9.164378, 3.795039, 0.000000, -0.000000, 0.000000, 0.021237, -0.999774
9.167092, 3.794920, 0.000000, -0.000000, 0.000000, 0.022480, -0.999747
9.167092, 3.794920, 0.000000, -0.000000, 0.000000, 0.022480, -0.999747
9.167092, 3.794920, 0.000000, -0.000000, 0.000000, 0.022480, -0.999747
9.169848, 3.794792, 0.000000, -0.000000, 0.000000, 0.023741, -0.999718
9.172644, 3.794656, 0.000000, -0.000000, 0.000000, 0.025022, -0.999687
9.172644, 3.794656, 0.000000, -0.000000, 0.000000, 0.025022, -0.999687
9.172644, 3.794656, 0.000000, -0.000000, 0.000000, 0.025022, -0.999687
9.175479, 3.794510, 0.000000, -0.000000, 0.000000, 0.026319, -0.999654
9.175479, 3.794510, 0.000000, -0.000000, 0.000000, 0.026319, -0.999654
9.178349, 3.794355, 0.000000, -0.000000, 0.000000, 0.027634, -0.999618
9.178349, 3.794355, 0.000000, -0.000000, 0.000000, 0.027634, -0.999618
9.178349, 3.794355, 0.000000, -0.000000, 0.000000, 0.027634, -0.999618
9.181254, 3.794191, 0.000000, -0.000000, 0.000000, 0.028964, -0.999580
9.181254, 3.794191, 0.000000, -0.000000, 0.000000, 0.028964, -0.999580
9.184191, 3.794016, 0.000000, -0.000000, 0.000000, 0.030310, -0.999541
9.184191, 3.794016, 0.000000, -0.000000, 0.000000, 0.030310, -0.999541
9.184191, 3.794016, 0.000000, -0.000000, 0.000000, 0.030310, -0.999541
9.187160, 3.793832, 0.000000, -0.000000, 0.000000, 0.031669, -0.999498
9.187160, 3.793832, 0.000000, -0.000000, 0.000000, 0.031669, -0.999498
9.190158, 3.793638, 0.000000, -0.000000, 0.000000, 0.033043, -0.999454
9.190158, 3.793638, 0.000000, -0.000000, 0.000000, 0.033043, -0.999454
9.193185, 3.793433, 0.000000, -0.000000, 0.000000, 0.034430, -0.999407
9.193185, 3.793433, 0.000000, -0.000000, 0.000000, 0.034430, -0.999407
9.196238, 3.793218, 0.000000, -0.000000, 0.000000, 0.035829, -0.999358
9.196238, 3.793218, 0.000000, -0.000000, 0.000000, 0.035829, -0.999358
9.196238, 3.793218, 0.000000, -0.000000, 0.000000, 0.035829, -0.999358
9.199316, 3.792993, 0.000000, -0.000000, 0.000000, 0.037240, -0.999306
9.202419, 3.792757, 0.000000, -0.000000, 0.000000, 0.038662, -0.999252
9.202419, 3.792757, 0.000000, -0.000000, 0.000000, 0.038662, -0.999252
9.202419, 3.792757, 0.000000, -0.000000, 0.000000, 0.038662, -0.999252
9.205544, 3.792510, 0.000000, -0.000000, 0.000000, 0.040095, -0.999196
9.205544, 3.792510, 0.000000, -0.000000, 0.000000, 0.040095, -0.999196
9.208691, 3.792253, 0.000000, -0.000000, 0.000000, 0.041538, -0.999137
9.208691, 3.792253, 0.000000, -0.000000, 0.000000, 0.041538, -0.999137
9.211859, 3.791984, 0.000000, -0.000000, 0.000000, 0.042991, -0.999075
9.211859, 3.791984, 0.000000, -0.000000, 0.000000, 0.042991, -0.999075
9.215046, 3.791705, 0.000000, -0.000000, 0.000000, 0.044453, -0.999011
9.215046, 3.791705, 0.000000, -0.000000, 0.000000, 0.044453, -0.999011
9.215046, 3.791705, 0.000000, -0.000000, 0.000000, 0.044453, -0.999011
9.218252, 3.791414, 0.000000, -0.000000, 0.000000, 0.045924, -0.998945
9.218252, 3.791414, 0.000000, -0.000000, 0.000000, 0.045924, -0.998945
9.221475, 3.791112, 0.000000, -0.000000, 0.000000, 0.047403, -0.998876
9.221475, 3.791112, 0.000000, -0.000000, 0.000000, 0.047403, -0.998876
9.221475, 3.791112, 0.000000, -0.000000, 0.000000, 0.047403, -0.998876
9.224715, 3.790799, 0.000000, -0.000000, 0.000000, 0.048890, -0.998804
9.224715, 3.790799, 0.000000, -0.000000, 0.000000, 0.048890, -0.998804
9.227971, 3.790475, 0.000000, -0.000000, 0.000000, 0.050385, -0.998730
9.227971, 3.790475, 0.000000, -0.000000, 0.000000, 0.050385, -0.998730
9.231242, 3.790139, 0.000000, -0.000000, 0.000000, 0.051887, -0.998653
9.231242, 3.790139, 0.000000, -0.000000, 0.000000, 0.051887, -0.998653
9.234527, 3.789792, 0.000000, -0.000000, 0.000000, 0.053396, -0.998573
9.234527, 3.789792, 0.000000, -0.000000, 0.000000, 0.053396, -0.998573
9.234527, 3.789792, 0.000000, -0.000000, 0.000000, 0.053396, -0.998573
9.237825, 3.789433, 0.000000, -0.000000, 0.000000, 0.054911, -0.998491
9.237825, 3.789433, 0.000000, -0.000000, 0.000000, 0.054911, -0.998491
9.241136, 3.789062, 0.000000, -0.000000, 0.000000, 0.056433, -0.998406
9.241136, 3.789062, 0.000000, -0.000000, 0.000000, 0.056433, -0.998406
9.244458, 3.788680, 0.000000, -0.000000, 0.000000, 0.057960, -0.998319
9.244458, 3.788680, 0.000000, -0.000000, 0.000000, 0.057960, -0.998319
9.247793, 3.788287, 0.000000, -0.000000, 0.000000, 0.059493, -0.998229
9.247793, 3.788287, 0.000000, -0.000000, 0.000000, 0.059493, -0.998229
9.247793, 3.788287, 0.000000, -0.000000, 0.000000, 0.059493, -0.998229
9.251137, 3.787881, 0.000000, -0.000000, 0.000000, 0.061031, -0.998136
9.254492, 3.787464, 0.000000, -0.000000, 0.000000, 0.062575, -0.998040
9.254492, 3.787464, 0.000000, -0.000000, 0.000000, 0.062575, -0.998040
9.254492, 3.787464, 0.000000, -0.000000, 0.000000, 0.062575, -0.998040
9.257856, 3.787036, 0.000000, -0.000000, 0.000000, 0.064123, -0.997942
9.257856, 3.787036, 0.000000, -0.000000, 0.000000, 0.064123, -0.997942
9.261229, 3.786595, 0.000000, -0.000000, 0.000000, 0.065675, -0.997841
9.261229, 3.786595, 0.000000, -0.000000, 0.000000, 0.065675, -0.997841
9.264611, 3.786143, 0.000000, -0.000000, 0.000000, 0.067232, -0.997737
9.264611, 3.786143, 0.000000, -0.000000, 0.000000, 0.067232, -0.997737
9.268000, 3.785678, 0.000000, -0.000000, 0.000000, 0.068794, -0.997631
9.268000, 3.785678, 0.000000, -0.000000, 0.000000, 0.068794, -0.997631
9.268000, 3.785678, 0.000000, -0.000000, 0.000000, 0.068794, -0.997631
9.271397, 3.785202, 0.000000, -0.000000, 0.000000, 0.070359, -0.997522
9.274800, 3.784714, 0.000000, -0.000000, 0.000000, 0.071927, -0.997410
9.274800, 3.784714, 0.000000, -0.000000, 0.000000, 0.071927, -0.997410
9.274800, 3.784714, 0.000000, -0.000000, 0.000000, 0.071927, -0.997410
9.278210, 3.784214, 0.000000, -0.000000, 0.000000, 0.073500, -0.997295
9.278210, 3.784214, 0.000000, -0.000000, 0.000000, 0.073500, -0.997295
9.281626, 3.783703, 0.000000, -0.000000, 0.000000, 0.075075, -0.997178
9.281626, 3.783703, 0.000000, -0.000000, 0.000000, 0.075075, -0.997178
9.285048, 3.783179, 0.000000, -0.000000, 0.000000, 0.076654, -0.997058
9.285048, 3.783179, 0.000000, -0.000000, 0.000000, 0.076654, -0.997058
9.288475, 3.782643, 0.000000, -0.000000, 0.000000, 0.078236, -0.996935
9.288475, 3.782643, 0.000000, -0.000000, 0.000000, 0.078236, -0.996935
9.288475, 3.782643, 0.000000, -0.000000, 0.000000, 0.078236, -0.996935
9.291906, 3.782096, 0.000000, -0.000000, 0.000000, 0.079820, -0.996809
9.291906, 3.782096, 0.000000, -0.000000, 0.000000, 0.079820, -0.996809
9.295343, 3.781536, 0.000000, -0.000000, 0.000000, 0.081408, -0.996681
9.295343, 3.781536, 0.000000, -0.000000, 0.000000, 0.081408, -0.996681
9.298783, 3.780965, 0.000000, -0.000000, 0.000000, 0.082998, -0.996550
9.298783, 3.780965, 0.000000, -0.000000, 0.000000, 0.082998, -0.996550
9.302227, 3.780381, 0.000000, -0.000000, 0.000000, 0.084590, -0.996416
9.302227, 3.780381, 0.000000, -0.000000, 0.000000, 0.084590, -0.996416
9.302227, 3.780381, 0.000000, -0.000000, 0.000000, 0.084590, -0.996416
9.305825, 3.779760, 0.000000, -0.000000, 0.000000, 0.086252, -0.996273
9.309717, 3.779074, 0.000000, -0.000000, 0.000000, 0.088055, -0.996116
9.309717, 3.779074, 0.000000, -0.000000, 0.000000, 0.088055, -0.996116
9.309717, 3.779074, 0.000000, -0.000000, 0.000000, 0.088055, -0.996116
9.313890, 3.778322, 0.000000, -0.000000, 0.000000, 0.089985, -0.995943
9.313890, 3.778322, 0.000000, -0.000000, 0.000000, 0.089985, -0.995943
9.318330, 3.777504, 0.000000, -0.000000, 0.000000, 0.091805, -0.995777
9.318330, 3.777504, 0.000000, -0.000000, 0.000000, 0.091805, -0.995777
9.323023, 3.776623, 0.000000, -0.000000, 0.000000, 0.093484, -0.995621
9.323023, 3.776623, 0.000000, -0.000000, 0.000000, 0.093484, -0.995621
9.327930, 3.775556, 0.000000, -0.000000, 0.000000, 0.094981, -0.995479
9.327930, 3.775556, 0.000000, -0.000000, 0.000000, 0.094981, -0.995479
9.327930, 3.775556, 0.000000, -0.000000, 0.000000, 0.094981, -0.995479
9.333013, 3.774203, 0.000000, -0.000000, 0.000000, 0.096244, -0.995358
9.338305, 3.772761, 0.000000, -0.000000, 0.000000, 0.097414, -0.995244
9.338305, 3.772761, 0.000000, -0.000000, 0.000000, 0.097414, -0.995244
9.338305, 3.772761, 0.000000, -0.000000, 0.000000, 0.097414, -0.995244
9.343814, 3.771297, 0.000000, -0.000000, 0.000000, 0.098412, -0.995146
9.343814, 3.771297, 0.000000, -0.000000, 0.000000, 0.098412, -0.995146
9.349536, 3.769842, 0.000000, -0.000000, 0.000000, 0.099191, -0.995068
9.349536, 3.769842, 0.000000, -0.000000, 0.000000, 0.099191, -0.995068
9.355466, 3.768415, 0.000000, -0.000000, 0.000000, 0.099722, -0.995015
9.355466, 3.768415, 0.000000, -0.000000, 0.000000, 0.099722, -0.995015
9.361597, 3.767031, 0.000000, -0.000000, 0.000000, 0.099981, -0.994989
9.361597, 3.767031, 0.000000, -0.000000, 0.000000, 0.099981, -0.994989
9.361597, 3.767031, 0.000000, -0.000000, 0.000000, 0.099981, -0.994989
9.367920, 3.765703, 0.000000, -0.000000, 0.000000, 0.099950, -0.994992
9.367920, 3.765703, 0.000000, -0.000000, 0.000000, 0.099950, -0.994992
9.374429, 3.764442, 0.000000, -0.000000, 0.000000, 0.099610, -0.995027
9.374429, 3.764442, 0.000000, -0.000000, 0.000000, 0.099610, -0.995027
9.374429, 3.764442, 0.000000, -0.000000, 0.000000, 0.099610, -0.995027
9.381115, 3.763259, 0.000000, -0.000000, 0.000000, 0.098946, -0.995093
9.381115, 3.763259, 0.000000, -0.000000, 0.000000, 0.098946, -0.995093
9.387970, 3.762165, 0.000000, -0.000000, 0.000000, 0.097943, -0.995192
9.387970, 3.762165, 0.000000, -0.000000, 0.000000, 0.097943, -0.995192
9.387970, 3.762165, 0.000000, -0.000000, 0.000000, 0.097943, -0.995192
9.394988, 3.761171, 0.000000, -0.000000, 0.000000, 0.096588, -0.995324
9.402160, 3.760289, 0.000000, -0.000000, 0.000000, 0.094868, -0.995490
9.402160, 3.760289, 0.000000, -0.000000, 0.000000, 0.094868, -0.995490
9.402160, 3.760289, 0.000000, -0.000000, 0.000000, 0.094868, -0.995490
9.409479, 3.759529, 0.000000, -0.000000, 0.000000, 0.092772, -0.995687
9.409479, 3.759529, 0.000000, -0.000000, 0.000000, 0.092772, -0.995687
9.416937, 3.758902, 0.000000, -0.000000, 0.000000, 0.090287, -0.995916
9.416937, 3.758902, 0.000000, -0.000000, 0.000000, 0.090287, -0.995916
9.416937, 3.758902, 0.000000, -0.000000, 0.000000, 0.090287, -0.995916
9.424525, 3.758421, 0.000000, -0.000000, 0.000000, 0.087405, -0.996173
9.424525, 3.758421, 0.000000, -0.000000, 0.000000, 0.087405, -0.996173
9.432235, 3.758095, 0.000000, -0.000000, 0.000000, 0.084115, -0.996456
9.432235, 3.758095, 0.000000, -0.000000, 0.000000, 0.084115, -0.996456
9.432235, 3.758095, 0.000000, -0.000000, 0.000000, 0.084115, -0.996456
9.440060, 3.757937, 0.000000, -0.000000, 0.000000, 0.080408, -0.996762
9.447989, 3.757958, 0.000000, -0.000000, 0.000000, 0.076276, -0.997087
9.447989, 3.757958, 0.000000, -0.000000, 0.000000, 0.076276, -0.997087
9.447989, 3.757958, 0.000000, -0.000000, 0.000000, 0.076276, -0.997087
9.456014, 3.758169, 0.000000, -0.000000, 0.000000, 0.071712, -0.997425
9.456014, 3.758169, 0.000000, -0.000000, 0.000000, 0.071712, -0.997425
9.464126, 3.758563, 0.000000, -0.000000, 0.000000, 0.066791, -0.997767
9.464126, 3.758563, 0.000000, -0.000000, 0.000000, 0.066791, -0.997767
9.472319, 3.759102, 0.000000, -0.000000, 0.000000, 0.061714, -0.998094
9.472319, 3.759102, 0.000000, -0.000000, 0.000000, 0.061714, -0.998094
9.480589, 3.759762, 0.000000, -0.000000, 0.000000, 0.056544, -0.998400
9.480589, 3.759762, 0.000000, -0.000000, 0.000000, 0.056544, -0.998400
9.480589, 3.759762, 0.000000, -0.000000, 0.000000, 0.056544, -0.998400
9.488930, 3.760530, 0.000000, -0.000000, 0.000000, 0.051305, -0.998683
9.488930, 3.760530, 0.000000, -0.000000, 0.000000, 0.051305, -0.998683
9.497340, 3.761400, 0.000000, -0.000000, 0.000000, 0.046007, -0.998941
9.497340, 3.761400, 0.000000, -0.000000, 0.000000, 0.046007, -0.998941
9.505812, 3.762370, 0.000000, -0.000000, 0.000000, 0.040657, -0.999173
9.505812, 3.762370, 0.000000, -0.000000, 0.000000, 0.040657, -0.999173
9.514343, 3.763441, 0.000000, -0.000000, 0.000000, 0.035258, -0.999378
9.514343, 3.763441, 0.000000, -0.000000, 0.000000, 0.035258, -0.999378
9.514343, 3.763441, 0.000000, -0.000000, 0.000000, 0.035258, -0.999378
9.522928, 3.764612, 0.000000, -0.000000, 0.000000, 0.029814, -0.999555
9.531562, 3.765885, 0.000000, -0.000000, 0.000000, 0.024328, -0.999704
9.531562, 3.765885, 0.000000, -0.000000, 0.000000, 0.024328, -0.999704
9.531562, 3.765885, 0.000000, -0.000000, 0.000000, 0.024328, -0.999704
9.540242, 3.767260, 0.000000, -0.000000, 0.000000, 0.018801, -0.999823
9.540242, 3.767260, 0.000000, -0.000000, 0.000000, 0.018801, -0.999823
9.548964, 3.768739, 0.000000, -0.000000, 0.000000, 0.013235, -0.999912
9.548964, 3.768739, 0.000000, -0.000000, 0.000000, 0.013235, -0.999912
9.548964, 3.768739, 0.000000, -0.000000, 0.000000, 0.013235, -0.999912
9.557722, 3.770324, 0.000000, -0.000000, 0.000000, 0.007634, -0.999971
9.557722, 3.770324, 0.000000, -0.000000, 0.000000, 0.007634, -0.999971
9.566514, 3.772014, 0.000000, -0.000000, 0.000000, 0.001997, -0.999998
9.566514, 3.772014, 0.000000, -0.000000, 0.000000, 0.001997, -0.999998
9.566514, 3.772014, 0.000000, -0.000000, 0.000000, 0.001997, -0.999998
9.575336, 3.773812, 0.000000, 0.000000, 0.000000, 0.003671, 0.999993
9.575336, 3.773812, 0.000000, 0.000000, 0.000000, 0.003671, 0.999993
9.584183, 3.775718, 0.000000, 0.000000, 0.000000, 0.009371, 0.999956
9.584183, 3.775718, 0.000000, 0.000000, 0.000000, 0.009371, 0.999956
9.584183, 3.775718, 0.000000, 0.000000, 0.000000, 0.009371, 0.999956
9.593053, 3.777733, 0.000000, 0.000000, 0.000000, 0.015100, 0.999886
9.593053, 3.777733, 0.000000, 0.000000, 0.000000, 0.015100, 0.999886
9.601941, 3.779858, 0.000000, 0.000000, 0.000000, 0.020857, 0.999782
9.601941, 3.779858, 0.000000, 0.000000, 0.000000, 0.020857, 0.999782
9.610844, 3.782094, 0.000000, 0.000000, 0.000000, 0.026640, 0.999645
9.610844, 3.782094, 0.000000, 0.000000, 0.000000, 0.026640, 0.999645
9.619758, 3.784441, 0.000000, 0.000000, 0.000000, 0.032447, 0.999473
9.619758, 3.784441, 0.000000, 0.000000, 0.000000, 0.032447, 0.999473
9.619758, 3.784441, 0.000000, 0.000000, 0.000000, 0.032447, 0.999473
9.628681, 3.786900, 0.000000, 0.000000, 0.000000, 0.038278, 0.999267
9.628681, 3.786900, 0.000000, 0.000000, 0.000000, 0.038278, 0.999267
9.637609, 3.789472, 0.000000, 0.000000, 0.000000, 0.044131, 0.999026
9.637609, 3.789472, 0.000000, 0.000000, 0.000000, 0.044131, 0.999026
9.637609, 3.789472, 0.000000, 0.000000, 0.000000, 0.044131, 0.999026
9.646539, 3.792156, 0.000000, 0.000000, 0.000000, 0.050004, 0.998749
9.646539, 3.792156, 0.000000, 0.000000, 0.000000, 0.050004, 0.998749
9.655468, 3.794954, 0.000000, 0.000000, 0.000000, 0.055897, 0.998437
9.655468, 3.794954, 0.000000, 0.000000, 0.000000, 0.055897, 0.998437
9.655468, 3.794954, 0.000000, 0.000000, 0.000000, 0.055897, 0.998437
9.664392, 3.797865, 0.000000, 0.000000, 0.000000, 0.061808, 0.998088
9.664392, 3.797865, 0.000000, 0.000000, 0.000000, 0.061808, 0.998088
9.673310, 3.800890, 0.000000, 0.000000, 0.000000, 0.067736, 0.997703
9.673310, 3.800890, 0.000000, 0.000000, 0.000000, 0.067736, 0.997703
9.673310, 3.800890, 0.000000, 0.000000, 0.000000, 0.067736, 0.997703
9.682217, 3.804029, 0.000000, 0.000000, 0.000000, 0.073679, 0.997282
9.682217, 3.804029, 0.000000, 0.000000, 0.000000, 0.073679, 0.997282
9.691112, 3.807282, 0.000000, 0.000000, 0.000000, 0.079638, 0.996824
9.691112, 3.807282, 0.000000, 0.000000, 0.000000, 0.079638, 0.996824
9.699991, 3.810649, 0.000000, 0.000000, 0.000000, 0.085610, 0.996329
9.699991, 3.810649, 0.000000, 0.000000, 0.000000, 0.085610, 0.996329
9.708851, 3.814130, 0.000000, 0.000000, 0.000000, 0.091595, 0.995796
9.708851, 3.814130, 0.000000, 0.000000, 0.000000, 0.091595, 0.995796
9.708851, 3.814130, 0.000000, 0.000000, 0.000000, 0.091595, 0.995796
9.717691, 3.817725, 0.000000, 0.000000, 0.000000, 0.097591, 0.995227
9.717691, 3.817725, 0.000000, 0.000000, 0.000000, 0.097591, 0.995227
9.726507, 3.821434, 0.000000, 0.000000, 0.000000, 0.103598, 0.994619
9.726507, 3.821434, 0.000000, 0.000000, 0.000000, 0.103598, 0.994619
9.726507, 3.821434, 0.000000, 0.000000, 0.000000, 0.103598, 0.994619
9.735297, 3.825256, 0.000000, 0.000000, 0.000000, 0.109615, 0.993974
9.735297, 3.825256, 0.000000, 0.000000, 0.000000, 0.109615, 0.993974
9.744058, 3.829192, 0.000000, 0.000000, 0.000000, 0.115641, 0.993291
9.744058, 3.829192, 0.000000, 0.000000, 0.000000, 0.115641, 0.993291
9.752789, 3.833241, 0.000000, 0.000000, 0.000000, 0.121675, 0.992570
9.752789, 3.833241, 0.000000, 0.000000, 0.000000, 0.121675, 0.992570
9.761486, 3.837402, 0.000000, 0.000000, 0.000000, 0.127716, 0.991811
9.761486, 3.837402, 0.000000, 0.000000, 0.000000, 0.127716, 0.991811
9.761486, 3.837402, 0.000000, 0.000000, 0.000000, 0.127716, 0.991811
9.770147, 3.841677, 0.000000, 0.000000, 0.000000, 0.133764, 0.991013
9.770147, 3.841677, 0.000000, 0.000000, 0.000000, 0.133764, 0.991013
9.778770, 3.846063, 0.000000, 0.000000, 0.000000, 0.139818, 0.990177
9.778770, 3.846063, 0.000000, 0.000000, 0.000000, 0.139818, 0.990177
9.787353, 3.850561, 0.000000, 0.000000, 0.000000, 0.145876, 0.989303
9.787353, 3.850561, 0.000000, 0.000000, 0.000000, 0.145876, 0.989303
9.795894, 3.855170, 0.000000, 0.000000, 0.000000, 0.151938, 0.988390
9.795894, 3.855170, 0.000000, 0.000000, 0.000000, 0.151938, 0.988390
9.795894, 3.855170, 0.000000, 0.000000, 0.000000, 0.151938, 0.988390
9.804390, 3.859890, 0.000000, 0.000000, 0.000000, 0.158004, 0.987438
9.812839, 3.864720, 0.000000, 0.000000, 0.000000, 0.164073, 0.986448
9.812839, 3.864720, 0.000000, 0.000000, 0.000000, 0.164073, 0.986448
9.812839, 3.864720, 0.000000, 0.000000, 0.000000, 0.164073, 0.986448
9.821240, 3.869659, 0.000000, 0.000000, 0.000000, 0.170143, 0.985419
9.821240, 3.869659, 0.000000, 0.000000, 0.000000, 0.170143, 0.985419
9.829589, 3.874708, 0.000000, 0.000000, 0.000000, 0.176216, 0.984352
9.829589, 3.874708, 0.000000, 0.000000, 0.000000, 0.176216, 0.984352
9.829589, 3.874708, 0.000000, 0.000000, 0.000000, 0.176216, 0.984352
9.837886, 3.879864, 0.000000, 0.000000, 0.000000, 0.182289, 0.983245
9.837886, 3.879864, 0.000000, 0.000000, 0.000000, 0.182289, 0.983245
9.846128, 3.885128, 0.000000, 0.000000, 0.000000, 0.188362, 0.982100
9.846128, 3.885128, 0.000000, 0.000000, 0.000000, 0.188362, 0.982100
9.846128, 3.885128, 0.000000, 0.000000, 0.000000, 0.188362, 0.982100
9.854314, 3.890499, 0.000000, 0.000000, 0.000000, 0.194435, 0.980915
9.854314, 3.890499, 0.000000, 0.000000, 0.000000, 0.194435, 0.980915
9.862441, 3.895976, 0.000000, 0.000000, 0.000000, 0.200507, 0.979692
9.862441, 3.895976, 0.000000, 0.000000, 0.000000, 0.200507, 0.979692
9.862441, 3.895976, 0.000000, 0.000000, 0.000000, 0.200507, 0.979692
9.870507, 3.901558, 0.000000, 0.000000, 0.000000, 0.206577, 0.978430
9.870507, 3.901558, 0.000000, 0.000000, 0.000000, 0.206577, 0.978430
9.878511, 3.907245, 0.000000, 0.000000, 0.000000, 0.212645, 0.977129
9.878511, 3.907245, 0.000000, 0.000000, 0.000000, 0.212645, 0.977129
9.886452, 3.913036, 0.000000, 0.000000, 0.000000, 0.218711, 0.975790
9.886452, 3.913036, 0.000000, 0.000000, 0.000000, 0.218711, 0.975790
9.894326, 3.918929, 0.000000, 0.000000, 0.000000, 0.224773, 0.974411
9.894326, 3.918929, 0.000000, 0.000000, 0.000000, 0.224773, 0.974411
9.894326, 3.918929, 0.000000, 0.000000, 0.000000, 0.224773, 0.974411
9.902133, 3.924924, 0.000000, 0.000000, 0.000000, 0.230832, 0.972994
9.902133, 3.924924, 0.000000, 0.000000, 0.000000, 0.230832, 0.972994
9.909871, 3.931020, 0.000000, 0.000000, 0.000000, 0.236887, 0.971537
9.909871, 3.931020, 0.000000, 0.000000, 0.000000, 0.236887, 0.971537
9.917538, 3.937217, 0.000000, 0.000000, 0.000000, 0.242937, 0.970042
9.917538, 3.937217, 0.000000, 0.000000, 0.000000, 0.242937, 0.970042
9.925132, 3.943512, 0.000000, 0.000000, 0.000000, 0.248982, 0.968508
9.925132, 3.943512, 0.000000, 0.000000, 0.000000, 0.248982, 0.968508
9.925132, 3.943512, 0.000000, 0.000000, 0.000000, 0.248982, 0.968508
9.932653, 3.949906, 0.000000, 0.000000, 0.000000, 0.255022, 0.966935
9.940098, 3.956397, 0.000000, 0.000000, 0.000000, 0.261055, 0.965324
9.940098, 3.956397, 0.000000, 0.000000, 0.000000, 0.261055, 0.965324
9.940098, 3.956397, 0.000000, 0.000000, 0.000000, 0.261055, 0.965324
9.947466, 3.962984, 0.000000, 0.000000, 0.000000, 0.267082, 0.963674
9.947466, 3.962984, 0.000000, 0.000000, 0.000000, 0.267082, 0.963674
9.954755, 3.969666, 0.000000, 0.000000, 0.000000, 0.273102, 0.961985
9.954755, 3.969666, 0.000000, 0.000000, 0.000000, 0.273102, 0.961985
9.961964, 3.976442, 0.000000, 0.000000, 0.000000, 0.279115, 0.960258
9.961964, 3.976442, 0.000000, 0.000000, 0.000000, 0.279115, 0.960258
9.969092, 3.983312, 0.000000, 0.000000, 0.000000, 0.285120, 0.958492
9.969092, 3.983312, 0.000000, 0.000000, 0.000000, 0.285120, 0.958492
9.969092, 3.983312, 0.000000, 0.000000, 0.000000, 0.285120, 0.958492
9.976136, 3.990273, 0.000000, 0.000000, 0.000000, 0.291117, 0.956687
9.976136, 3.990273, 0.000000, 0.000000, 0.000000, 0.291117, 0.956687
9.983097, 3.997325, 0.000000, 0.000000, 0.000000, 0.297106, 0.954845
9.983097, 3.997325, 0.000000, 0.000000, 0.000000, 0.297106, 0.954845
9.983097, 3.997325, 0.000000, 0.000000, 0.000000, 0.297106, 0.954845
9.989971, 4.004466, 0.000000, 0.000000, 0.000000, 0.303085, 0.952963
9.989971, 4.004466, 0.000000, 0.000000, 0.000000, 0.303085, 0.952963
9.996758, 4.011697, 0.000000, 0.000000, 0.000000, 0.309056, 0.951044
9.996758, 4.011697, 0.000000, 0.000000, 0.000000, 0.309056, 0.951044
10.003457, 4.019014, 0.000000, 0.000000, 0.000000, 0.315016, 0.949086
10.003457, 4.019014, 0.000000, 0.000000, 0.000000, 0.315016, 0.949086
10.010067, 4.026418, 0.000000, 0.000000, 0.000000, 0.320967, 0.947090
10.010067, 4.026418, 0.000000, 0.000000, 0.000000, 0.320967, 0.947090
10.010067, 4.026418, 0.000000, 0.000000, 0.000000, 0.320967, 0.947090
10.016585, 4.033906, 0.000000, 0.000000, 0.000000, 0.326907, 0.945056
10.016585, 4.033906, 0.000000, 0.000000, 0.000000, 0.326907, 0.945056
10.023011, 4.041479, 0.000000, 0.000000, 0.000000, 0.332837, 0.942984
10.023011, 4.041479, 0.000000, 0.000000, 0.000000, 0.332837, 0.942984
10.029343, 4.049134, 0.000000, 0.000000, 0.000000, 0.338755, 0.940875
10.029343, 4.049134, 0.000000, 0.000000, 0.000000, 0.338755, 0.940875
10.035581, 4.056870, 0.000000, 0.000000, 0.000000, 0.344662, 0.938727
10.035581, 4.056870, 0.000000, 0.000000, 0.000000, 0.344662, 0.938727
10.035581, 4.056870, 0.000000, 0.000000, 0.000000, 0.344662, 0.938727
10.041724, 4.064686, 0.000000, 0.000000, 0.000000, 0.350557, 0.936541
10.047769, 4.072581, 0.000000, 0.000000, 0.000000, 0.356440, 0.934318
10.047769, 4.072581, 0.000000, 0.000000, 0.000000, 0.356440, 0.934318
10.047769, 4.072581, 0.000000, 0.000000, 0.000000, 0.356440, 0.934318
10.053716, 4.080554, 0.000000, 0.000000, 0.000000, 0.362311, 0.932057
10.053716, 4.080554, 0.000000, 0.000000, 0.000000, 0.362311, 0.932057
10.059564, 4.088603, 0.000000, 0.000000, 0.000000, 0.368169, 0.929759
10.059564, 4.088603, 0.000000, 0.000000, 0.000000, 0.368169, 0.929759
10.059564, 4.088603, 0.000000, 0.000000, 0.000000, 0.368169, 0.929759
10.065312, 4.096726, 0.000000, 0.000000, 0.000000, 0.374013, 0.927423
10.065312, 4.096726, 0.000000, 0.000000, 0.000000, 0.374013, 0.927423
10.070958, 4.104923, 0.000000, 0.000000, 0.000000, 0.379845, 0.925050
10.070958, 4.104923, 0.000000, 0.000000, 0.000000, 0.379845, 0.925050
10.070958, 4.104923, 0.000000, 0.000000, 0.000000, 0.379845, 0.925050
10.076502, 4.113193, 0.000000, 0.000000, 0.000000, 0.385663, 0.922640
10.076502, 4.113193, 0.000000, 0.000000, 0.000000, 0.385663, 0.922640
10.081943, 4.121533, 0.000000, 0.000000, 0.000000, 0.391466, 0.920192
10.081943, 4.121533, 0.000000, 0.000000, 0.000000, 0.391466, 0.920192
10.081943, 4.121533, 0.000000, 0.000000, 0.000000, 0.391466, 0.920192
10.087279, 4.129942, 0.000000, 0.000000, 0.000000, 0.397256, 0.917708
10.087279, 4.129942, 0.000000, 0.000000, 0.000000, 0.397256, 0.917708
10.092510, 4.138420, 0.000000, 0.000000, 0.000000, 0.403030, 0.915187
10.092510, 4.138420, 0.000000, 0.000000, 0.000000, 0.403030, 0.915187
10.092510, 4.138420, 0.000000, 0.000000, 0.000000, 0.403030, 0.915187
10.097635, 4.146965, 0.000000, 0.000000, 0.000000, 0.408790, 0.912628
10.097635, 4.146965, 0.000000, 0.000000, 0.000000, 0.408790, 0.912628
10.102652, 4.155575, 0.000000, 0.000000, 0.000000, 0.414535, 0.910033
10.102652, 4.155575, 0.000000, 0.000000, 0.000000, 0.414535, 0.910033
10.102652, 4.155575, 0.000000, 0.000000, 0.000000, 0.414535, 0.910033
10.107562, 4.164249, 0.000000, 0.000000, 0.000000, 0.420264, 0.907402
10.107562, 4.164249, 0.000000, 0.000000, 0.000000, 0.420264, 0.907402
10.112362, 4.172985, 0.000000, 0.000000, 0.000000, 0.425977, 0.904734
10.112362, 4.172985, 0.000000, 0.000000, 0.000000, 0.425977, 0.904734
10.112362, 4.172985, 0.000000, 0.000000, 0.000000, 0.425977, 0.904734
10.117053, 4.181783, 0.000000, 0.000000, 0.000000, 0.431675, 0.902029
10.117053, 4.181783, 0.000000, 0.000000, 0.000000, 0.431675, 0.902029
10.121633, 4.190640, 0.000000, 0.000000, 0.000000, 0.437356, 0.899289
10.121633, 4.190640, 0.000000, 0.000000, 0.000000, 0.437356, 0.899289
10.121633, 4.190640, 0.000000, 0.000000, 0.000000, 0.437356, 0.899289
10.126102, 4.199556, 0.000000, 0.000000, 0.000000, 0.443020, 0.896512
10.126102, 4.199556, 0.000000, 0.000000, 0.000000, 0.443020, 0.896512
10.130459, 4.208528, 0.000000, 0.000000, 0.000000, 0.448668, 0.893699
10.130459, 4.208528, 0.000000, 0.000000, 0.000000, 0.448668, 0.893699
10.130459, 4.208528, 0.000000, 0.000000, 0.000000, 0.448668, 0.893699
10.134702, 4.217556, 0.000000, 0.000000, 0.000000, 0.454298, 0.890850
10.134702, 4.217556, 0.000000, 0.000000, 0.000000, 0.454298, 0.890850
10.138832, 4.226638, 0.000000, 0.000000, 0.000000, 0.459911, 0.887965
10.138832, 4.226638, 0.000000, 0.000000, 0.000000, 0.459911, 0.887965
10.138832, 4.226638, 0.000000, 0.000000, 0.000000, 0.459911, 0.887965
10.142847, 4.235772, 0.000000, 0.000000, 0.000000, 0.465507, 0.885044
10.142847, 4.235772, 0.000000, 0.000000, 0.000000, 0.465507, 0.885044
10.146747, 4.244957, 0.000000, 0.000000, 0.000000, 0.471084, 0.882088
10.146747, 4.244957, 0.000000, 0.000000, 0.000000, 0.471084, 0.882088
10.146747, 4.244957, 0.000000, 0.000000, 0.000000, 0.471084, 0.882088
10.150532, 4.254191, 0.000000, 0.000000, 0.000000, 0.476644, 0.879097
10.150532, 4.254191, 0.000000, 0.000000, 0.000000, 0.476644, 0.879097
10.154200, 4.263473, 0.000000, 0.000000, 0.000000, 0.482184, 0.876070
10.154200, 4.263473, 0.000000, 0.000000, 0.000000, 0.482184, 0.876070
10.154200, 4.263473, 0.000000, 0.000000, 0.000000, 0.482184, 0.876070
10.157750, 4.272802, 0.000000, 0.000000, 0.000000, 0.487707, 0.873008
10.157750, 4.272802, 0.000000, 0.000000, 0.000000, 0.487707, 0.873008
10.161183, 4.282176, 0.000000, 0.000000, 0.000000, 0.493210, 0.869910
10.161183, 4.282176, 0.000000, 0.000000, 0.000000, 0.493210, 0.869910
10.161183, 4.282176, 0.000000, 0.000000, 0.000000, 0.493210, 0.869910
10.164498, 4.291593, 0.000000, 0.000000, 0.000000, 0.498694, 0.866778
10.164498, 4.291593, 0.000000, 0.000000, 0.000000, 0.498694, 0.866778
10.167694, 4.301051, 0.000000, 0.000000, 0.000000, 0.504158, 0.863611
10.167694, 4.301051, 0.000000, 0.000000, 0.000000, 0.504158, 0.863611
10.167694, 4.301051, 0.000000, 0.000000, 0.000000, 0.504158, 0.863611
10.170770, 4.310551, 0.000000, 0.000000, 0.000000, 0.509603, 0.860409
10.170770, 4.310551, 0.000000, 0.000000, 0.000000, 0.509603, 0.860409
10.173726, 4.320088, 0.000000, 0.000000, 0.000000, 0.515028, 0.857173
10.173726, 4.320088, 0.000000, 0.000000, 0.000000, 0.515028, 0.857173
10.173726, 4.320088, 0.000000, 0.000000, 0.000000, 0.515028, 0.857173
10.176562, 4.329664, 0.000000, 0.000000, 0.000000, 0.520433, 0.853902
10.176562, 4.329664, 0.000000, 0.000000, 0.000000, 0.520433, 0.853902
10.179276, 4.339274, 0.000000, 0.000000, 0.000000, 0.525818, 0.850597
10.179276, 4.339274, 0.000000, 0.000000, 0.000000, 0.525818, 0.850597
10.179276, 4.339274, 0.000000, 0.000000, 0.000000, 0.525818, 0.850597
10.181870, 4.348919, 0.000000, 0.000000, 0.000000, 0.531181, 0.847258
10.181870, 4.348919, 0.000000, 0.000000, 0.000000, 0.531181, 0.847258
10.184341, 4.358597, 0.000000, 0.000000, 0.000000, 0.536524, 0.843885
10.184341, 4.358597, 0.000000, 0.000000, 0.000000, 0.536524, 0.843885
10.184341, 4.358597, 0.000000, 0.000000, 0.000000, 0.536524, 0.843885
10.186690, 4.368305, 0.000000, 0.000000, 0.000000, 0.541846, 0.840478
10.186690, 4.368305, 0.000000, 0.000000, 0.000000, 0.541846, 0.840478
10.188916, 4.378043, 0.000000, 0.000000, 0.000000, 0.547147, 0.837037
10.188916, 4.378043, 0.000000, 0.000000, 0.000000, 0.547147, 0.837037
10.188916, 4.378043, 0.000000, 0.000000, 0.000000, 0.547147, 0.837037
10.191019, 4.387809, 0.000000, 0.000000, 0.000000, 0.552426, 0.833562
10.191019, 4.387809, 0.000000, 0.000000, 0.000000, 0.552426, 0.833562
10.192999, 4.397601, 0.000000, 0.000000, 0.000000, 0.557683, 0.830054
10.192999, 4.397601, 0.000000, 0.000000, 0.000000, 0.557683, 0.830054
10.192999, 4.397601, 0.000000, 0.000000, 0.000000, 0.557683, 0.830054
10.194855, 4.407418, 0.000000, 0.000000, 0.000000, 0.562918, 0.826513
10.194855, 4.407418, 0.000000, 0.000000, 0.000000, 0.562918, 0.826513
10.196586, 4.417258, 0.000000, 0.000000, 0.000000, 0.568131, 0.822938
10.196586, 4.417258, 0.000000, 0.000000, 0.000000, 0.568131, 0.822938
10.196586, 4.417258, 0.000000, 0.000000, 0.000000, 0.568131, 0.822938
10.198194, 4.427119, 0.000000, 0.000000, 0.000000, 0.573321, 0.819331
10.198194, 4.427119, 0.000000, 0.000000, 0.000000, 0.573321, 0.819331
10.199676, 4.437001, 0.000000, 0.000000, 0.000000, 0.578489, 0.815690
10.199676, 4.437001, 0.000000, 0.000000, 0.000000, 0.578489, 0.815690
10.199676, 4.437001, 0.000000, 0.000000, 0.000000, 0.578489, 0.815690
10.201034, 4.446900, 0.000000, 0.000000, 0.000000, 0.583633, 0.812017
10.201034, 4.446900, 0.000000, 0.000000, 0.000000, 0.583633, 0.812017
10.202266, 4.456817, 0.000000, 0.000000, 0.000000, 0.588755, 0.808311
10.202266, 4.456817, 0.000000, 0.000000, 0.000000, 0.588755, 0.808311
10.202266, 4.456817, 0.000000, 0.000000, 0.000000, 0.588755, 0.808311
10.203373, 4.466748, 0.000000, 0.000000, 0.000000, 0.593853, 0.804573
10.203373, 4.466748, 0.000000, 0.000000, 0.000000, 0.593853, 0.804573
10.204355, 4.476693, 0.000000, 0.000000, 0.000000, 0.598928, 0.800803
10.204355, 4.476693, 0.000000, 0.000000, 0.000000, 0.598928, 0.800803
10.204355, 4.476693, 0.000000, 0.000000, 0.000000, 0.598928, 0.800803
10.205210, 4.486650, 0.000000, 0.000000, 0.000000, 0.603979, 0.797000
10.205210, 4.486650, 0.000000, 0.000000, 0.000000, 0.603979, 0.797000
10.205940, 4.496617, 0.000000, 0.000000, 0.000000, 0.609006, 0.793165
10.205940, 4.496617, 0.000000, 0.000000, 0.000000, 0.609006, 0.793165
10.205940, 4.496617, 0.000000, 0.000000, 0.000000, 0.609006, 0.793165
10.206543, 4.506593, 0.000000, 0.000000, 0.000000, 0.614009, 0.789299
10.206543, 4.506593, 0.000000, 0.000000, 0.000000, 0.614009, 0.789299
10.207021, 4.516577, 0.000000, 0.000000, 0.000000, 0.618987, 0.785401
10.207021, 4.516577, 0.000000, 0.000000, 0.000000, 0.618987, 0.785401
10.207021, 4.516577, 0.000000, 0.000000, 0.000000, 0.618987, 0.785401
10.207372, 4.526565, 0.000000, 0.000000, 0.000000, 0.623941, 0.781471
10.207372, 4.526565, 0.000000, 0.000000, 0.000000, 0.623941, 0.781471
10.207597, 4.536558, 0.000000, 0.000000, 0.000000, 0.628870, 0.777510
10.207597, 4.536558, 0.000000, 0.000000, 0.000000, 0.628870, 0.777510
10.207597, 4.536558, 0.000000, 0.000000, 0.000000, 0.628870, 0.777510
10.207695, 4.546552, 0.000000, 0.000000, 0.000000, 0.633774, 0.773518
10.207695, 4.546552, 0.000000, 0.000000, 0.000000, 0.633774, 0.773518
10.207667, 4.556548, 0.000000, 0.000000, 0.000000, 0.638653, 0.769495
10.207667, 4.556548, 0.000000, 0.000000, 0.000000, 0.638653, 0.769495
10.207667, 4.556548, 0.000000, 0.000000, 0.000000, 0.638653, 0.769495
10.207513, 4.566542, 0.000000, 0.000000, 0.000000, 0.643506, 0.765441
10.207513, 4.566542, 0.000000, 0.000000, 0.000000, 0.643506, 0.765441
10.207232, 4.576534, 0.000000, 0.000000, 0.000000, 0.648334, 0.761356
10.207232, 4.576534, 0.000000, 0.000000, 0.000000, 0.648334, 0.761356
10.207232, 4.576534, 0.000000, 0.000000, 0.000000, 0.648334, 0.761356
10.206825, 4.586522, 0.000000, 0.000000, 0.000000, 0.653136, 0.757241
10.206825, 4.586522, 0.000000, 0.000000, 0.000000, 0.653136, 0.757241
10.206291, 4.596504, 0.000000, 0.000000, 0.000000, 0.657911, 0.753095
10.206291, 4.596504, 0.000000, 0.000000, 0.000000, 0.657911, 0.753095
10.206291, 4.596504, 0.000000, 0.000000, 0.000000, 0.657911, 0.753095
10.205632, 4.606479, 0.000000, 0.000000, 0.000000, 0.662661, 0.748920
10.205632, 4.606479, 0.000000, 0.000000, 0.000000, 0.662661, 0.748920
10.204846, 4.616444, 0.000000, 0.000000, 0.000000, 0.667384, 0.744714
10.204846, 4.616444, 0.000000, 0.000000, 0.000000, 0.667384, 0.744714
10.204846, 4.616444, 0.000000, 0.000000, 0.000000, 0.667384, 0.744714
10.203934, 4.626399, 0.000000, 0.000000, 0.000000, 0.672081, 0.740478
10.203934, 4.626399, 0.000000, 0.000000, 0.000000, 0.672081, 0.740478
10.202897, 4.636342, 0.000000, 0.000000, 0.000000, 0.676750, 0.736213
10.202897, 4.636342, 0.000000, 0.000000, 0.000000, 0.676750, 0.736213
10.202897, 4.636342, 0.000000, 0.000000, 0.000000, 0.676750, 0.736213
10.201734, 4.646272, 0.000000, 0.000000, 0.000000, 0.681393, 0.731918
10.201734, 4.646272, 0.000000, 0.000000, 0.000000, 0.681393, 0.731918
10.200445, 4.656185, 0.000000, 0.000000, 0.000000, 0.686009, 0.727593
10.200445, 4.656185, 0.000000, 0.000000, 0.000000, 0.686009, 0.727593
10.200445, 4.656185, 0.000000, 0.000000, 0.000000, 0.686009, 0.727593
10.199031, 4.666082, 0.000000, 0.000000, 0.000000, 0.690597, 0.723240
10.199031, 4.666082, 0.000000, 0.000000, 0.000000, 0.690597, 0.723240
10.197492, 4.675960, 0.000000, 0.000000, 0.000000, 0.695157, 0.718858
10.197492, 4.675960, 0.000000, 0.000000, 0.000000, 0.695157, 0.718858
10.197492, 4.675960, 0.000000, 0.000000, 0.000000, 0.695157, 0.718858
10.195828, 4.685818, 0.000000, 0.000000, 0.000000, 0.699690, 0.714446
10.195828, 4.685818, 0.000000, 0.000000, 0.000000, 0.699690, 0.714446
10.194039, 4.695655, 0.000000, 0.000000, 0.000000, 0.704195, 0.710007
10.194039, 4.695655, 0.000000, 0.000000, 0.000000, 0.704195, 0.710007
10.194039, 4.695655, 0.000000, 0.000000, 0.000000, 0.704195, 0.710007
10.192126, 4.705468, 0.000000, 0.000000, 0.000000, 0.708672, 0.705538
10.192126, 4.705468, 0.000000, 0.000000, 0.000000, 0.708672, 0.705538
10.190089, 4.715256, 0.000000, 0.000000, 0.000000, 0.713120, 0.701042
10.190089, 4.715256, 0.000000, 0.000000, 0.000000, 0.713120, 0.701042
10.190089, 4.715256, 0.000000, 0.000000, 0.000000, 0.713120, 0.701042
10.187929, 4.725018, 0.000000, 0.000000, 0.000000, 0.717540, 0.696517
10.187929, 4.725018, 0.000000, 0.000000, 0.000000, 0.717540, 0.696517
10.185645, 4.734752, 0.000000, 0.000000, 0.000000, 0.721932, 0.691964
10.185645, 4.734752, 0.000000, 0.000000, 0.000000, 0.721932, 0.691964
10.185645, 4.734752, 0.000000, 0.000000, 0.000000, 0.721932, 0.691964
10.183238, 4.744456, 0.000000, 0.000000, 0.000000, 0.726294, 0.687384
10.183238, 4.744456, 0.000000, 0.000000, 0.000000, 0.726294, 0.687384
10.180708, 4.754129, 0.000000, 0.000000, 0.000000, 0.730628, 0.682776
10.180708, 4.754129, 0.000000, 0.000000, 0.000000, 0.730628, 0.682776
10.180708, 4.754129, 0.000000, 0.000000, 0.000000, 0.730628, 0.682776
10.178057, 4.763769, 0.000000, 0.000000, 0.000000, 0.734932, 0.678141
10.178057, 4.763769, 0.000000, 0.000000, 0.000000, 0.734932, 0.678141
10.175283, 4.773375, 0.000000, 0.000000, 0.000000, 0.739207, 0.673479
10.175283, 4.773375, 0.000000, 0.000000, 0.000000, 0.739207, 0.673479
10.175283, 4.773375, 0.000000, 0.000000, 0.000000, 0.739207, 0.673479
10.172389, 4.782945, 0.000000, 0.000000, 0.000000, 0.743452, 0.668789
10.172389, 4.782945, 0.000000, 0.000000, 0.000000, 0.743452, 0.668789
10.169373, 4.792478, 0.000000, 0.000000, 0.000000, 0.747668, 0.664073
10.169373, 4.792478, 0.000000, 0.000000, 0.000000, 0.747668, 0.664073
10.169373, 4.792478, 0.000000, 0.000000, 0.000000, 0.747668, 0.664073
10.166237, 4.801972, 0.000000, 0.000000, 0.000000, 0.751853, 0.659330
10.166237, 4.801972, 0.000000, 0.000000, 0.000000, 0.751853, 0.659330
10.162981, 4.811426, 0.000000, 0.000000, 0.000000, 0.756009, 0.654561
10.162981, 4.811426, 0.000000, 0.000000, 0.000000, 0.756009, 0.654561
10.162981, 4.811426, 0.000000, 0.000000, 0.000000, 0.756009, 0.654561
10.159606, 4.820838, 0.000000, 0.000000, 0.000000, 0.760135, 0.649766
10.159606, 4.820838, 0.000000, 0.000000, 0.000000, 0.760135, 0.649766
10.156112, 4.830206, 0.000000, 0.000000, 0.000000, 0.764230, 0.644944
10.156112, 4.830206, 0.000000, 0.000000, 0.000000, 0.764230, 0.644944
10.156112, 4.830206, 0.000000, 0.000000, 0.000000, 0.764230, 0.644944
10.152500, 4.839530, 0.000000, 0.000000, 0.000000, 0.768294, 0.640097
10.152500, 4.839530, 0.000000, 0.000000, 0.000000, 0.768294, 0.640097
10.148770, 4.848807, 0.000000, 0.000000, 0.000000, 0.772328, 0.635224
10.148770, 4.848807, 0.000000, 0.000000, 0.000000, 0.772328, 0.635224
10.148770, 4.848807, 0.000000, 0.000000, 0.000000, 0.772328, 0.635224
10.144923, 4.858036, 0.000000, 0.000000, 0.000000, 0.776331, 0.630326
10.144923, 4.858036, 0.000000, 0.000000, 0.000000, 0.776331, 0.630326
10.140959, 4.867216, 0.000000, 0.000000, 0.000000, 0.780303, 0.625402
10.140959, 4.867216, 0.000000, 0.000000, 0.000000, 0.780303, 0.625402
10.140959, 4.867216, 0.000000, 0.000000, 0.000000, 0.780303, 0.625402
10.136880, 4.876345, 0.000000, 0.000000, 0.000000, 0.784243, 0.620453
10.132685, 4.885422, 0.000000, 0.000000, 0.000000, 0.788153, 0.615480
10.132685, 4.885422, 0.000000, 0.000000, 0.000000, 0.788153, 0.615480
10.132685, 4.885422, 0.000000, 0.000000, 0.000000, 0.788153, 0.615480
10.128376, 4.894445, 0.000000, 0.000000, 0.000000, 0.792030, 0.610482
10.128376, 4.894445, 0.000000, 0.000000, 0.000000, 0.792030, 0.610482
10.123954, 4.903413, 0.000000, 0.000000, 0.000000, 0.795876, 0.605459
10.123954, 4.903413, 0.000000, 0.000000, 0.000000, 0.795876, 0.605459
10.119418, 4.912324, 0.000000, 0.000000, 0.000000, 0.799691, 0.600412
10.119418, 4.912324, 0.000000, 0.000000, 0.000000, 0.799691, 0.600412
10.114769, 4.921177, 0.000000, 0.000000, 0.000000, 0.803473, 0.595341
10.114769, 4.921177, 0.000000, 0.000000, 0.000000, 0.803473, 0.595341
10.114769, 4.921177, 0.000000, 0.000000, 0.000000, 0.803473, 0.595341
10.110009, 4.929971, 0.000000, 0.000000, 0.000000, 0.807223, 0.590247
10.110009, 4.929971, 0.000000, 0.000000, 0.000000, 0.807223, 0.590247
10.105138, 4.938703, 0.000000, 0.000000, 0.000000, 0.810941, 0.585128
10.105138, 4.938703, 0.000000, 0.000000, 0.000000, 0.810941, 0.585128
10.105138, 4.938703, 0.000000, 0.000000, 0.000000, 0.810941, 0.585128
10.100157, 4.947374, 0.000000, 0.000000, 0.000000, 0.814626, 0.579986
10.100157, 4.947374, 0.000000, 0.000000, 0.000000, 0.814626, 0.579986
10.095067, 4.955980, 0.000000, 0.000000, 0.000000, 0.818279, 0.574821
10.095067, 4.955980, 0.000000, 0.000000, 0.000000, 0.818279, 0.574821
10.095067, 4.955980, 0.000000, 0.000000, 0.000000, 0.818279, 0.574821
10.089868, 4.964522, 0.000000, 0.000000, 0.000000, 0.821899, 0.569633
10.089868, 4.964522, 0.000000, 0.000000, 0.000000, 0.821899, 0.569633
10.084561, 4.972997, 0.000000, 0.000000, 0.000000, 0.825486, 0.564422
10.084561, 4.972997, 0.000000, 0.000000, 0.000000, 0.825486, 0.564422
10.084561, 4.972997, 0.000000, 0.000000, 0.000000, 0.825486, 0.564422
10.079148, 4.981405, 0.000000, 0.000000, 0.000000, 0.829040, 0.559189
10.079148, 4.981405, 0.000000, 0.000000, 0.000000, 0.829040, 0.559189
10.073629, 4.989743, 0.000000, 0.000000, 0.000000, 0.832561, 0.553933
10.073629, 4.989743, 0.000000, 0.000000, 0.000000, 0.832561, 0.553933
10.068004, 4.998011, 0.000000, 0.000000, 0.000000, 0.836049, 0.548655
10.068004, 4.998011, 0.000000, 0.000000, 0.000000, 0.836049, 0.548655
10.062276, 5.006207, 0.000000, 0.000000, 0.000000, 0.839503, 0.543355
10.062276, 5.006207, 0.000000, 0.000000, 0.000000, 0.839503, 0.543355
10.062276, 5.006207, 0.000000, 0.000000, 0.000000, 0.839503, 0.543355
10.056444, 5.014330, 0.000000, 0.000000, 0.000000, 0.842924, 0.538033
10.050510, 5.022378, 0.000000, 0.000000, 0.000000, 0.846311, 0.532690
10.050510, 5.022378, 0.000000, 0.000000, 0.000000, 0.846311, 0.532690
10.050510, 5.022378, 0.000000, 0.000000, 0.000000, 0.846311, 0.532690
10.044766, 5.029975, 0.000000, 0.000000, 0.000000, 0.849692, 0.527279
10.044766, 5.029975, 0.000000, 0.000000, 0.000000, 0.849692, 0.527279
10.039524, 5.036759, 0.000000, 0.000000, 0.000000, 0.852892, 0.522087
10.039524, 5.036759, 0.000000, 0.000000, 0.000000, 0.852892, 0.522087
10.034777, 5.042784, 0.000000, 0.000000, 0.000000, 0.855738, 0.517410
10.034777, 5.042784, 0.000000, 0.000000, 0.000000, 0.855738, 0.517410
10.030487, 5.048186, 0.000000, 0.000000, 0.000000, 0.858077, 0.513520
10.030487, 5.048186, 0.000000, 0.000000, 0.000000, 0.858077, 0.513520
10.030487, 5.048186, 0.000000, 0.000000, 0.000000, 0.858077, 0.513520
10.026586, 5.053098, 0.000000, 0.000000, 0.000000, 0.859967, 0.510350
10.026586, 5.053098, 0.000000, 0.000000, 0.000000, 0.859967, 0.510350
10.023018, 5.057627, 0.000000, 0.000000, 0.000000, 0.861499, 0.507760
10.023018, 5.057627, 0.000000, 0.000000, 0.000000, 0.861499, 0.507760
10.019550, 5.062081, 0.000000, 0.000000, 0.000000, 0.862781, 0.505578
10.019550, 5.062081, 0.000000, 0.000000, 0.000000, 0.862781, 0.505578
10.015997, 5.066731, 0.000000, 0.000000, 0.000000, 0.863955, 0.503570
10.015997, 5.066731, 0.000000, 0.000000, 0.000000, 0.863955, 0.503570
10.015997, 5.066731, 0.000000, 0.000000, 0.000000, 0.863955, 0.503570
10.012373, 5.071575, 0.000000, 0.000000, 0.000000, 0.865017, 0.501743
10.012373, 5.071575, 0.000000, 0.000000, 0.000000, 0.865017, 0.501743
10.008695, 5.076612, 0.000000, 0.000000, 0.000000, 0.865961, 0.500111
10.008695, 5.076612, 0.000000, 0.000000, 0.000000, 0.865961, 0.500111
10.008695, 5.076612, 0.000000, 0.000000, 0.000000, 0.865961, 0.500111
10.004972, 5.081838, 0.000000, 0.000000, 0.000000, 0.866780, 0.498690
10.004972, 5.081838, 0.000000, 0.000000, 0.000000, 0.866780, 0.498690
10.001218, 5.087250, 0.000000, 0.000000, 0.000000, 0.867466, 0.497496
10.001218, 5.087250, 0.000000, 0.000000, 0.000000, 0.867466, 0.497496
9.997444, 5.092845, 0.000000, 0.000000, 0.000000, 0.868011, 0.496545
9.997444, 5.092845, 0.000000, 0.000000, 0.000000, 0.868011, 0.496545
9.993661, 5.098619, 0.000000, 0.000000, 0.000000, 0.868408, 0.495851
9.993661, 5.098619, 0.000000, 0.000000, 0.000000, 0.868408, 0.495851
9.993661, 5.098619, 0.000000, 0.000000, 0.000000, 0.868408, 0.495851
9.989881, 5.104571, 0.000000, 0.000000, 0.000000, 0.868648, 0.495429
9.989881, 5.104571, 0.000000, 0.000000, 0.000000, 0.868648, 0.495429
9.986116, 5.110698, 0.000000, 0.000000, 0.000000, 0.868727, 0.495292
9.986116, 5.110698, 0.000000, 0.000000, 0.000000, 0.868727, 0.495292
9.986116, 5.110698, 0.000000, 0.000000, 0.000000, 0.868727, 0.495292
9.982377, 5.116996, 0.000000, 0.000000, 0.000000, 0.868636, 0.495450
9.982377, 5.116996, 0.000000, 0.000000, 0.000000, 0.868636, 0.495450
9.978676, 5.123463, 0.000000, 0.000000, 0.000000, 0.868370, 0.495916
9.978676, 5.123463, 0.000000, 0.000000, 0.000000, 0.868370, 0.495916
9.975024, 5.130098, 0.000000, 0.000000, 0.000000, 0.867923, 0.496699
9.975024, 5.130098, 0.000000, 0.000000, 0.000000, 0.867923, 0.496699
9.971435, 5.136897, 0.000000, 0.000000, 0.000000, 0.867287, 0.497809
9.971435, 5.136897, 0.000000, 0.000000, 0.000000, 0.867287, 0.497809
9.971435, 5.136897, 0.000000, 0.000000, 0.000000, 0.867287, 0.497809
9.967919, 5.143857, 0.000000, 0.000000, 0.000000, 0.866457, 0.499252
9.967919, 5.143857, 0.000000, 0.000000, 0.000000, 0.866457, 0.499252
9.964490, 5.150977, 0.000000, 0.000000, 0.000000, 0.865426, 0.501037
9.964490, 5.150977, 0.000000, 0.000000, 0.000000, 0.865426, 0.501037
9.964490, 5.150977, 0.000000, 0.000000, 0.000000, 0.865426, 0.501037
9.961159, 5.158254, 0.000000, 0.000000, 0.000000, 0.864188, 0.503170
9.961159, 5.158254, 0.000000, 0.000000, 0.000000, 0.864188, 0.503170
9.957940, 5.165684, 0.000000, 0.000000, 0.000000, 0.862735, 0.505656
9.957940, 5.165684, 0.000000, 0.000000, 0.000000, 0.862735, 0.505656
9.957940, 5.165684, 0.000000, 0.000000, 0.000000, 0.862735, 0.505656
9.954844, 5.173264, 0.000000, 0.000000, 0.000000, 0.861062, 0.508500
9.951884, 5.180990, 0.000000, 0.000000, 0.000000, 0.859160, 0.511707
9.951884, 5.180990, 0.000000, 0.000000, 0.000000, 0.859160, 0.511707
9.951884, 5.180990, 0.000000, 0.000000, 0.000000, 0.859160, 0.511707
9.949074, 5.188860, 0.000000, 0.000000, 0.000000, 0.857023, 0.515278
9.949074, 5.188860, 0.000000, 0.000000, 0.000000, 0.857023, 0.515278
9.946426, 5.196868, 0.000000, 0.000000, 0.000000, 0.854643, 0.519217
9.946426, 5.196868, 0.000000, 0.000000, 0.000000, 0.854643, 0.519217
9.943948, 5.205007, 0.000000, 0.000000, 0.000000, 0.852032, 0.523489
9.943948, 5.205007, 0.000000, 0.000000, 0.000000, 0.852032, 0.523489
9.941629, 5.213268, 0.000000, 0.000000, 0.000000, 0.849226, 0.528030
9.941629, 5.213268, 0.000000, 0.000000, 0.000000, 0.849226, 0.528030
9.941629, 5.213268, 0.000000, 0.000000, 0.000000, 0.849226, 0.528030
9.939433, 5.221631, 0.000000, 0.000000, 0.000000, 0.846335, 0.532652
9.937338, 5.230088, 0.000000, 0.000000, 0.000000, 0.843380, 0.537318
9.937338, 5.230088, 0.000000, 0.000000, 0.000000, 0.843380, 0.537318
9.937338, 5.230088, 0.000000, 0.000000, 0.000000, 0.843380, 0.537318
9.935338, 5.238629, 0.000000, 0.000000, 0.000000, 0.840371, 0.542012
9.935338, 5.238629, 0.000000, 0.000000, 0.000000, 0.840371, 0.542012
9.933427, 5.247251, 0.000000, 0.000000, 0.000000, 0.837311, 0.546726
9.933427, 5.247251, 0.000000, 0.000000, 0.000000, 0.837311, 0.546726
9.933427, 5.247251, 0.000000, 0.000000, 0.000000, 0.837311, 0.546726
9.931605, 5.255949, 0.000000, 0.000000, 0.000000, 0.834203, 0.551457
9.931605, 5.255949, 0.000000, 0.000000, 0.000000, 0.834203, 0.551457
9.929872, 5.264719, 0.000000, 0.000000, 0.000000, 0.831048, 0.556200
9.929872, 5.264719, 0.000000, 0.000000, 0.000000, 0.831048, 0.556200
9.929872, 5.264719, 0.000000, 0.000000, 0.000000, 0.831048, 0.556200
9.928229, 5.273558, 0.000000, 0.000000, 0.000000, 0.827847, 0.560954
9.928229, 5.273558, 0.000000, 0.000000, 0.000000, 0.827847, 0.560954
9.926679, 5.282462, 0.000000, 0.000000, 0.000000, 0.824600, 0.565716
9.926679, 5.282462, 0.000000, 0.000000, 0.000000, 0.824600, 0.565716
9.925223, 5.291429, 0.000000, 0.000000, 0.000000, 0.821309, 0.570484
9.925223, 5.291429, 0.000000, 0.000000, 0.000000, 0.821309, 0.570484
9.923864, 5.300455, 0.000000, 0.000000, 0.000000, 0.817973, 0.575257
9.923864, 5.300455, 0.000000, 0.000000, 0.000000, 0.817973, 0.575257
9.923864, 5.300455, 0.000000, 0.000000, 0.000000, 0.817973, 0.575257
9.922602, 5.309536, 0.000000, 0.000000, 0.000000, 0.814593, 0.580032
9.922602, 5.309536, 0.000000, 0.000000, 0.000000, 0.814593, 0.580032
9.921441, 5.318671, 0.000000, 0.000000, 0.000000, 0.811170, 0.584810
9.921441, 5.318671, 0.000000, 0.000000, 0.000000, 0.811170, 0.584810
9.921441, 5.318671, 0.000000, 0.000000, 0.000000, 0.811170, 0.584810
9.920381, 5.327856, 0.000000, 0.000000, 0.000000, 0.807705, 0.589587
9.920381, 5.327856, 0.000000, 0.000000, 0.000000, 0.807705, 0.589587
9.919425, 5.337089, 0.000000, 0.000000, 0.000000, 0.804197, 0.594363
9.919425, 5.337089, 0.000000, 0.000000, 0.000000, 0.804197, 0.594363
9.919425, 5.337089, 0.000000, 0.000000, 0.000000, 0.804197, 0.594363
9.918574, 5.346366, 0.000000, 0.000000, 0.000000, 0.800647, 0.599136
9.918574, 5.346366, 0.000000, 0.000000, 0.000000, 0.800647, 0.599136
9.917829, 5.355685, 0.000000, 0.000000, 0.000000, 0.797056, 0.603906
9.917829, 5.355685, 0.000000, 0.000000, 0.000000, 0.797056, 0.603906
9.917829, 5.355685, 0.000000, 0.000000, 0.000000, 0.797056, 0.603906
9.917192, 5.365043, 0.000000, 0.000000, 0.000000, 0.793424, 0.608670
9.916665, 5.374437, 0.000000, 0.000000, 0.000000, 0.789751, 0.613428
9.916665, 5.374437, 0.000000, 0.000000, 0.000000, 0.789751, 0.613428
9.916665, 5.374437, 0.000000, 0.000000, 0.000000, 0.789751, 0.613428
9.916248, 5.383865, 0.000000, 0.000000, 0.000000, 0.786038, 0.618178
9.916248, 5.383865, 0.000000, 0.000000, 0.000000, 0.786038, 0.618178
9.915943, 5.393324, 0.000000, 0.000000, 0.000000, 0.782285, 0.622920
9.915943, 5.393324, 0.000000, 0.000000, 0.000000, 0.782285, 0.622920
9.915751, 5.402811, 0.000000, 0.000000, 0.000000, 0.778494, 0.627653
9.915751, 5.402811, 0.000000, 0.000000, 0.000000, 0.778494, 0.627653
9.915672, 5.412325, 0.000000, 0.000000, 0.000000, 0.774663, 0.632374
9.915672, 5.412325, 0.000000, 0.000000, 0.000000, 0.774663, 0.632374
9.915672, 5.412325, 0.000000, 0.000000, 0.000000, 0.774663, 0.632374
9.915709, 5.421861, 0.000000, 0.000000, 0.000000, 0.770794, 0.637085
9.915709, 5.421861, 0.000000, 0.000000, 0.000000, 0.770794, 0.637085
9.915861, 5.431419, 0.000000, 0.000000, 0.000000, 0.766886, 0.641783
9.915861, 5.431419, 0.000000, 0.000000, 0.000000, 0.766886, 0.641783
9.915861, 5.431419, 0.000000, 0.000000, 0.000000, 0.766886, 0.641783
9.916130, 5.440995, 0.000000, 0.000000, 0.000000, 0.762941, 0.646468
9.916130, 5.440995, 0.000000, 0.000000, 0.000000, 0.762941, 0.646468
9.916516, 5.450587, 0.000000, 0.000000, 0.000000, 0.758959, 0.651138
9.916516, 5.450587, 0.000000, 0.000000, 0.000000, 0.758959, 0.651138
9.916516, 5.450587, 0.000000, 0.000000, 0.000000, 0.758959, 0.651138
9.917020, 5.460193, 0.000000, 0.000000, 0.000000, 0.754940, 0.655794
9.917642, 5.469809, 0.000000, 0.000000, 0.000000, 0.750884, 0.660434
9.917642, 5.469809, 0.000000, 0.000000, 0.000000, 0.750884, 0.660434
9.917642, 5.469809, 0.000000, 0.000000, 0.000000, 0.750884, 0.660434
9.918383, 5.479435, 0.000000, 0.000000, 0.000000, 0.746792, 0.665058
9.918383, 5.479435, 0.000000, 0.000000, 0.000000, 0.746792, 0.665058
9.919244, 5.489067, 0.000000, 0.000000, 0.000000, 0.742664, 0.669664
9.919244, 5.489067, 0.000000, 0.000000, 0.000000, 0.742664, 0.669664
9.920225, 5.498704, 0.000000, 0.000000, 0.000000, 0.738501, 0.674253
9.920225, 5.498704, 0.000000, 0.000000, 0.000000, 0.738501, 0.674253
9.921327, 5.508342, 0.000000, 0.000000, 0.000000, 0.734302, 0.678823
9.921327, 5.508342, 0.000000, 0.000000, 0.000000, 0.734302, 0.678823
9.921327, 5.508342, 0.000000, 0.000000, 0.000000, 0.734302, 0.678823
9.922549, 5.517981, 0.000000, 0.000000, 0.000000, 0.730069, 0.683374
9.922549, 5.517981, 0.000000, 0.000000, 0.000000, 0.730069, 0.683374
9.923892, 5.527616, 0.000000, 0.000000, 0.000000, 0.725801, 0.687905
9.923892, 5.527616, 0.000000, 0.000000, 0.000000, 0.725801, 0.687905
9.923892, 5.527616, 0.000000, 0.000000, 0.000000, 0.725801, 0.687905
9.925356, 5.537247, 0.000000, 0.000000, 0.000000, 0.721499, 0.692415
9.925356, 5.537247, 0.000000, 0.000000, 0.000000, 0.721499, 0.692415
9.926942, 5.546872, 0.000000, 0.000000, 0.000000, 0.717164, 0.696905
9.926942, 5.546872, 0.000000, 0.000000, 0.000000, 0.717164, 0.696905
9.928649, 5.556487, 0.000000, 0.000000, 0.000000, 0.712795, 0.701373
9.928649, 5.556487, 0.000000, 0.000000, 0.000000, 0.712795, 0.701373
9.928649, 5.556487, 0.000000, 0.000000, 0.000000, 0.712795, 0.701373
9.930478, 5.566092, 0.000000, 0.000000, 0.000000, 0.708392, 0.705819
9.930478, 5.566092, 0.000000, 0.000000, 0.000000, 0.708392, 0.705819
9.930478, 5.566092, 0.000000, 0.000000, 0.000000, 0.708392, 0.705819
9.932428, 5.575683, 0.000000, 0.000000, 0.000000, 0.703958, 0.710242
9.932428, 5.575683, 0.000000, 0.000000, 0.000000, 0.703958, 0.710242
9.934500, 5.585259, 0.000000, 0.000000, 0.000000, 0.699490, 0.714642
9.934500, 5.585259, 0.000000, 0.000000, 0.000000, 0.699490, 0.714642
9.934500, 5.585259, 0.000000, 0.000000, 0.000000, 0.699490, 0.714642
9.936694, 5.594817, 0.000000, 0.000000, 0.000000, 0.694991, 0.719019
9.936694, 5.594817, 0.000000, 0.000000, 0.000000, 0.694991, 0.719019
9.939009, 5.604357, 0.000000, 0.000000, 0.000000, 0.690459, 0.723371
9.939009, 5.604357, 0.000000, 0.000000, 0.000000, 0.690459, 0.723371
9.939009, 5.604357, 0.000000, 0.000000, 0.000000, 0.690459, 0.723371
9.941446, 5.613875, 0.000000, 0.000000, 0.000000, 0.685896, 0.727699
9.941446, 5.613875, 0.000000, 0.000000, 0.000000, 0.685896, 0.727699
9.944005, 5.623370, 0.000000, 0.000000, 0.000000, 0.681302, 0.732002
9.944005, 5.623370, 0.000000, 0.000000, 0.000000, 0.681302, 0.732002
9.944005, 5.623370, 0.000000, 0.000000, 0.000000, 0.681302, 0.732002
9.946684, 5.632839, 0.000000, 0.000000, 0.000000, 0.676677, 0.736280
9.946684, 5.632839, 0.000000, 0.000000, 0.000000, 0.676677, 0.736280
9.949484, 5.642282, 0.000000, 0.000000, 0.000000, 0.672021, 0.740532
9.949484, 5.642282, 0.000000, 0.000000, 0.000000, 0.672021, 0.740532
9.952405, 5.651695, 0.000000, 0.000000, 0.000000, 0.667335, 0.744757
9.952405, 5.651695, 0.000000, 0.000000, 0.000000, 0.667335, 0.744757
9.955446, 5.661077, 0.000000, 0.000000, 0.000000, 0.662619, 0.748956
9.955446, 5.661077, 0.000000, 0.000000, 0.000000, 0.662619, 0.748956
9.955446, 5.661077, 0.000000, 0.000000, 0.000000, 0.662619, 0.748956
9.958608, 5.670427, 0.000000, 0.000000, 0.000000, 0.657874, 0.753128
9.961889, 5.679742, 0.000000, 0.000000, 0.000000, 0.653099, 0.757273
9.961889, 5.679742, 0.000000, 0.000000, 0.000000, 0.653099, 0.757273
9.961889, 5.679742, 0.000000, 0.000000, 0.000000, 0.653099, 0.757273
9.965289, 5.689020, 0.000000, 0.000000, 0.000000, 0.648294, 0.761390
9.965289, 5.689020, 0.000000, 0.000000, 0.000000, 0.648294, 0.761390
9.968808, 5.698259, 0.000000, 0.000000, 0.000000, 0.643461, 0.765479
9.968808, 5.698259, 0.000000, 0.000000, 0.000000, 0.643461, 0.765479
9.968808, 5.698259, 0.000000, 0.000000, 0.000000, 0.643461, 0.765479
9.972446, 5.707459, 0.000000, 0.000000, 0.000000, 0.638600, 0.769539
9.972446, 5.707459, 0.000000, 0.000000, 0.000000, 0.638600, 0.769539
9.976201, 5.716616, 0.000000, 0.000000, 0.000000, 0.633710, 0.773571
9.976201, 5.716616, 0.000000, 0.000000, 0.000000, 0.633710, 0.773571
9.976201, 5.716616, 0.000000, 0.000000, 0.000000, 0.633710, 0.773571
9.980075, 5.725730, 0.000000, 0.000000, 0.000000, 0.628792, 0.777574
9.980075, 5.725730, 0.000000, 0.000000, 0.000000, 0.628792, 0.777574
9.984065, 5.734798, 0.000000, 0.000000, 0.000000, 0.623846, 0.781547
9.984065, 5.734798, 0.000000, 0.000000, 0.000000, 0.623846, 0.781547
9.984065, 5.734798, 0.000000, 0.000000, 0.000000, 0.623846, 0.781547
9.988171, 5.743819, 0.000000, 0.000000, 0.000000, 0.618873, 0.785491
9.988171, 5.743819, 0.000000, 0.000000, 0.000000, 0.618873, 0.785491
9.992393, 5.752791, 0.000000, 0.000000, 0.000000, 0.613873, 0.789405
9.992393, 5.752791, 0.000000, 0.000000, 0.000000, 0.613873, 0.789405
9.992393, 5.752791, 0.000000, 0.000000, 0.000000, 0.613873, 0.789405
9.996720, 5.761717, 0.000000, 0.000000, 0.000000, 0.608894, 0.793252
9.996720, 5.761717, 0.000000, 0.000000, 0.000000, 0.608894, 0.793252
10.001104, 5.770620, 0.000000, 0.000000, 0.000000, 0.604127, 0.796888
10.001104, 5.770620, 0.000000, 0.000000, 0.000000, 0.604127, 0.796888
10.001104, 5.770620, 0.000000, 0.000000, 0.000000, 0.604127, 0.796888
10.005507, 5.779517, 0.000000, 0.000000, 0.000000, 0.599663, 0.800253
10.005507, 5.779517, 0.000000, 0.000000, 0.000000, 0.599663, 0.800253
10.009903, 5.788422, 0.000000, 0.000000, 0.000000, 0.595539, 0.803326
10.009903, 5.788422, 0.000000, 0.000000, 0.000000, 0.595539, 0.803326
10.009903, 5.788422, 0.000000, 0.000000, 0.000000, 0.595539, 0.803326
10.014271, 5.797344, 0.000000, 0.000000, 0.000000, 0.591773, 0.806105
10.014271, 5.797344, 0.000000, 0.000000, 0.000000, 0.591773, 0.806105
10.018597, 5.806290, 0.000000, 0.000000, 0.000000, 0.588373, 0.808590
10.018597, 5.806290, 0.000000, 0.000000, 0.000000, 0.588373, 0.808590
10.018597, 5.806290, 0.000000, 0.000000, 0.000000, 0.588373, 0.808590
10.022869, 5.815266, 0.000000, 0.000000, 0.000000, 0.585346, 0.810783
10.027075, 5.824275, 0.000000, 0.000000, 0.000000, 0.582697, 0.812689
10.027075, 5.824275, 0.000000, 0.000000, 0.000000, 0.582697, 0.812689
10.027075, 5.824275, 0.000000, 0.000000, 0.000000, 0.582697, 0.812689
10.031205, 5.833323, 0.000000, 0.000000, 0.000000, 0.580430, 0.814310
10.031205, 5.833323, 0.000000, 0.000000, 0.000000, 0.580430, 0.814310
10.035250, 5.842412, 0.000000, 0.000000, 0.000000, 0.578546, 0.815650
10.035250, 5.842412, 0.000000, 0.000000, 0.000000, 0.578546, 0.815650
10.039199, 5.851545, 0.000000, 0.000000, 0.000000, 0.577049, 0.816709
10.039199, 5.851545, 0.000000, 0.000000, 0.000000, 0.577049, 0.816709
10.043043, 5.860726, 0.000000, 0.000000, 0.000000, 0.575941, 0.817491
10.043043, 5.860726, 0.000000, 0.000000, 0.000000, 0.575941, 0.817491
10.043043, 5.860726, 0.000000, 0.000000, 0.000000, 0.575941, 0.817491
10.046773, 5.869956, 0.000000, 0.000000, 0.000000, 0.575222, 0.817997
10.046773, 5.869956, 0.000000, 0.000000, 0.000000, 0.575222, 0.817997
10.050379, 5.879237, 0.000000, 0.000000, 0.000000, 0.574894, 0.818228
10.050379, 5.879237, 0.000000, 0.000000, 0.000000, 0.574894, 0.818228
10.050379, 5.879237, 0.000000, 0.000000, 0.000000, 0.574894, 0.818228
10.053874, 5.888563, 0.000000, 0.000000, 0.000000, 0.574857, 0.818254
10.053874, 5.888563, 0.000000, 0.000000, 0.000000, 0.574857, 0.818254
10.057322, 5.897909, 0.000000, 0.000000, 0.000000, 0.574823, 0.818278
10.057322, 5.897909, 0.000000, 0.000000, 0.000000, 0.574823, 0.818278
10.057322, 5.897909, 0.000000, 0.000000, 0.000000, 0.574823, 0.818278
10.060722, 5.907274, 0.000000, 0.000000, 0.000000, 0.574899, 0.818225
10.064114, 5.916644, 0.000000, 0.000000, 0.000000, 0.574911, 0.818216
10.064114, 5.916644, 0.000000, 0.000000, 0.000000, 0.574911, 0.818216
10.064114, 5.916644, 0.000000, 0.000000, 0.000000, 0.574911, 0.818216
10.067479, 5.926026, 0.000000, 0.000000, 0.000000, 0.575008, 0.818148
10.067479, 5.926026, 0.000000, 0.000000, 0.000000, 0.575008, 0.818148
10.070849, 5.935407, 0.000000, 0.000000, 0.000000, 0.575030, 0.818132
10.070849, 5.935407, 0.000000, 0.000000, 0.000000, 0.575030, 0.818132
10.074201, 5.944796, 0.000000, 0.000000, 0.000000, 0.575132, 0.818061
10.074201, 5.944796, 0.000000, 0.000000, 0.000000, 0.575132, 0.818061
10.077563, 5.954184, 0.000000, 0.000000, 0.000000, 0.575157, 0.818043
10.077563, 5.954184, 0.000000, 0.000000, 0.000000, 0.575157, 0.818043
10.077563, 5.954184, 0.000000, 0.000000, 0.000000, 0.575157, 0.818043
10.080909, 5.963578, 0.000000, 0.000000, 0.000000, 0.575260, 0.817970
10.084266, 5.972970, 0.000000, 0.000000, 0.000000, 0.575286, 0.817952
10.084266, 5.972970, 0.000000, 0.000000, 0.000000, 0.575286, 0.817952
10.084266, 5.972970, 0.000000, 0.000000, 0.000000, 0.575286, 0.817952
10.087608, 5.982368, 0.000000, 0.000000, 0.000000, 0.575390, 0.817879
10.087608, 5.982368, 0.000000, 0.000000, 0.000000, 0.575390, 0.817879
10.090962, 5.991764, 0.000000, 0.000000, 0.000000, 0.575416, 0.817861
10.090962, 5.991764, 0.000000, 0.000000, 0.000000, 0.575416, 0.817861
10.094302, 6.001166, 0.000000, 0.000000, 0.000000, 0.575521, 0.817787
10.094302, 6.001166, 0.000000, 0.000000, 0.000000, 0.575521, 0.817787
10.097653, 6.010565, 0.000000, 0.000000, 0.000000, 0.575547, 0.817769
10.097653, 6.010565, 0.000000, 0.000000, 0.000000, 0.575547, 0.817769
10.097653, 6.010565, 0.000000, 0.000000, 0.000000, 0.575547, 0.817769
10.100991, 6.019970, 0.000000, 0.000000, 0.000000, 0.575651, 0.817695
10.100991, 6.019970, 0.000000, 0.000000, 0.000000, 0.575651, 0.817695
10.104340, 6.029371, 0.000000, 0.000000, 0.000000, 0.575678, 0.817677
10.104340, 6.029371, 0.000000, 0.000000, 0.000000, 0.575678, 0.817677
10.104340, 6.029371, 0.000000, 0.000000, 0.000000, 0.575678, 0.817677
10.107675, 6.038779, 0.000000, 0.000000, 0.000000, 0.575782, 0.817603
10.107675, 6.038779, 0.000000, 0.000000, 0.000000, 0.575782, 0.817603
10.111021, 6.048184, 0.000000, 0.000000, 0.000000, 0.575808, 0.817585
10.111021, 6.048184, 0.000000, 0.000000, 0.000000, 0.575808, 0.817585
10.111021, 6.048184, 0.000000, 0.000000, 0.000000, 0.575808, 0.817585
10.114354, 6.057594, 0.000000, 0.000000, 0.000000, 0.575913, 0.817511
10.114354, 6.057594, 0.000000, 0.000000, 0.000000, 0.575913, 0.817511
10.117698, 6.067002, 0.000000, 0.000000, 0.000000, 0.575939, 0.817493
10.117698, 6.067002, 0.000000, 0.000000, 0.000000, 0.575939, 0.817493
10.117698, 6.067002, 0.000000, 0.000000, 0.000000, 0.575939, 0.817493
10.121028, 6.076415, 0.000000, 0.000000, 0.000000, 0.576043, 0.817419
10.121028, 6.076415, 0.000000, 0.000000, 0.000000, 0.576043, 0.817419
10.124369, 6.085824, 0.000000, 0.000000, 0.000000, 0.576070, 0.817401
10.124369, 6.085824, 0.000000, 0.000000, 0.000000, 0.576070, 0.817401
10.127697, 6.095240, 0.000000, 0.000000, 0.000000, 0.576174, 0.817327
10.127697, 6.095240, 0.000000, 0.000000, 0.000000, 0.576174, 0.817327
10.131036, 6.104652, 0.000000, 0.000000, 0.000000, 0.576200, 0.817308
10.131036, 6.104652, 0.000000, 0.000000, 0.000000, 0.576200, 0.817308
10.131036, 6.104652, 0.000000, 0.000000, 0.000000, 0.576200, 0.817308
10.134360, 6.114070, 0.000000, 0.000000, 0.000000, 0.576305, 0.817235
10.137697, 6.123484, 0.000000, 0.000000, 0.000000, 0.576331, 0.817216
10.137697, 6.123484, 0.000000, 0.000000, 0.000000, 0.576331, 0.817216
10.137697, 6.123484, 0.000000, 0.000000, 0.000000, 0.576331, 0.817216
10.140996, 6.132912, 0.000000, 0.000000, 0.000000, 0.576536, 0.817072
10.140996, 6.132912, 0.000000, 0.000000, 0.000000, 0.576536, 0.817072
10.144210, 6.142370, 0.000000, 0.000000, 0.000000, 0.577052, 0.816708
10.144210, 6.142370, 0.000000, 0.000000, 0.000000, 0.577052, 0.816708
10.147304, 6.151868, 0.000000, 0.000000, 0.000000, 0.577926, 0.816089
10.147304, 6.151868, 0.000000, 0.000000, 0.000000, 0.577926, 0.816089
10.150254, 6.161413, 0.000000, 0.000000, 0.000000, 0.579177, 0.815201
10.150254, 6.161413, 0.000000, 0.000000, 0.000000, 0.579177, 0.815201
10.150254, 6.161413, 0.000000, 0.000000, 0.000000, 0.579177, 0.815201
10.153042, 6.171006, 0.000000, 0.000000, 0.000000, 0.580812, 0.814038
10.153042, 6.171006, 0.000000, 0.000000, 0.000000, 0.580812, 0.814038
10.155652, 6.180650, 0.000000, 0.000000, 0.000000, 0.582830, 0.812594
10.155652, 6.180650, 0.000000, 0.000000, 0.000000, 0.582830, 0.812594
10.158071, 6.190344, 0.000000, 0.000000, 0.000000, 0.585233, 0.810865
10.158071, 6.190344, 0.000000, 0.000000, 0.000000, 0.585233, 0.810865
10.160287, 6.200087, 0.000000, 0.000000, 0.000000, 0.588018, 0.808848
10.160287, 6.200087, 0.000000, 0.000000, 0.000000, 0.588018, 0.808848
10.160287, 6.200087, 0.000000, 0.000000, 0.000000, 0.588018, 0.808848
10.162289, 6.209876, 0.000000, 0.000000, 0.000000, 0.591183, 0.806538
10.162289, 6.209876, 0.000000, 0.000000, 0.000000, 0.591183, 0.806538
10.164066, 6.219710, 0.000000, 0.000000, 0.000000, 0.594724, 0.803930
10.164066, 6.219710, 0.000000, 0.000000, 0.000000, 0.594724, 0.803930
10.164066, 6.219710, 0.000000, 0.000000, 0.000000, 0.594724, 0.803930
10.165606, 6.229583, 0.000000, 0.000000, 0.000000, 0.598639, 0.801019
10.165606, 6.229583, 0.000000, 0.000000, 0.000000, 0.598639, 0.801019
10.166899, 6.239492, 0.000000, 0.000000, 0.000000, 0.602923, 0.797800
10.166899, 6.239492, 0.000000, 0.000000, 0.000000, 0.602923, 0.797800
10.167942, 6.249431, 0.000000, 0.000000, 0.000000, 0.607537, 0.794291
10.167942, 6.249431, 0.000000, 0.000000, 0.000000, 0.607537, 0.794291
10.168748, 6.259392, 0.000000, 0.000000, 0.000000, 0.612403, 0.790546
10.168748, 6.259392, 0.000000, 0.000000, 0.000000, 0.612403, 0.790546
10.168748, 6.259392, 0.000000, 0.000000, 0.000000, 0.612403, 0.790546
10.169363, 6.269367, 0.000000, 0.000000, 0.000000, 0.617328, 0.786706
10.169363, 6.269367, 0.000000, 0.000000, 0.000000, 0.617328, 0.786706
10.169813, 6.279351, 0.000000, 0.000000, 0.000000, 0.622261, 0.782809
10.169813, 6.279351, 0.000000, 0.000000, 0.000000, 0.622261, 0.782809
10.169813, 6.279351, 0.000000, 0.000000, 0.000000, 0.622261, 0.782809
10.170115, 6.289342, 0.000000, 0.000000, 0.000000, 0.627185, 0.778871
10.170115, 6.289342, 0.000000, 0.000000, 0.000000, 0.627185, 0.778871
10.170277, 6.299335, 0.000000, 0.000000, 0.000000, 0.632090, 0.774895
10.170277, 6.299335, 0.000000, 0.000000, 0.000000, 0.632090, 0.774895
10.170277, 6.299335, 0.000000, 0.000000, 0.000000, 0.632090, 0.774895
10.170304, 6.309330, 0.000000, 0.000000, 0.000000, 0.636973, 0.770886
10.170304, 6.309330, 0.000000, 0.000000, 0.000000, 0.636973, 0.770886
10.170200, 6.319325, 0.000000, 0.000000, 0.000000, 0.641833, 0.766845
10.170200, 6.319325, 0.000000, 0.000000, 0.000000, 0.641833, 0.766845
10.170200, 6.319325, 0.000000, 0.000000, 0.000000, 0.641833, 0.766845
10.169967, 6.329318, 0.000000, 0.000000, 0.000000, 0.646668, 0.762772
10.169967, 6.329318, 0.000000, 0.000000, 0.000000, 0.646668, 0.762772
10.169606, 6.339307, 0.000000, 0.000000, 0.000000, 0.651478, 0.758668
10.169606, 6.339307, 0.000000, 0.000000, 0.000000, 0.651478, 0.758668
10.169606, 6.339307, 0.000000, 0.000000, 0.000000, 0.651478, 0.758668
10.169118, 6.349291, 0.000000, 0.000000, 0.000000, 0.656262, 0.754533
10.169118, 6.349291, 0.000000, 0.000000, 0.000000, 0.656262, 0.754533
10.168503, 6.359269, 0.000000, 0.000000, 0.000000, 0.661020, 0.750368
10.168503, 6.359269, 0.000000, 0.000000, 0.000000, 0.661020, 0.750368
10.168503, 6.359269, 0.000000, 0.000000, 0.000000, 0.661020, 0.750368
10.167761, 6.369238, 0.000000, 0.000000, 0.000000, 0.665752, 0.746173
10.166894, 6.379196, 0.000000, 0.000000, 0.000000, 0.670458, 0.741948
10.166894, 6.379196, 0.000000, 0.000000, 0.000000, 0.670458, 0.741948
10.166894, 6.379196, 0.000000, 0.000000, 0.000000, 0.670458, 0.741948
10.165900, 6.389144, 0.000000, 0.000000, 0.000000, 0.675137, 0.737693
10.165900, 6.389144, 0.000000, 0.000000, 0.000000, 0.675137, 0.737693
10.164780, 6.399078, 0.000000, 0.000000, 0.000000, 0.679789, 0.733408
10.164780, 6.399078, 0.000000, 0.000000, 0.000000, 0.679789, 0.733408
10.163535, 6.408997, 0.000000, 0.000000, 0.000000, 0.684414, 0.729094
10.163535, 6.408997, 0.000000, 0.000000, 0.000000, 0.684414, 0.729094
10.162164, 6.418899, 0.000000, 0.000000, 0.000000, 0.689011, 0.724751
10.162164, 6.418899, 0.000000, 0.000000, 0.000000, 0.689011, 0.724751
10.162164, 6.418899, 0.000000, 0.000000, 0.000000, 0.689011, 0.724751
10.160668, 6.428784, 0.000000, 0.000000, 0.000000, 0.693581, 0.720378
10.160668, 6.428784, 0.000000, 0.000000, 0.000000, 0.693581, 0.720378
10.159048, 6.438649, 0.000000, 0.000000, 0.000000, 0.698124, 0.715977
10.159048, 6.438649, 0.000000, 0.000000, 0.000000, 0.698124, 0.715977
10.159048, 6.438649, 0.000000, 0.000000, 0.000000, 0.698124, 0.715977
10.157302, 6.448493, 0.000000, 0.000000, 0.000000, 0.702638, 0.711547
10.157302, 6.448493, 0.000000, 0.000000, 0.000000, 0.702638, 0.711547
10.155432, 6.458315, 0.000000, 0.000000, 0.000000, 0.707125, 0.707089
10.155432, 6.458315, 0.000000, 0.000000, 0.000000, 0.707125, 0.707089
10.153438, 6.468111, 0.000000, 0.000000, 0.000000, 0.711583, 0.702602
10.153438, 6.468111, 0.000000, 0.000000, 0.000000, 0.711583, 0.702602
10.151321, 6.477882, 0.000000, 0.000000, 0.000000, 0.716013, 0.698087
10.151321, 6.477882, 0.000000, 0.000000, 0.000000, 0.716013, 0.698087
10.151321, 6.477882, 0.000000, 0.000000, 0.000000, 0.716013, 0.698087
10.149079, 6.487626, 0.000000, 0.000000, 0.000000, 0.720414, 0.693544
10.149079, 6.487626, 0.000000, 0.000000, 0.000000, 0.720414, 0.693544
10.146715, 6.497340, 0.000000, 0.000000, 0.000000, 0.724787, 0.688973
10.146715, 6.497340, 0.000000, 0.000000, 0.000000, 0.724787, 0.688973
10.144228, 6.507024, 0.000000, 0.000000, 0.000000, 0.729130, 0.684375
10.144228, 6.507024, 0.000000, 0.000000, 0.000000, 0.729130, 0.684375
10.141619, 6.516676, 0.000000, 0.000000, 0.000000, 0.733444, 0.679749
10.141619, 6.516676, 0.000000, 0.000000, 0.000000, 0.733444, 0.679749
10.141619, 6.516676, 0.000000, 0.000000, 0.000000, 0.733444, 0.679749
10.138887, 6.526294, 0.000000, 0.000000, 0.000000, 0.737729, 0.675096
10.138887, 6.526294, 0.000000, 0.000000, 0.000000, 0.737729, 0.675096
10.136035, 6.535877, 0.000000, 0.000000, 0.000000, 0.741985, 0.670416
10.136035, 6.535877, 0.000000, 0.000000, 0.000000, 0.741985, 0.670416
10.136035, 6.535877, 0.000000, 0.000000, 0.000000, 0.741985, 0.670416
10.133061, 6.545423, 0.000000, 0.000000, 0.000000, 0.746211, 0.665710
10.133061, 6.545423, 0.000000, 0.000000, 0.000000, 0.746211, 0.665710
10.129967, 6.554931, 0.000000, 0.000000, 0.000000, 0.750407, 0.660976
10.129967, 6.554931, 0.000000, 0.000000, 0.000000, 0.750407, 0.660976
10.129967, 6.554931, 0.000000, 0.000000, 0.000000, 0.750407, 0.660976
10.126752, 6.564398, 0.000000, 0.000000, 0.000000, 0.754573, 0.656216
10.126752, 6.564398, 0.000000, 0.000000, 0.000000, 0.754573, 0.656216
10.123418, 6.573825, 0.000000, 0.000000, 0.000000, 0.758709, 0.651430
10.123418, 6.573825, 0.000000, 0.000000, 0.000000, 0.758709, 0.651430
10.123418, 6.573825, 0.000000, 0.000000, 0.000000, 0.758709, 0.651430
10.119965, 6.583208, 0.000000, 0.000000, 0.000000, 0.762815, 0.646617
10.116394, 6.592548, 0.000000, 0.000000, 0.000000, 0.766890, 0.641779
10.116394, 6.592548, 0.000000, 0.000000, 0.000000, 0.766890, 0.641779
10.116394, 6.592548, 0.000000, 0.000000, 0.000000, 0.766890, 0.641779
10.112705, 6.601841, 0.000000, 0.000000, 0.000000, 0.770934, 0.636915
10.112705, 6.601841, 0.000000, 0.000000, 0.000000, 0.770934, 0.636915
10.108898, 6.611087, 0.000000, 0.000000, 0.000000, 0.774948, 0.632025
10.108898, 6.611087, 0.000000, 0.000000, 0.000000, 0.774948, 0.632025
10.104975, 6.620284, 0.000000, 0.000000, 0.000000, 0.778930, 0.627111
10.104975, 6.620284, 0.000000, 0.000000, 0.000000, 0.778930, 0.627111
10.100936, 6.629431, 0.000000, 0.000000, 0.000000, 0.782882, 0.622171
10.100936, 6.629431, 0.000000, 0.000000, 0.000000, 0.782882, 0.622171
10.100936, 6.629431, 0.000000, 0.000000, 0.000000, 0.782882, 0.622171
10.096781, 6.638526, 0.000000, 0.000000, 0.000000, 0.786802, 0.617206
10.096781, 6.638526, 0.000000, 0.000000, 0.000000, 0.786802, 0.617206
10.092512, 6.647568, 0.000000, 0.000000, 0.000000, 0.790691, 0.612216
10.092512, 6.647568, 0.000000, 0.000000, 0.000000, 0.790691, 0.612216
10.092512, 6.647568, 0.000000, 0.000000, 0.000000, 0.790691, 0.612216
10.088128, 6.656555, 0.000000, 0.000000, 0.000000, 0.794548, 0.607202
10.088128, 6.656555, 0.000000, 0.000000, 0.000000, 0.794548, 0.607202
10.083631, 6.665486, 0.000000, 0.000000, 0.000000, 0.798373, 0.602163
10.083631, 6.665486, 0.000000, 0.000000, 0.000000, 0.798373, 0.602163
10.083631, 6.665486, 0.000000, 0.000000, 0.000000, 0.798373, 0.602163
10.079022, 6.674359, 0.000000, 0.000000, 0.000000, 0.802166, 0.597101
10.079022, 6.674359, 0.000000, 0.000000, 0.000000, 0.802166, 0.597101
10.074300, 6.683173, 0.000000, 0.000000, 0.000000, 0.805927, 0.592014
10.074300, 6.683173, 0.000000, 0.000000, 0.000000, 0.805927, 0.592014
10.074300, 6.683173, 0.000000, 0.000000, 0.000000, 0.805927, 0.592014
10.069468, 6.691927, 0.000000, 0.000000, 0.000000, 0.809656, 0.586904
10.069468, 6.691927, 0.000000, 0.000000, 0.000000, 0.809656, 0.586904
10.064525, 6.700619, 0.000000, 0.000000, 0.000000, 0.813353, 0.581770
10.064525, 6.700619, 0.000000, 0.000000, 0.000000, 0.813353, 0.581770
10.064525, 6.700619, 0.000000, 0.000000, 0.000000, 0.813353, 0.581770
10.059472, 6.709248, 0.000000, 0.000000, 0.000000, 0.817017, 0.576613
10.059472, 6.709248, 0.000000, 0.000000, 0.000000, 0.817017, 0.576613
10.054311, 6.717812, 0.000000, 0.000000, 0.000000, 0.820649, 0.571433
10.054311, 6.717812, 0.000000, 0.000000, 0.000000, 0.820649, 0.571433
10.054311, 6.717812, 0.000000, 0.000000, 0.000000, 0.820649, 0.571433
10.049042, 6.726311, 0.000000, 0.000000, 0.000000, 0.824247, 0.566230
10.043665, 6.734742, 0.000000, 0.000000, 0.000000, 0.827813, 0.561005
10.043665, 6.734742, 0.000000, 0.000000, 0.000000, 0.827813, 0.561005
10.043665, 6.734742, 0.000000, 0.000000, 0.000000, 0.827813, 0.561005
10.038182, 6.743104, 0.000000, 0.000000, 0.000000, 0.831345, 0.555756
10.038182, 6.743104, 0.000000, 0.000000, 0.000000, 0.831345, 0.555756
10.032594, 6.751396, 0.000000, 0.000000, 0.000000, 0.834844, 0.550486
10.032594, 6.751396, 0.000000, 0.000000, 0.000000, 0.834844, 0.550486
10.026902, 6.759617, 0.000000, 0.000000, 0.000000, 0.838310, 0.545194
10.026902, 6.759617, 0.000000, 0.000000, 0.000000, 0.838310, 0.545194
10.021106, 6.767766, 0.000000, 0.000000, 0.000000, 0.841742, 0.539879
10.021106, 6.767766, 0.000000, 0.000000, 0.000000, 0.841742, 0.539879
10.021106, 6.767766, 0.000000, 0.000000, 0.000000, 0.841742, 0.539879
10.015207, 6.775840, 0.000000, 0.000000, 0.000000, 0.845141, 0.534544
10.015207, 6.775840, 0.000000, 0.000000, 0.000000, 0.845141, 0.534544
10.009207, 6.783839, 0.000000, 0.000000, 0.000000, 0.848506, 0.529186
10.009207, 6.783839, 0.000000, 0.000000, 0.000000, 0.848506, 0.529186
10.009207, 6.783839, 0.000000, 0.000000, 0.000000, 0.848506, 0.529186
10.003105, 6.791762, 0.000000, 0.000000, 0.000000, 0.851837, 0.523808
10.003105, 6.791762, 0.000000, 0.000000, 0.000000, 0.851837, 0.523808
9.996904, 6.799607, 0.000000, 0.000000, 0.000000, 0.855133, 0.518408
9.996904, 6.799607, 0.000000, 0.000000, 0.000000, 0.855133, 0.518408
9.996904, 6.799607, 0.000000, 0.000000, 0.000000, 0.855133, 0.518408
9.990605, 6.807372, 0.000000, 0.000000, 0.000000, 0.858396, 0.512988
9.984207, 6.815058, 0.000000, 0.000000, 0.000000, 0.861624, 0.507547
9.984207, 6.815058, 0.000000, 0.000000, 0.000000, 0.861624, 0.507547
9.984207, 6.815058, 0.000000, 0.000000, 0.000000, 0.861624, 0.507547
9.977713, 6.822661, 0.000000, 0.000000, 0.000000, 0.864818, 0.502086
9.977713, 6.822661, 0.000000, 0.000000, 0.000000, 0.864818, 0.502086
9.971123, 6.830182, 0.000000, 0.000000, 0.000000, 0.867977, 0.496605
9.971123, 6.830182, 0.000000, 0.000000, 0.000000, 0.867977, 0.496605
9.971123, 6.830182, 0.000000, 0.000000, 0.000000, 0.867977, 0.496605
9.964439, 6.837619, 0.000000, 0.000000, 0.000000, 0.871101, 0.491104
9.964439, 6.837619, 0.000000, 0.000000, 0.000000, 0.871101, 0.491104
9.957661, 6.844971, 0.000000, 0.000000, 0.000000, 0.874190, 0.485583
9.957661, 6.844971, 0.000000, 0.000000, 0.000000, 0.874190, 0.485583
9.957661, 6.844971, 0.000000, 0.000000, 0.000000, 0.874190, 0.485583
9.950790, 6.852237, 0.000000, 0.000000, 0.000000, 0.877245, 0.480043
9.950790, 6.852237, 0.000000, 0.000000, 0.000000, 0.877245, 0.480043
9.943828, 6.859415, 0.000000, 0.000000, 0.000000, 0.880264, 0.474484
9.943828, 6.859415, 0.000000, 0.000000, 0.000000, 0.880264, 0.474484
9.943828, 6.859415, 0.000000, 0.000000, 0.000000, 0.880264, 0.474484
9.936776, 6.866504, 0.000000, 0.000000, 0.000000, 0.883248, 0.468905
9.936776, 6.866504, 0.000000, 0.000000, 0.000000, 0.883248, 0.468905
9.929634, 6.873504, 0.000000, 0.000000, 0.000000, 0.886197, 0.463308
9.929634, 6.873504, 0.000000, 0.000000, 0.000000, 0.886197, 0.463308
9.929634, 6.873504, 0.000000, 0.000000, 0.000000, 0.886197, 0.463308
9.922405, 6.880413, 0.000000, 0.000000, 0.000000, 0.889111, 0.457693
9.922405, 6.880413, 0.000000, 0.000000, 0.000000, 0.889111, 0.457693
9.915089, 6.887229, 0.000000, 0.000000, 0.000000, 0.891988, 0.452059
9.915089, 6.887229, 0.000000, 0.000000, 0.000000, 0.891988, 0.452059
9.915089, 6.887229, 0.000000, 0.000000, 0.000000, 0.891988, 0.452059
9.907687, 6.893953, 0.000000, 0.000000, 0.000000, 0.894830, 0.446406
9.907687, 6.893953, 0.000000, 0.000000, 0.000000, 0.894830, 0.446406
9.900200, 6.900583, 0.000000, 0.000000, 0.000000, 0.897637, 0.440736
9.900200, 6.900583, 0.000000, 0.000000, 0.000000, 0.897637, 0.440736
9.900200, 6.900583, 0.000000, 0.000000, 0.000000, 0.897637, 0.440736
9.892631, 6.907117, 0.000000, 0.000000, 0.000000, 0.900407, 0.435049
9.892631, 6.907117, 0.000000, 0.000000, 0.000000, 0.900407, 0.435049
9.884979, 6.913555, 0.000000, 0.000000, 0.000000, 0.903141, 0.429344
9.884979, 6.913555, 0.000000, 0.000000, 0.000000, 0.903141, 0.429344
9.884979, 6.913555, 0.000000, 0.000000, 0.000000, 0.903141, 0.429344
9.877246, 6.919895, 0.000000, 0.000000, 0.000000, 0.905839, 0.423621
9.877246, 6.919895, 0.000000, 0.000000, 0.000000, 0.905839, 0.423621
9.869434, 6.926137, 0.000000, 0.000000, 0.000000, 0.908501, 0.417882
9.869434, 6.926137, 0.000000, 0.000000, 0.000000, 0.908501, 0.417882
9.869434, 6.926137, 0.000000, 0.000000, 0.000000, 0.908501, 0.417882
9.861544, 6.932280, 0.000000, 0.000000, 0.000000, 0.911127, 0.412126
9.861544, 6.932280, 0.000000, 0.000000, 0.000000, 0.911127, 0.412126
9.853576, 6.938323, 0.000000, 0.000000, 0.000000, 0.913716, 0.406354
9.853576, 6.938323, 0.000000, 0.000000, 0.000000, 0.913716, 0.406354
9.853576, 6.938323, 0.000000, 0.000000, 0.000000, 0.913716, 0.406354
9.845533, 6.944264, 0.000000, 0.000000, 0.000000, 0.916268, 0.400565
9.845533, 6.944264, 0.000000, 0.000000, 0.000000, 0.916268, 0.400565
9.837415, 6.950103, 0.000000, 0.000000, 0.000000, 0.918784, 0.394760
9.837415, 6.950103, 0.000000, 0.000000, 0.000000, 0.918784, 0.394760
9.837415, 6.950103, 0.000000, 0.000000, 0.000000, 0.918784, 0.394760
9.829223, 6.955839, 0.000000, 0.000000, 0.000000, 0.921263, 0.388940
9.829223, 6.955839, 0.000000, 0.000000, 0.000000, 0.921263, 0.388940
9.820960, 6.961471, 0.000000, 0.000000, 0.000000, 0.923705, 0.383104
9.820960, 6.961471, 0.000000, 0.000000, 0.000000, 0.923705, 0.383104
9.820960, 6.961471, 0.000000, 0.000000, 0.000000, 0.923705, 0.383104
9.812626, 6.966997, 0.000000, 0.000000, 0.000000, 0.926111, 0.377252
9.812626, 6.966997, 0.000000, 0.000000, 0.000000, 0.926111, 0.377252
9.804223, 6.972418, 0.000000, 0.000000, 0.000000, 0.928479, 0.371386
9.804223, 6.972418, 0.000000, 0.000000, 0.000000, 0.928479, 0.371386
9.804223, 6.972418, 0.000000, 0.000000, 0.000000, 0.928479, 0.371386
9.795752, 6.977732, 0.000000, 0.000000, 0.000000, 0.930810, 0.365504
9.795752, 6.977732, 0.000000, 0.000000, 0.000000, 0.930810, 0.365504
9.787215, 6.982939, 0.000000, 0.000000, 0.000000, 0.933103, 0.359608
9.787215, 6.982939, 0.000000, 0.000000, 0.000000, 0.933103, 0.359608
9.787215, 6.982939, 0.000000, 0.000000, 0.000000, 0.933103, 0.359608
9.778612, 6.988037, 0.000000, 0.000000, 0.000000, 0.935360, 0.353698
9.778612, 6.988037, 0.000000, 0.000000, 0.000000, 0.935360, 0.353698
9.769946, 6.993026, 0.000000, 0.000000, 0.000000, 0.937579, 0.347773
9.769946, 6.993026, 0.000000, 0.000000, 0.000000, 0.937579, 0.347773
9.769946, 6.993026, 0.000000, 0.000000, 0.000000, 0.937579, 0.347773
9.761217, 6.997904, 0.000000, 0.000000, 0.000000, 0.939760, 0.341835
9.761217, 6.997904, 0.000000, 0.000000, 0.000000, 0.939760, 0.341835
9.752427, 7.002672, 0.000000, 0.000000, 0.000000, 0.941904, 0.335882
9.752427, 7.002672, 0.000000, 0.000000, 0.000000, 0.941904, 0.335882
9.752427, 7.002672, 0.000000, 0.000000, 0.000000, 0.941904, 0.335882
9.743583, 7.007339, 0.000000, 0.000000, 0.000000, 0.943990, 0.329975
9.734709, 7.011950, 0.000000, 0.000000, 0.000000, 0.945941, 0.324338
9.734709, 7.011950, 0.000000, 0.000000, 0.000000, 0.945941, 0.324338
9.734709, 7.011950, 0.000000, 0.000000, 0.000000, 0.945941, 0.324338
9.725827, 7.016544, 0.000000, 0.000000, 0.000000, 0.947728, 0.319078
9.725827, 7.016544, 0.000000, 0.000000, 0.000000, 0.947728, 0.319078
9.716950, 7.021148, 0.000000, 0.000000, 0.000000, 0.949344, 0.314238
9.716950, 7.021148, 0.000000, 0.000000, 0.000000, 0.949344, 0.314238
9.716950, 7.021148, 0.000000, 0.000000, 0.000000, 0.949344, 0.314238
9.708087, 7.025780, 0.000000, 0.000000, 0.000000, 0.950791, 0.309834
9.708087, 7.025780, 0.000000, 0.000000, 0.000000, 0.950791, 0.309834
9.699248, 7.030456, 0.000000, 0.000000, 0.000000, 0.952071, 0.305876
9.699248, 7.030456, 0.000000, 0.000000, 0.000000, 0.952071, 0.305876
9.699248, 7.030456, 0.000000, 0.000000, 0.000000, 0.952071, 0.305876
9.690438, 7.035187, 0.000000, 0.000000, 0.000000, 0.953192, 0.302367
9.690438, 7.035187, 0.000000, 0.000000, 0.000000, 0.953192, 0.302367
9.681664, 7.039984, 0.000000, 0.000000, 0.000000, 0.954156, 0.299310
9.681664, 7.039984, 0.000000, 0.000000, 0.000000, 0.954156, 0.299310
9.681664, 7.039984, 0.000000, 0.000000, 0.000000, 0.954156, 0.299310
9.672932, 7.044857, 0.000000, 0.000000, 0.000000, 0.954968, 0.296709
9.672932, 7.044857, 0.000000, 0.000000, 0.000000, 0.954968, 0.296709
9.664247, 7.049814, 0.000000, 0.000000, 0.000000, 0.955632, 0.294564
9.664247, 7.049814, 0.000000, 0.000000, 0.000000, 0.955632, 0.294564
9.664247, 7.049814, 0.000000, 0.000000, 0.000000, 0.955632, 0.294564
9.655615, 7.054863, 0.000000, 0.000000, 0.000000, 0.956150, 0.292877
9.655615, 7.054863, 0.000000, 0.000000, 0.000000, 0.956150, 0.292877
9.647043, 7.060013, 0.000000, 0.000000, 0.000000, 0.956526, 0.291648
9.647043, 7.060013, 0.000000, 0.000000, 0.000000, 0.956526, 0.291648
9.647043, 7.060013, 0.000000, 0.000000, 0.000000, 0.956526, 0.291648
9.638537, 7.065270, 0.000000, 0.000000, 0.000000, 0.956760, 0.290879
9.638537, 7.065270, 0.000000, 0.000000, 0.000000, 0.956760, 0.290879
9.630103, 7.070643, 0.000000, 0.000000, 0.000000, 0.956854, 0.290569
9.630103, 7.070643, 0.000000, 0.000000, 0.000000, 0.956854, 0.290569
9.621749, 7.076139, 0.000000, 0.000000, 0.000000, 0.956809, 0.290719
9.621749, 7.076139, 0.000000, 0.000000, 0.000000, 0.956809, 0.290719
9.613481, 7.081764, 0.000000, 0.000000, 0.000000, 0.956623, 0.291328
9.613481, 7.081764, 0.000000, 0.000000, 0.000000, 0.956623, 0.291328
9.613481, 7.081764, 0.000000, 0.000000, 0.000000, 0.956623, 0.291328
9.605307, 7.087524, 0.000000, 0.000000, 0.000000, 0.956297, 0.292397
9.597235, 7.093426, 0.000000, 0.000000, 0.000000, 0.955829, 0.293925
9.597235, 7.093426, 0.000000, 0.000000, 0.000000, 0.955829, 0.293925
9.597235, 7.093426, 0.000000, 0.000000, 0.000000, 0.955829, 0.293925
9.589273, 7.099477, 0.000000, 0.000000, 0.000000, 0.955216, 0.295911
9.589273, 7.099477, 0.000000, 0.000000, 0.000000, 0.955216, 0.295911
9.581430, 7.105680, 0.000000, 0.000000, 0.000000, 0.954455, 0.298354
9.581430, 7.105680, 0.000000, 0.000000, 0.000000, 0.954455, 0.298354
9.581430, 7.105680, 0.000000, 0.000000, 0.000000, 0.954455, 0.298354
9.573715, 7.112042, 0.000000, 0.000000, 0.000000, 0.953544, 0.301254
9.573715, 7.112042, 0.000000, 0.000000, 0.000000, 0.953544, 0.301254
9.566137, 7.118567, 0.000000, 0.000000, 0.000000, 0.952478, 0.304608
9.566137, 7.118567, 0.000000, 0.000000, 0.000000, 0.952478, 0.304608
9.566137, 7.118567, 0.000000, 0.000000, 0.000000, 0.952478, 0.304608
9.558707, 7.125260, 0.000000, 0.000000, 0.000000, 0.951251, 0.308416
9.551434, 7.132123, 0.000000, 0.000000, 0.000000, 0.949860, 0.312676
9.551434, 7.132123, 0.000000, 0.000000, 0.000000, 0.949860, 0.312676
9.551434, 7.132123, 0.000000, 0.000000, 0.000000, 0.949860, 0.312676
9.544330, 7.139160, 0.000000, 0.000000, 0.000000, 0.948297, 0.317385
9.544330, 7.139160, 0.000000, 0.000000, 0.000000, 0.948297, 0.317385
9.537405, 7.146374, 0.000000, 0.000000, 0.000000, 0.946556, 0.322540
9.537405, 7.146374, 0.000000, 0.000000, 0.000000, 0.946556, 0.322540
9.530666, 7.153761, 0.000000, 0.000000, 0.000000, 0.944643, 0.328101
9.530666, 7.153761, 0.000000, 0.000000, 0.000000, 0.944643, 0.328101
9.524105, 7.161308, 0.000000, 0.000000, 0.000000, 0.942582, 0.333974
9.524105, 7.161308, 0.000000, 0.000000, 0.000000, 0.942582, 0.333974
9.524105, 7.161308, 0.000000, 0.000000, 0.000000, 0.942582, 0.333974
9.517692, 7.168981, 0.000000, 0.000000, 0.000000, 0.940450, 0.339933
9.517692, 7.168981, 0.000000, 0.000000, 0.000000, 0.940450, 0.339933
9.511407, 7.176759, 0.000000, 0.000000, 0.000000, 0.938265, 0.345917
9.511407, 7.176759, 0.000000, 0.000000, 0.000000, 0.938265, 0.345917
9.505241, 7.184631, 0.000000, 0.000000, 0.000000, 0.936036, 0.351904
9.505241, 7.184631, 0.000000, 0.000000, 0.000000, 0.936036, 0.351904
9.499186, 7.192590, 0.000000, 0.000000, 0.000000, 0.933766, 0.357884
9.499186, 7.192590, 0.000000, 0.000000, 0.000000, 0.933766, 0.357884
9.499186, 7.192590, 0.000000, 0.000000, 0.000000, 0.933766, 0.357884
9.493241, 7.200630, 0.000000, 0.000000, 0.000000, 0.931456, 0.363854
9.487402, 7.208749, 0.000000, 0.000000, 0.000000, 0.929107, 0.369812
9.487402, 7.208749, 0.000000, 0.000000, 0.000000, 0.929107, 0.369812
9.487402, 7.208749, 0.000000, 0.000000, 0.000000, 0.929107, 0.369812
9.481671, 7.216943, 0.000000, 0.000000, 0.000000, 0.926719, 0.375755
9.481671, 7.216943, 0.000000, 0.000000, 0.000000, 0.926719, 0.375755
9.476047, 7.225212, 0.000000, 0.000000, 0.000000, 0.924293, 0.381683
9.476047, 7.225212, 0.000000, 0.000000, 0.000000, 0.924293, 0.381683
9.470529, 7.233552, 0.000000, 0.000000, 0.000000, 0.921829, 0.387596
9.470529, 7.233552, 0.000000, 0.000000, 0.000000, 0.921829, 0.387596
9.465120, 7.241962, 0.000000, 0.000000, 0.000000, 0.919327, 0.393494
9.465120, 7.241962, 0.000000, 0.000000, 0.000000, 0.919327, 0.393494
9.465120, 7.241962, 0.000000, 0.000000, 0.000000, 0.919327, 0.393494
9.459819, 7.250442, 0.000000, 0.000000, 0.000000, 0.916787, 0.399376
9.459819, 7.250442, 0.000000, 0.000000, 0.000000, 0.916787, 0.399376
9.454627, 7.258988, 0.000000, 0.000000, 0.000000, 0.914210, 0.405241
9.454627, 7.258988, 0.000000, 0.000000, 0.000000, 0.914210, 0.405241
9.454627, 7.258988, 0.000000, 0.000000, 0.000000, 0.914210, 0.405241
9.449545, 7.267601, 0.000000, 0.000000, 0.000000, 0.911595, 0.411089
9.449545, 7.267601, 0.000000, 0.000000, 0.000000, 0.911595, 0.411089
9.444575, 7.276278, 0.000000, 0.000000, 0.000000, 0.908943, 0.416921
9.444575, 7.276278, 0.000000, 0.000000, 0.000000, 0.908943, 0.416921
9.439715, 7.285017, 0.000000, 0.000000, 0.000000, 0.906253, 0.422736
9.439715, 7.285017, 0.000000, 0.000000, 0.000000, 0.906253, 0.422736
9.434969, 7.293819, 0.000000, 0.000000, 0.000000, 0.903526, 0.428533
9.434969, 7.293819, 0.000000, 0.000000, 0.000000, 0.903526, 0.428533
9.434969, 7.293819, 0.000000, 0.000000, 0.000000, 0.903526, 0.428533
9.430335, 7.302681, 0.000000, 0.000000, 0.000000, 0.900762, 0.434313
9.430335, 7.302681, 0.000000, 0.000000, 0.000000, 0.900762, 0.434313
9.425815, 7.311601, 0.000000, 0.000000, 0.000000, 0.897961, 0.440075
9.425815, 7.311601, 0.000000, 0.000000, 0.000000, 0.897961, 0.440075
9.425815, 7.311601, 0.000000, 0.000000, 0.000000, 0.897961, 0.440075
9.421410, 7.320578, 0.000000, 0.000000, 0.000000, 0.895123, 0.445819
9.421410, 7.320578, 0.000000, 0.000000, 0.000000, 0.895123, 0.445819
9.417120, 7.329611, 0.000000, 0.000000, 0.000000, 0.892249, 0.451544
9.417120, 7.329611, 0.000000, 0.000000, 0.000000, 0.892249, 0.451544
9.417120, 7.329611, 0.000000, 0.000000, 0.000000, 0.892249, 0.451544
9.412947, 7.338699, 0.000000, 0.000000, 0.000000, 0.889338, 0.457251
9.412947, 7.338699, 0.000000, 0.000000, 0.000000, 0.889338, 0.457251
9.408890, 7.347839, 0.000000, 0.000000, 0.000000, 0.886390, 0.462939
9.408890, 7.347839, 0.000000, 0.000000, 0.000000, 0.886390, 0.462939
9.408890, 7.347839, 0.000000, 0.000000, 0.000000, 0.886390, 0.462939
9.404951, 7.357030, 0.000000, 0.000000, 0.000000, 0.883406, 0.468609
9.404951, 7.357030, 0.000000, 0.000000, 0.000000, 0.883406, 0.468609
9.401129, 7.366271, 0.000000, 0.000000, 0.000000, 0.880386, 0.474259
9.401129, 7.366271, 0.000000, 0.000000, 0.000000, 0.880386, 0.474259
9.397427, 7.375560, 0.000000, 0.000000, 0.000000, 0.877329, 0.479889
9.397427, 7.375560, 0.000000, 0.000000, 0.000000, 0.877329, 0.479889
9.393844, 7.384896, 0.000000, 0.000000, 0.000000, 0.874237, 0.485500
9.393844, 7.384896, 0.000000, 0.000000, 0.000000, 0.874237, 0.485500
9.393844, 7.384896, 0.000000, 0.000000, 0.000000, 0.874237, 0.485500
9.390380, 7.394277, 0.000000, 0.000000, 0.000000, 0.871108, 0.491091
9.387038, 7.403702, 0.000000, 0.000000, 0.000000, 0.867944, 0.496662
9.387038, 7.403702, 0.000000, 0.000000, 0.000000, 0.867944, 0.496662
9.387038, 7.403702, 0.000000, 0.000000, 0.000000, 0.867944, 0.496662
9.383816, 7.413169, 0.000000, 0.000000, 0.000000, 0.864744, 0.502212
9.383816, 7.413169, 0.000000, 0.000000, 0.000000, 0.864744, 0.502212
9.380716, 7.422676, 0.000000, 0.000000, 0.000000, 0.861509, 0.507742
9.380716, 7.422676, 0.000000, 0.000000, 0.000000, 0.861509, 0.507742
9.377738, 7.432222, 0.000000, 0.000000, 0.000000, 0.858239, 0.513251
9.377738, 7.432222, 0.000000, 0.000000, 0.000000, 0.858239, 0.513251
9.374882, 7.441806, 0.000000, 0.000000, 0.000000, 0.854933, 0.518739
9.374882, 7.441806, 0.000000, 0.000000, 0.000000, 0.854933, 0.518739
9.374882, 7.441806, 0.000000, 0.000000, 0.000000, 0.854933, 0.518739
9.372149, 7.451425, 0.000000, 0.000000, 0.000000, 0.851592, 0.524205
9.372149, 7.451425, 0.000000, 0.000000, 0.000000, 0.851592, 0.524205
9.369540, 7.461078, 0.000000, 0.000000, 0.000000, 0.848216, 0.529650
9.369540, 7.461078, 0.000000, 0.000000, 0.000000, 0.848216, 0.529650
9.367055, 7.470765, 0.000000, 0.000000, 0.000000, 0.844805, 0.535074
9.367055, 7.470765, 0.000000, 0.000000, 0.000000, 0.844805, 0.535074
9.364694, 7.480482, 0.000000, 0.000000, 0.000000, 0.841360, 0.540475
9.364694, 7.480482, 0.000000, 0.000000, 0.000000, 0.841360, 0.540475
9.364694, 7.480482, 0.000000, 0.000000, 0.000000, 0.841360, 0.540475
9.362458, 7.490229, 0.000000, 0.000000, 0.000000, 0.837880, 0.545854
9.362458, 7.490229, 0.000000, 0.000000, 0.000000, 0.837880, 0.545854
9.360347, 7.500003, 0.000000, 0.000000, 0.000000, 0.834366, 0.551211
9.360347, 7.500003, 0.000000, 0.000000, 0.000000, 0.834366, 0.551211
9.360347, 7.500003, 0.000000, 0.000000, 0.000000, 0.834366, 0.551211
9.358361, 7.509804, 0.000000, 0.000000, 0.000000, 0.830817, 0.556545
9.358361, 7.509804, 0.000000, 0.000000, 0.000000, 0.830817, 0.556545
9.356501, 7.519629, 0.000000, 0.000000, 0.000000, 0.827235, 0.561856
9.356501, 7.519629, 0.000000, 0.000000, 0.000000, 0.827235, 0.561856
9.356501, 7.519629, 0.000000, 0.000000, 0.000000, 0.827235, 0.561856
9.354767, 7.529478, 0.000000, 0.000000, 0.000000, 0.823618, 0.567145
9.354767, 7.529478, 0.000000, 0.000000, 0.000000, 0.823618, 0.567145
9.353160, 7.539348, 0.000000, 0.000000, 0.000000, 0.819968, 0.572410
9.353160, 7.539348, 0.000000, 0.000000, 0.000000, 0.819968, 0.572410
9.353160, 7.539348, 0.000000, 0.000000, 0.000000, 0.819968, 0.572410
9.351679, 7.549237, 0.000000, 0.000000, 0.000000, 0.816284, 0.577651
9.350325, 7.559145, 0.000000, 0.000000, 0.000000, 0.812566, 0.582869
9.350325, 7.559145, 0.000000, 0.000000, 0.000000, 0.812566, 0.582869
9.350325, 7.559145, 0.000000, 0.000000, 0.000000, 0.812566, 0.582869
9.349098, 7.569070, 0.000000, 0.000000, 0.000000, 0.808815, 0.588063
9.349098, 7.569070, 0.000000, 0.000000, 0.000000, 0.808815, 0.588063
9.347998, 7.579009, 0.000000, 0.000000, 0.000000, 0.805031, 0.593232
9.347998, 7.579009, 0.000000, 0.000000, 0.000000, 0.805031, 0.593232
9.347026, 7.588961, 0.000000, 0.000000, 0.000000, 0.801214, 0.598378
9.347026, 7.588961, 0.000000, 0.000000, 0.000000, 0.801214, 0.598378
9.346181, 7.598926, 0.000000, 0.000000, 0.000000, 0.797364, 0.603499
9.346181, 7.598926, 0.000000, 0.000000, 0.000000, 0.797364, 0.603499
9.346181, 7.598926, 0.000000, 0.000000, 0.000000, 0.797364, 0.603499
9.345464, 7.608900, 0.000000, 0.000000, 0.000000, 0.793481, 0.608595
9.345464, 7.608900, 0.000000, 0.000000, 0.000000, 0.793481, 0.608595
9.344875, 7.618882, 0.000000, 0.000000, 0.000000, 0.789566, 0.613666
9.344875, 7.618882, 0.000000, 0.000000, 0.000000, 0.789566, 0.613666
9.344413, 7.628872, 0.000000, 0.000000, 0.000000, 0.785618, 0.618711
9.344413, 7.628872, 0.000000, 0.000000, 0.000000, 0.785618, 0.618711
9.344080, 7.638866, 0.000000, 0.000000, 0.000000, 0.781638, 0.623732
9.344080, 7.638866, 0.000000, 0.000000, 0.000000, 0.781638, 0.623732
9.344080, 7.638866, 0.000000, 0.000000, 0.000000, 0.781638, 0.623732
9.343875, 7.648864, 0.000000, 0.000000, 0.000000, 0.777626, 0.628727
9.343875, 7.648864, 0.000000, 0.000000, 0.000000, 0.777626, 0.628727
9.343798, 7.658863, 0.000000, 0.000000, 0.000000, 0.773582, 0.633696
9.343798, 7.658863, 0.000000, 0.000000, 0.000000, 0.773582, 0.633696
9.343798, 7.658863, 0.000000, 0.000000, 0.000000, 0.773582, 0.633696
9.343849, 7.668863, 0.000000, 0.000000, 0.000000, 0.769507, 0.638639
9.343849, 7.668863, 0.000000, 0.000000, 0.000000, 0.769507, 0.638639
9.344028, 7.678862, 0.000000, 0.000000, 0.000000, 0.765399, 0.643556
9.344028, 7.678862, 0.000000, 0.000000, 0.000000, 0.765399, 0.643556
9.344336, 7.688857, 0.000000, 0.000000, 0.000000, 0.761261, 0.648446
9.344336, 7.688857, 0.000000, 0.000000, 0.000000, 0.761261, 0.648446
9.344771, 7.698847, 0.000000, 0.000000, 0.000000, 0.757091, 0.653310
9.344771, 7.698847, 0.000000, 0.000000, 0.000000, 0.757091, 0.653310
9.344771, 7.698847, 0.000000, 0.000000, 0.000000, 0.757091, 0.653310
9.345335, 7.708831, 0.000000, 0.000000, 0.000000, 0.752890, 0.658147
9.346026, 7.718807, 0.000000, 0.000000, 0.000000, 0.748658, 0.662957
9.346026, 7.718807, 0.000000, 0.000000, 0.000000, 0.748658, 0.662957
9.346026, 7.718807, 0.000000, 0.000000, 0.000000, 0.748658, 0.662957
9.346845, 7.728774, 0.000000, 0.000000, 0.000000, 0.744395, 0.667740
9.346845, 7.728774, 0.000000, 0.000000, 0.000000, 0.744395, 0.667740
9.347792, 7.738729, 0.000000, 0.000000, 0.000000, 0.740102, 0.672495
9.347792, 7.738729, 0.000000, 0.000000, 0.000000, 0.740102, 0.672495
9.348866, 7.748671, 0.000000, 0.000000, 0.000000, 0.735778, 0.677223
9.348866, 7.748671, 0.000000, 0.000000, 0.000000, 0.735778, 0.677223
9.350067, 7.758598, 0.000000, 0.000000, 0.000000, 0.731424, 0.681923
9.350067, 7.758598, 0.000000, 0.000000, 0.000000, 0.731424, 0.681923
9.350067, 7.758598, 0.000000, 0.000000, 0.000000, 0.731424, 0.681923
9.351396, 7.768509, 0.000000, 0.000000, 0.000000, 0.727041, 0.686595
9.351396, 7.768509, 0.000000, 0.000000, 0.000000, 0.727041, 0.686595
9.352851, 7.778403, 0.000000, 0.000000, 0.000000, 0.722627, 0.691238
9.352851, 7.778403, 0.000000, 0.000000, 0.000000, 0.722627, 0.691238
9.354433, 7.788277, 0.000000, 0.000000, 0.000000, 0.718184, 0.695854
9.354433, 7.788277, 0.000000, 0.000000, 0.000000, 0.718184, 0.695854
9.356142, 7.798130, 0.000000, 0.000000, 0.000000, 0.713711, 0.700441
9.356142, 7.798130, 0.000000, 0.000000, 0.000000, 0.713711, 0.700441
9.356142, 7.798130, 0.000000, 0.000000, 0.000000, 0.713711, 0.700441
9.357976, 7.807960, 0.000000, 0.000000, 0.000000, 0.709209, 0.704999
9.357976, 7.807960, 0.000000, 0.000000, 0.000000, 0.709209, 0.704999
9.359936, 7.817766, 0.000000, 0.000000, 0.000000, 0.704677, 0.709528
9.359936, 7.817766, 0.000000, 0.000000, 0.000000, 0.704677, 0.709528
9.359936, 7.817766, 0.000000, 0.000000, 0.000000, 0.704677, 0.709528
9.362022, 7.827546, 0.000000, 0.000000, 0.000000, 0.700117, 0.714028
9.362022, 7.827546, 0.000000, 0.000000, 0.000000, 0.700117, 0.714028
9.364233, 7.837298, 0.000000, 0.000000, 0.000000, 0.695528, 0.718499
9.364233, 7.837298, 0.000000, 0.000000, 0.000000, 0.695528, 0.718499
9.364233, 7.837298, 0.000000, 0.000000, 0.000000, 0.695528, 0.718499
9.366569, 7.847022, 0.000000, 0.000000, 0.000000, 0.690911, 0.722940
9.366569, 7.847022, 0.000000, 0.000000, 0.000000, 0.690911, 0.722940
9.369029, 7.856714, 0.000000, 0.000000, 0.000000, 0.686265, 0.727351
9.369029, 7.856714, 0.000000, 0.000000, 0.000000, 0.686265, 0.727351
9.369029, 7.856714, 0.000000, 0.000000, 0.000000, 0.686265, 0.727351
9.371613, 7.866375, 0.000000, 0.000000, 0.000000, 0.681591, 0.731733
9.371613, 7.866375, 0.000000, 0.000000, 0.000000, 0.681591, 0.731733
9.374321, 7.876001, 0.000000, 0.000000, 0.000000, 0.676889, 0.736085
9.374321, 7.876001, 0.000000, 0.000000, 0.000000, 0.676889, 0.736085
9.374321, 7.876001, 0.000000, 0.000000, 0.000000, 0.676889, 0.736085
9.377152, 7.885592, 0.000000, 0.000000, 0.000000, 0.672160, 0.740406
9.377152, 7.885592, 0.000000, 0.000000, 0.000000, 0.672160, 0.740406
9.380105, 7.895146, 0.000000, 0.000000, 0.000000, 0.667402, 0.744697
9.380105, 7.895146, 0.000000, 0.000000, 0.000000, 0.667402, 0.744697
9.383181, 7.904661, 0.000000, 0.000000, 0.000000, 0.662618, 0.748958
9.383181, 7.904661, 0.000000, 0.000000, 0.000000, 0.662618, 0.748958
9.386378, 7.914136, 0.000000, 0.000000, 0.000000, 0.657806, 0.753188
9.386378, 7.914136, 0.000000, 0.000000, 0.000000, 0.657806, 0.753188
9.386378, 7.914136, 0.000000, 0.000000, 0.000000, 0.657806, 0.753188
9.389697, 7.923569, 0.000000, 0.000000, 0.000000, 0.652967, 0.757386
9.389697, 7.923569, 0.000000, 0.000000, 0.000000, 0.652967, 0.757386
9.393136, 7.932959, 0.000000, 0.000000, 0.000000, 0.648101, 0.761554
9.393136, 7.932959, 0.000000, 0.000000, 0.000000, 0.648101, 0.761554
9.396695, 7.942304, 0.000000, 0.000000, 0.000000, 0.643209, 0.765691
9.396695, 7.942304, 0.000000, 0.000000, 0.000000, 0.643209, 0.765691
9.400373, 7.951603, 0.000000, 0.000000, 0.000000, 0.638290, 0.769796
9.400373, 7.951603, 0.000000, 0.000000, 0.000000, 0.638290, 0.769796
9.400373, 7.951603, 0.000000, 0.000000, 0.000000, 0.638290, 0.769796
9.404171, 7.960854, 0.000000, 0.000000, 0.000000, 0.633345, 0.773869
9.408086, 7.970055, 0.000000, 0.000000, 0.000000, 0.628374, 0.777911
9.408086, 7.970055, 0.000000, 0.000000, 0.000000, 0.628374, 0.777911
9.408086, 7.970055, 0.000000, 0.000000, 0.000000, 0.628374, 0.777911
9.412119, 7.979206, 0.000000, 0.000000, 0.000000, 0.623378, 0.781921
9.412119, 7.979206, 0.000000, 0.000000, 0.000000, 0.623378, 0.781921
9.416270, 7.988304, 0.000000, 0.000000, 0.000000, 0.618356, 0.785898
9.416270, 7.988304, 0.000000, 0.000000, 0.000000, 0.618356, 0.785898
9.416270, 7.988304, 0.000000, 0.000000, 0.000000, 0.618356, 0.785898
9.420536, 7.997348, 0.000000, 0.000000, 0.000000, 0.613308, 0.789844
9.420536, 7.997348, 0.000000, 0.000000, 0.000000, 0.613308, 0.789844
9.424918, 8.006337, 0.000000, 0.000000, 0.000000, 0.608235, 0.793757
9.424918, 8.006337, 0.000000, 0.000000, 0.000000, 0.608235, 0.793757
9.424918, 8.006337, 0.000000, 0.000000, 0.000000, 0.608235, 0.793757
9.429414, 8.015269, 0.000000, 0.000000, 0.000000, 0.603137, 0.797637
9.429414, 8.015269, 0.000000, 0.000000, 0.000000, 0.603137, 0.797637
9.434025, 8.024142, 0.000000, 0.000000, 0.000000, 0.598015, 0.801485
9.434025, 8.024142, 0.000000, 0.000000, 0.000000, 0.598015, 0.801485
9.434025, 8.024142, 0.000000, 0.000000, 0.000000, 0.598015, 0.801485
9.438749, 8.032956, 0.000000, 0.000000, 0.000000, 0.592868, 0.805300
9.438749, 8.032956, 0.000000, 0.000000, 0.000000, 0.592868, 0.805300
9.443586, 8.041709, 0.000000, 0.000000, 0.000000, 0.587696, 0.809082
9.443586, 8.041709, 0.000000, 0.000000, 0.000000, 0.587696, 0.809082
9.448534, 8.050398, 0.000000, 0.000000, 0.000000, 0.582501, 0.812830
9.448534, 8.050398, 0.000000, 0.000000, 0.000000, 0.582501, 0.812830
9.453593, 8.059024, 0.000000, 0.000000, 0.000000, 0.577281, 0.816545
9.453593, 8.059024, 0.000000, 0.000000, 0.000000, 0.577281, 0.816545
9.453593, 8.059024, 0.000000, 0.000000, 0.000000, 0.577281, 0.816545
9.458763, 8.067584, 0.000000, 0.000000, 0.000000, 0.572038, 0.820227
9.458763, 8.067584, 0.000000, 0.000000, 0.000000, 0.572038, 0.820227
9.464041, 8.076077, 0.000000, 0.000000, 0.000000, 0.566772, 0.823875
9.464041, 8.076077, 0.000000, 0.000000, 0.000000, 0.566772, 0.823875
9.469428, 8.084502, 0.000000, 0.000000, 0.000000, 0.561482, 0.827489
9.469428, 8.084502, 0.000000, 0.000000, 0.000000, 0.561482, 0.827489
9.474923, 8.092857, 0.000000, 0.000000, 0.000000, 0.556169, 0.831069
9.474923, 8.092857, 0.000000, 0.000000, 0.000000, 0.556169, 0.831069
9.474923, 8.092857, 0.000000, 0.000000, 0.000000, 0.556169, 0.831069
9.480524, 8.101142, 0.000000, 0.000000, 0.000000, 0.550833, 0.834615
9.486231, 8.109353, 0.000000, 0.000000, 0.000000, 0.545475, 0.838127
9.486231, 8.109353, 0.000000, 0.000000, 0.000000, 0.545475, 0.838127
9.486231, 8.109353, 0.000000, 0.000000, 0.000000, 0.545475, 0.838127
9.492042, 8.117491, 0.000000, 0.000000, 0.000000, 0.540094, 0.841605
9.492042, 8.117491, 0.000000, 0.000000, 0.000000, 0.540094, 0.841605
9.497958, 8.125554, 0.000000, 0.000000, 0.000000, 0.534691, 0.845048
9.497958, 8.125554, 0.000000, 0.000000, 0.000000, 0.534691, 0.845048
9.497958, 8.125554, 0.000000, 0.000000, 0.000000, 0.534691, 0.845048
9.503976, 8.133540, 0.000000, 0.000000, 0.000000, 0.529266, 0.848456
9.503976, 8.133540, 0.000000, 0.000000, 0.000000, 0.529266, 0.848456
9.510096, 8.141448, 0.000000, 0.000000, 0.000000, 0.523819, 0.851829
9.510096, 8.141448, 0.000000, 0.000000, 0.000000, 0.523819, 0.851829
9.510096, 8.141448, 0.000000, 0.000000, 0.000000, 0.523819, 0.851829
9.516317, 8.149278, 0.000000, 0.000000, 0.000000, 0.518351, 0.855168
9.522637, 8.157027, 0.000000, 0.000000, 0.000000, 0.512862, 0.858471
9.522637, 8.157027, 0.000000, 0.000000, 0.000000, 0.512862, 0.858471
9.522637, 8.157027, 0.000000, 0.000000, 0.000000, 0.512862, 0.858471
9.529057, 8.164694, 0.000000, 0.000000, 0.000000, 0.507352, 0.861739
9.529057, 8.164694, 0.000000, 0.000000, 0.000000, 0.507352, 0.861739
9.535574, 8.172279, 0.000000, 0.000000, 0.000000, 0.501820, 0.864972
9.535574, 8.172279, 0.000000, 0.000000, 0.000000, 0.501820, 0.864972
9.542188, 8.179779, 0.000000, 0.000000, 0.000000, 0.496269, 0.868169
9.542188, 8.179779, 0.000000, 0.000000, 0.000000, 0.496269, 0.868169
9.548897, 8.187194, 0.000000, 0.000000, 0.000000, 0.490696, 0.871331
9.548897, 8.187194, 0.000000, 0.000000, 0.000000, 0.490696, 0.871331
9.548897, 8.187194, 0.000000, 0.000000, 0.000000, 0.490696, 0.871331
9.555701, 8.194523, 0.000000, 0.000000, 0.000000, 0.485104, 0.874456
9.555701, 8.194523, 0.000000, 0.000000, 0.000000, 0.485104, 0.874456
9.562598, 8.201764, 0.000000, 0.000000, 0.000000, 0.479492, 0.877546
9.562598, 8.201764, 0.000000, 0.000000, 0.000000, 0.479492, 0.877546
9.569587, 8.208915, 0.000000, 0.000000, 0.000000, 0.473860, 0.880600
9.569587, 8.208915, 0.000000, 0.000000, 0.000000, 0.473860, 0.880600
9.576668, 8.215977, 0.000000, 0.000000, 0.000000, 0.468208, 0.883618
9.576668, 8.215977, 0.000000, 0.000000, 0.000000, 0.468208, 0.883618
9.576668, 8.215977, 0.000000, 0.000000, 0.000000, 0.468208, 0.883618
9.583838, 8.222947, 0.000000, 0.000000, 0.000000, 0.462538, 0.886600
9.583838, 8.222947, 0.000000, 0.000000, 0.000000, 0.462538, 0.886600
9.591097, 8.229825, 0.000000, 0.000000, 0.000000, 0.456848, 0.889545
9.591097, 8.229825, 0.000000, 0.000000, 0.000000, 0.456848, 0.889545
9.591097, 8.229825, 0.000000, 0.000000, 0.000000, 0.456848, 0.889545
9.598444, 8.236610, 0.000000, 0.000000, 0.000000, 0.451140, 0.892453
9.598444, 8.236610, 0.000000, 0.000000, 0.000000, 0.451140, 0.892453
9.605877, 8.243299, 0.000000, 0.000000, 0.000000, 0.445413, 0.895325
9.605877, 8.243299, 0.000000, 0.000000, 0.000000, 0.445413, 0.895325
9.613395, 8.249893, 0.000000, 0.000000, 0.000000, 0.439668, 0.898160
9.613395, 8.249893, 0.000000, 0.000000, 0.000000, 0.439668, 0.898160
9.620996, 8.256390, 0.000000, 0.000000, 0.000000, 0.433905, 0.900959
9.620996, 8.256390, 0.000000, 0.000000, 0.000000, 0.433905, 0.900959
9.620996, 8.256390, 0.000000, 0.000000, 0.000000, 0.433905, 0.900959
9.628681, 8.262789, 0.000000, 0.000000, 0.000000, 0.428124, 0.903720
9.628681, 8.262789, 0.000000, 0.000000, 0.000000, 0.428124, 0.903720
9.636447, 8.269089, 0.000000, 0.000000, 0.000000, 0.422325, 0.906444
9.636447, 8.269089, 0.000000, 0.000000, 0.000000, 0.422325, 0.906444
9.636447, 8.269089, 0.000000, 0.000000, 0.000000, 0.422325, 0.906444
9.644293, 8.275289, 0.000000, 0.000000, 0.000000, 0.416509, 0.909132
9.644293, 8.275289, 0.000000, 0.000000, 0.000000, 0.416509, 0.909132
9.652217, 8.281388, 0.000000, 0.000000, 0.000000, 0.410676, 0.911781
9.652217, 8.281388, 0.000000, 0.000000, 0.000000, 0.410676, 0.911781
9.652217, 8.281388, 0.000000, 0.000000, 0.000000, 0.410676, 0.911781
9.660220, 8.287385, 0.000000, 0.000000, 0.000000, 0.404826, 0.914394
9.660220, 8.287385, 0.000000, 0.000000, 0.000000, 0.404826, 0.914394
9.668298, 8.293279, 0.000000, 0.000000, 0.000000, 0.398960, 0.916968
9.668298, 8.293279, 0.000000, 0.000000, 0.000000, 0.398960, 0.916968
9.668298, 8.293279, 0.000000, 0.000000, 0.000000, 0.398960, 0.916968
9.676451, 8.299069, 0.000000, 0.000000, 0.000000, 0.393077, 0.919506
9.676451, 8.299069, 0.000000, 0.000000, 0.000000, 0.393077, 0.919506
9.684678, 8.304754, 0.000000, 0.000000, 0.000000, 0.387178, 0.922005
9.684678, 8.304754, 0.000000, 0.000000, 0.000000, 0.387178, 0.922005
9.692977, 8.310333, 0.000000, 0.000000, 0.000000, 0.381263, 0.924467
9.692977, 8.310333, 0.000000, 0.000000, 0.000000, 0.381263, 0.924467
9.701347, 8.315805, 0.000000, 0.000000, 0.000000, 0.375333, 0.926890
9.701347, 8.315805, 0.000000, 0.000000, 0.000000, 0.375333, 0.926890
9.701347, 8.315805, 0.000000, 0.000000, 0.000000, 0.375333, 0.926890
9.709786, 8.321170, 0.000000, 0.000000, 0.000000, 0.369387, 0.929276
9.709786, 8.321170, 0.000000, 0.000000, 0.000000, 0.369387, 0.929276
9.718293, 8.326426, 0.000000, 0.000000, 0.000000, 0.363426, 0.931623
9.718293, 8.326426, 0.000000, 0.000000, 0.000000, 0.363426, 0.931623
9.718293, 8.326426, 0.000000, 0.000000, 0.000000, 0.363426, 0.931623
9.726867, 8.331572, 0.000000, 0.000000, 0.000000, 0.357450, 0.933932
9.726867, 8.331572, 0.000000, 0.000000, 0.000000, 0.357450, 0.933932
9.735506, 8.336609, 0.000000, 0.000000, 0.000000, 0.351459, 0.936203
9.735506, 8.336609, 0.000000, 0.000000, 0.000000, 0.351459, 0.936203
9.735506, 8.336609, 0.000000, 0.000000, 0.000000, 0.351459, 0.936203
9.744209, 8.341534, 0.000000, 0.000000, 0.000000, 0.345454, 0.938436
9.744209, 8.341534, 0.000000, 0.000000, 0.000000, 0.345454, 0.938436
9.752974, 8.346347, 0.000000, 0.000000, 0.000000, 0.339434, 0.940630
9.752974, 8.346347, 0.000000, 0.000000, 0.000000, 0.339434, 0.940630
9.752974, 8.346347, 0.000000, 0.000000, 0.000000, 0.339434, 0.940630
9.761800, 8.351048, 0.000000, 0.000000, 0.000000, 0.333401, 0.942785
9.770686, 8.355635, 0.000000, 0.000000, 0.000000, 0.327354, 0.944902
9.770686, 8.355635, 0.000000, 0.000000, 0.000000, 0.327354, 0.944902
9.770686, 8.355635, 0.000000, 0.000000, 0.000000, 0.327354, 0.944902
9.779630, 8.360108, 0.000000, 0.000000, 0.000000, 0.321294, 0.946979
9.779630, 8.360108, 0.000000, 0.000000, 0.000000, 0.321294, 0.946979
9.788630, 8.364466, 0.000000, 0.000000, 0.000000, 0.315220, 0.949018
9.788630, 8.364466, 0.000000, 0.000000, 0.000000, 0.315220, 0.949018
9.797686, 8.368708, 0.000000, 0.000000, 0.000000, 0.309134, 0.951018
9.797686, 8.368708, 0.000000, 0.000000, 0.000000, 0.309134, 0.951018
9.806795, 8.372834, 0.000000, 0.000000, 0.000000, 0.303035, 0.952979
9.806795, 8.372834, 0.000000, 0.000000, 0.000000, 0.303035, 0.952979
9.806795, 8.372834, 0.000000, 0.000000, 0.000000, 0.303035, 0.952979
9.815956, 8.376843, 0.000000, 0.000000, 0.000000, 0.296923, 0.954901
9.815956, 8.376843, 0.000000, 0.000000, 0.000000, 0.296923, 0.954901
9.825168, 8.380734, 0.000000, 0.000000, 0.000000, 0.290800, 0.956784
9.825168, 8.380734, 0.000000, 0.000000, 0.000000, 0.290800, 0.956784
9.825168, 8.380734, 0.000000, 0.000000, 0.000000, 0.290800, 0.956784
9.834429, 8.384507, 0.000000, 0.000000, 0.000000, 0.284664, 0.958627
9.834429, 8.384507, 0.000000, 0.000000, 0.000000, 0.284664, 0.958627
9.843738, 8.388160, 0.000000, 0.000000, 0.000000, 0.278516, 0.960431
9.843738, 8.388160, 0.000000, 0.000000, 0.000000, 0.278516, 0.960431
9.843738, 8.388160, 0.000000, 0.000000, 0.000000, 0.278516, 0.960431
9.853092, 8.391695, 0.000000, 0.000000, 0.000000, 0.272358, 0.962196
9.862491, 8.395109, 0.000000, 0.000000, 0.000000, 0.266188, 0.963921
9.862491, 8.395109, 0.000000, 0.000000, 0.000000, 0.266188, 0.963921
9.862491, 8.395109, 0.000000, 0.000000, 0.000000, 0.266188, 0.963921
9.871933, 8.398402, 0.000000, 0.000000, 0.000000, 0.260007, 0.965607
9.871933, 8.398402, 0.000000, 0.000000, 0.000000, 0.260007, 0.965607
9.881417, 8.401574, 0.000000, 0.000000, 0.000000, 0.253815, 0.967253
9.881417, 8.401574, 0.000000, 0.000000, 0.000000, 0.253815, 0.967253
9.890940, 8.404625, 0.000000, 0.000000, 0.000000, 0.247613, 0.968859
9.890940, 8.404625, 0.000000, 0.000000, 0.000000, 0.247613, 0.968859
9.900502, 8.407553, 0.000000, 0.000000, 0.000000, 0.241401, 0.970426
9.900502, 8.407553, 0.000000, 0.000000, 0.000000, 0.241401, 0.970426
9.900502, 8.407553, 0.000000, 0.000000, 0.000000, 0.241401, 0.970426
9.910100, 8.410358, 0.000000, 0.000000, 0.000000, 0.235179, 0.971952
9.919734, 8.413040, 0.000000, 0.000000, 0.000000, 0.228947, 0.973439
9.919734, 8.413040, 0.000000, 0.000000, 0.000000, 0.228947, 0.973439
9.919734, 8.413040, 0.000000, 0.000000, 0.000000, 0.228947, 0.973439
9.929401, 8.415598, 0.000000, 0.000000, 0.000000, 0.222706, 0.974886
9.929401, 8.415598, 0.000000, 0.000000, 0.000000, 0.222706, 0.974886
9.939100, 8.418033, 0.000000, 0.000000, 0.000000, 0.216456, 0.976292
9.939100, 8.418033, 0.000000, 0.000000, 0.000000, 0.216456, 0.976292
9.948829, 8.420343, 0.000000, 0.000000, 0.000000, 0.210196, 0.977659
9.948829, 8.420343, 0.000000, 0.000000, 0.000000, 0.210196, 0.977659
9.958588, 8.422528, 0.000000, 0.000000, 0.000000, 0.203929, 0.978986
9.958588, 8.422528, 0.000000, 0.000000, 0.000000, 0.203929, 0.978986
9.958588, 8.422528, 0.000000, 0.000000, 0.000000, 0.203929, 0.978986
9.968373, 8.424588, 0.000000, 0.000000, 0.000000, 0.197652, 0.980272
9.968373, 8.424588, 0.000000, 0.000000, 0.000000, 0.197652, 0.980272
9.978184, 8.426522, 0.000000, 0.000000, 0.000000, 0.191368, 0.981518
9.978184, 8.426522, 0.000000, 0.000000, 0.000000, 0.191368, 0.981518
9.988019, 8.428330, 0.000000, 0.000000, 0.000000, 0.185076, 0.982724
9.988019, 8.428330, 0.000000, 0.000000, 0.000000, 0.185076, 0.982724
9.997877, 8.430013, 0.000000, 0.000000, 0.000000, 0.178776, 0.983890
9.997877, 8.430013, 0.000000, 0.000000, 0.000000, 0.178776, 0.983890
9.997877, 8.430013, 0.000000, 0.000000, 0.000000, 0.178776, 0.983890
10.007755, 8.431568, 0.000000, 0.000000, 0.000000, 0.172469, 0.985015
10.017652, 8.432997, 0.000000, 0.000000, 0.000000, 0.166155, 0.986100
10.017652, 8.432997, 0.000000, 0.000000, 0.000000, 0.166155, 0.986100
10.017652, 8.432997, 0.000000, 0.000000, 0.000000, 0.166155, 0.986100
10.027567, 8.434300, 0.000000, 0.000000, 0.000000, 0.159834, 0.987144
10.027567, 8.434300, 0.000000, 0.000000, 0.000000, 0.159834, 0.987144
10.037498, 8.435475, 0.000000, 0.000000, 0.000000, 0.153507, 0.988148
10.037498, 8.435475, 0.000000, 0.000000, 0.000000, 0.153507, 0.988148
10.047442, 8.436522, 0.000000, 0.000000, 0.000000, 0.147173, 0.989111
10.047442, 8.436522, 0.000000, 0.000000, 0.000000, 0.147173, 0.989111
10.057400, 8.437443, 0.000000, 0.000000, 0.000000, 0.140833, 0.990033
10.057400, 8.437443, 0.000000, 0.000000, 0.000000, 0.140833, 0.990033
10.057400, 8.437443, 0.000000, 0.000000, 0.000000, 0.140833, 0.990033
10.067368, 8.438235, 0.000000, 0.000000, 0.000000, 0.134487, 0.990915
10.077346, 8.438900, 0.000000, 0.000000, 0.000000, 0.128136, 0.991757
10.077346, 8.438900, 0.000000, 0.000000, 0.000000, 0.128136, 0.991757
10.077346, 8.438900, 0.000000, 0.000000, 0.000000, 0.128136, 0.991757
10.087332, 8.439437, 0.000000, 0.000000, 0.000000, 0.121780, 0.992557
10.087332, 8.439437, 0.000000, 0.000000, 0.000000, 0.121780, 0.992557
10.097323, 8.439846, 0.000000, 0.000000, 0.000000, 0.115418, 0.993317
10.097323, 8.439846, 0.000000, 0.000000, 0.000000, 0.115418, 0.993317
10.107319, 8.440126, 0.000000, 0.000000, 0.000000, 0.109052, 0.994036
10.107319, 8.440126, 0.000000, 0.000000, 0.000000, 0.109052, 0.994036
10.117318, 8.440279, 0.000000, 0.000000, 0.000000, 0.102681, 0.994714
10.117318, 8.440279, 0.000000, 0.000000, 0.000000, 0.102681, 0.994714
10.117318, 8.440279, 0.000000, 0.000000, 0.000000, 0.102681, 0.994714
10.127318, 8.440304, 0.000000, 0.000000, 0.000000, 0.096306, 0.995352
10.127318, 8.440304, 0.000000, 0.000000, 0.000000, 0.096306, 0.995352
10.137317, 8.440200, 0.000000, 0.000000, 0.000000, 0.089928, 0.995948
10.137317, 8.440200, 0.000000, 0.000000, 0.000000, 0.089928, 0.995948
10.147315, 8.439968, 0.000000, 0.000000, 0.000000, 0.083545, 0.996504
10.147315, 8.439968, 0.000000, 0.000000, 0.000000, 0.083545, 0.996504
10.157308, 8.439609, 0.000000, 0.000000, 0.000000, 0.077159, 0.997019
10.157308, 8.439609, 0.000000, 0.000000, 0.000000, 0.077159, 0.997019
10.157308, 8.439609, 0.000000, 0.000000, 0.000000, 0.077159, 0.997019
10.167296, 8.439121, 0.000000, 0.000000, 0.000000, 0.070770, 0.997493
10.177277, 8.438505, 0.000000, 0.000000, 0.000000, 0.064378, 0.997926
10.177277, 8.438505, 0.000000, 0.000000, 0.000000, 0.064378, 0.997926
10.177277, 8.438505, 0.000000, 0.000000, 0.000000, 0.064378, 0.997926
10.187249, 8.437762, 0.000000, 0.000000, 0.000000, 0.057983, 0.998318
10.187249, 8.437762, 0.000000, 0.000000, 0.000000, 0.057983, 0.998318
10.197211, 8.436890, 0.000000, 0.000000, 0.000000, 0.051586, 0.998669
10.197211, 8.436890, 0.000000, 0.000000, 0.000000, 0.051586, 0.998669
10.207161, 8.435892, 0.000000, 0.000000, 0.000000, 0.045187, 0.998979
10.207161, 8.435892, 0.000000, 0.000000, 0.000000, 0.045187, 0.998979
10.217097, 8.434765, 0.000000, 0.000000, 0.000000, 0.038786, 0.999248
10.217097, 8.434765, 0.000000, 0.000000, 0.000000, 0.038786, 0.999248
10.217097, 8.434765, 0.000000, 0.000000, 0.000000, 0.038786, 0.999248
10.227018, 8.433512, 0.000000, 0.000000, 0.000000, 0.032384, 0.999476
10.236923, 8.432131, 0.000000, 0.000000, 0.000000, 0.025980, 0.999662
10.236923, 8.432131, 0.000000, 0.000000, 0.000000, 0.025980, 0.999662
10.236923, 8.432131, 0.000000, 0.000000, 0.000000, 0.025980, 0.999662
10.246808, 8.430624, 0.000000, 0.000000, 0.000000, 0.019575, 0.999808
10.246808, 8.430624, 0.000000, 0.000000, 0.000000, 0.019575, 0.999808
10.256674, 8.428990, 0.000000, 0.000000, 0.000000, 0.013169, 0.999913
10.256674, 8.428990, 0.000000, 0.000000, 0.000000, 0.013169, 0.999913
10.266518, 8.427230, 0.000000, 0.000000, 0.000000, 0.006763, 0.999977
10.266518, 8.427230, 0.000000, 0.000000, 0.000000, 0.006763, 0.999977
10.276338, 8.425344, 0.000000, 0.000000, 0.000000, 0.000356, 1.000000
10.276338, 8.425344, 0.000000, 0.000000, 0.000000, 0.000356, 1.000000
10.276338, 8.425344, 0.000000, 0.000000, 0.000000, 0.000356, 1.000000
10.286134, 8.423333, 0.000000, -0.000000, 0.000000, 0.006051, -0.999982
10.286134, 8.423333, 0.000000, -0.000000, 0.000000, 0.006051, -0.999982
10.295903, 8.421195, 0.000000, -0.000000, 0.000000, 0.012457, -0.999922
10.295903, 8.421195, 0.000000, -0.000000, 0.000000, 0.012457, -0.999922
10.295903, 8.421195, 0.000000, -0.000000, 0.000000, 0.012457, -0.999922
10.305643, 8.418933, 0.000000, -0.000000, 0.000000, 0.018863, -0.999822
10.305643, 8.418933, 0.000000, -0.000000, 0.000000, 0.018863, -0.999822
10.315354, 8.416547, 0.000000, -0.000000, 0.000000, 0.025268, -0.999681
10.315354, 8.416547, 0.000000, -0.000000, 0.000000, 0.025268, -0.999681
10.315354, 8.416547, 0.000000, -0.000000, 0.000000, 0.025268, -0.999681
10.325034, 8.414036, 0.000000, -0.000000, 0.000000, 0.031672, -0.999498
10.325034, 8.414036, 0.000000, -0.000000, 0.000000, 0.031672, -0.999498
10.334680, 8.411401, 0.000000, 0.000000, 0.000000, 0.000000, 1.000000
10.334680, 8.411401, 0.000000, 0.000000, 0.000000, 0.000000, 1.000000
10.334680, 8.411401, 0.000000, 0.000000, 0.000000, 0.000000, 1.000000
10.334728, 8.411401, 0.000000, -0.000000, 0.000000, 0.000033, -1.000000
10.334728, 8.411401, 0.000000, -0.000000, 0.000000, 0.000033, -1.000000
10.335059, 8.411401, 0.000000, -0.000000, 0.000000, 0.000260, -1.000000
10.335059, 8.411401, 0.000000, -0.000000, 0.000000, 0.000260, -1.000000
10.335849, 8.411400, 0.000000, -0.000000, 0.000000, 0.000804, -1.000000
10.335849, 8.411400, 0.000000, -0.000000, 0.000000, 0.000804, -1.000000
10.337077, 8.411397, 0.000000, 0.000000, 0.000000, 0.000000, 1.000000
10.337077, 8.411397, 0.000000, 0.000000, 0.000000, 0.000000, 1.000000
10.337077, 8.411397, 0.000000, 0.000000, 0.000000, 0.000000, 1.000000
10.337125, 8.411397, 0.000000, -0.000000, 0.000000, 0.000033, -1.000000
10.337455, 8.411397, 0.000000, -0.000000, 0.000000, 0.000260, -1.000000
10.337455, 8.411397, 0.000000, -0.000000, 0.000000, 0.000260, -1.000000
10.337455, 8.411397, 0.000000, -0.000000, 0.000000, 0.000260, -1.000000
10.338246, 8.411396, 0.000000, -0.000000, 0.000000, 0.000804, -1.000000
10.338246, 8.411396, 0.000000, -0.000000, 0.000000, 0.000804, -1.000000
10.339474, 8.411393, 0.000000, -0.000000, 0.000000, 0.001650, -0.999999
10.339474, 8.411393, 0.000000, -0.000000, 0.000000, 0.001650, -0.999999
10.341119, 8.411386, 0.000000, -0.000000, 0.000000, 0.002782, -0.999996
10.341119, 8.411386, 0.000000, -0.000000, 0.000000, 0.002782, -0.999996
10.343162, 8.411372, 0.000000, -0.000000, 0.000000, 0.004189, -0.999991
10.343162, 8.411372, 0.000000, -0.000000, 0.000000, 0.004189, -0.999991
10.343162, 8.411372, 0.000000, -0.000000, 0.000000, 0.004189, -0.999991
10.345583, 8.411347, 0.000000, 0.000000, 0.000000, 0.000000, 1.000000
10.345583, 8.411347, 0.000000, 0.000000, 0.000000, 0.000000, 1.000000
10.345630, 8.411347, 0.000000, -0.000000, 0.000000, 0.000033, -1.000000
10.345630, 8.411347, 0.000000, -0.000000, 0.000000, 0.000033, -1.000000
10.345961, 8.411347, 0.000000, -0.000000, 0.000000, 0.000260, -1.000000
10.345961, 8.411347, 0.000000, -0.000000, 0.000000, 0.000260, -1.000000
10.346751, 8.411346, 0.000000, -0.000000, 0.000000, 0.000804, -1.000000
10.346751, 8.411346, 0.000000, -0.000000, 0.000000, 0.000804, -1.000000
10.346751, 8.411346, 0.000000, -0.000000, 0.000000, 0.000804, -1.000000
10.347980, 8.411343, 0.000000, -0.000000, 0.000000, 0.001650, -0.999999
10.347980, 8.411343, 0.000000, -0.000000, 0.000000, 0.001650, -0.999999
10.349625, 8.411336, 0.000000, -0.000000, 0.000000, 0.002782, -0.999996
10.349625, 8.411336, 0.000000, -0.000000, 0.000000, 0.002782, -0.999996
10.349625, 8.411336, 0.000000, -0.000000, 0.000000, 0.002782, -0.999996
10.351668, 8.411322, 0.000000, -0.000000, 0.000000, 0.004189, -0.999991
10.351668, 8.411322, 0.000000, -0.000000, 0.000000, 0.004189, -0.999991
10.354089, 8.411298, 0.000000, 0.000000, 0.000000, 0.000000, 1.000000
10.354089, 8.411298, 0.000000, 0.000000, 0.000000, 0.000000, 1.000000
10.354089, 8.411298, 0.000000, 0.000000, 0.000000, 0.000000, 1.000000
10.354136, 8.411298, 0.000000, -0.000000, 0.000000, 0.000033, -1.000000
10.354136, 8.411298, 0.000000, -0.000000, 0.000000, 0.000033, -1.000000
10.354467, 8.411297, 0.000000, -0.000000, 0.000000, 0.000260, -1.000000
10.354467, 8.411297, 0.000000, -0.000000, 0.000000, 0.000260, -1.000000
10.354467, 8.411297, 0.000000, -0.000000, 0.000000, 0.000260, -1.000000
10.355257, 8.411297, 0.000000, 0.000000, 0.000000, 0.000000, 1.000000
10.355257, 8.411297, 0.000000, 0.000000, 0.000000, 0.000000, 1.000000
10.355305, 8.411297, 0.000000, -0.000000, 0.000000, 0.000033, -1.000000
10.355305, 8.411297, 0.000000, -0.000000, 0.000000, 0.000033, -1.000000
10.355305, 8.411297, 0.000000, -0.000000, 0.000000, 0.000033, -1.000000
10.355635, 8.411297, 0.000000, -0.000000, 0.000000, 0.000260, -1.000000
10.355635, 8.411297, 0.000000, -0.000000, 0.000000, 0.000260, -1.000000
10.356426, 8.411296, 0.000000, 0.000000, 0.000000, 0.000000, 1.000000
10.356426, 8.411296, 0.000000, 0.000000, 0.000000, 0.000000, 1.000000
10.356473, 8.411296, 0.000000, -0.000000, 0.000000, 0.000033, -1.000000
10.356473, 8.411296, 0.000000, -0.000000, 0.000000, 0.000033, -1.000000
10.356804, 8.411296, 0.000000, -0.000000, 0.000000, 0.000260, -1.000000
10.356804, 8.411296, 0.000000, -0.000000, 0.000000, 0.000260, -1.000000
10.356804, 8.411296, 0.000000, -0.000000, 0.000000, 0.000260, -1.000000
10.357594, 8.411295, 0.000000, 0.000000, 0.000000, 0.000000, 1.000000
10.357594, 8.411295, 0.000000, 0.000000, 0.000000, 0.000000, 1.000000
10.357642, 8.411295, 0.000000, -0.000000, 0.000000, 0.000033, -1.000000
10.357642, 8.411295, 0.000000, -0.000000, 0.000000, 0.000033, -1.000000
10.357972, 8.411295, 0.000000, -0.000000, 0.000000, 0.000260, -1.000000
10.357972, 8.411295, 0.000000, -0.000000, 0.000000, 0.000260, -1.000000
10.358763, 8.411294, 0.000000, -0.000000, 0.000000, 0.000804, -1.000000
10.358763, 8.411294, 0.000000, -0.000000, 0.000000, 0.000804, -1.000000
10.358763, 8.411294, 0.000000, -0.000000, 0.000000, 0.000804, -1.000000
10.359991, 8.411291, 0.000000, 0.000000, 0.000000, 0.000000, 1.000000
10.360038, 8.411291, 0.000000, -0.000000, 0.000000, 0.000033, -1.000000
10.360038, 8.411291, 0.000000, -0.000000, 0.000000, 0.000033, -1.000000
10.360038, 8.411291, 0.000000, -0.000000, 0.000000, 0.000033, -1.000000
10.360369, 8.411291, 0.000000, -0.000000, 0.000000, 0.000260, -1.000000
10.360369, 8.411291, 0.000000, -0.000000, 0.000000, 0.000260, -1.000000
10.361159, 8.411290, 0.000000, 0.000000, 0.000000, 0.000000, 1.000000
10.361159, 8.411290, 0.000000, 0.000000, 0.000000, 0.000000, 1.000000
10.361207, 8.411290, 0.000000, -0.000000, 0.000000, 0.000033, -1.000000
10.361207, 8.411290, 0.000000, -0.000000, 0.000000, 0.000033, -1.000000
10.361537, 8.411290, 0.000000, -0.000000, 0.000000, 0.000260, -1.000000
10.361537, 8.411290, 0.000000, -0.000000, 0.000000, 0.000260, -1.000000
10.361537, 8.411290, 0.000000, -0.000000, 0.000000, 0.000260, -1.000000
10.362328, 8.411289, 0.000000, 0.000000, 0.000000, 0.000000, 1.000000
10.362375, 8.411289, 0.000000, -0.000000, 0.000000, 0.000033, -1.000000
10.362375, 8.411289, 0.000000, -0.000000, 0.000000, 0.000033, -1.000000
10.362375, 8.411289, 0.000000, -0.000000, 0.000000, 0.000033, -1.000000
10.362706, 8.411289, 0.000000, 0.000000, 0.000000, 0.000000, 1.000000
10.362706, 8.411289, 0.000000, 0.000000, 0.000000, 0.000000, 1.000000
10.362754, 8.411289, 0.000000, -0.000000, 0.000000, 0.000033, -1.000000
10.362754, 8.411289, 0.000000, -0.000000, 0.000000, 0.000033, -1.000000
10.363084, 8.411289, 0.000000, -0.000000, 0.000000, 0.000260, -1.000000
10.363084, 8.411289, 0.000000, -0.000000, 0.000000, 0.000260, -1.000000
10.363874, 8.411288, 0.000000, 0.000000, 0.000000, 0.000000, 1.000000
10.363874, 8.411288, 0.000000, 0.000000, 0.000000, 0.000000, 1.000000
10.363874, 8.411288, 0.000000, 0.000000, 0.000000, 0.000000, 1.000000
10.363922, 8.411288, 0.000000, -0.000000, 0.000000, 0.000033, -1.000000
10.363922, 8.411288, 0.000000, -0.000000, 0.000000, 0.000033, -1.000000
10.364253, 8.411288, 0.000000, -0.000000, 0.000000, 0.000260, -1.000000
10.364253, 8.411288, 0.000000, -0.000000, 0.000000, 0.000260, -1.000000
10.364253, 8.411288, 0.000000, -0.000000, 0.000000, 0.000260, -1.000000
10.365043, 8.411287, 0.000000, 0.000000, 0.000000, 0.000000, 1.000000
10.365043, 8.411287, 0.000000, 0.000000, 0.000000, 0.000000, 1.000000
10.365091, 8.411287, 0.000000, -0.000000, 0.000000, 0.000033, -1.000000
10.365091, 8.411287, 0.000000, -0.000000, 0.000000, 0.000033, -1.000000
10.365091, 8.411287, 0.000000, -0.000000, 0.000000, 0.000033, -1.000000
10.365421, 8.411287, 0.000000, -0.000000, 0.000000, 0.000260, -1.000000
10.365421, 8.411287, 0.000000, -0.000000, 0.000000, 0.000260, -1.000000
10.366211, 8.411286, 0.000000, 0.000000, 0.000000, 0.000000, 1.000000
10.366211, 8.411286, 0.000000, 0.000000, 0.000000, 0.000000, 1.000000
10.366211, 8.411286, 0.000000, 0.000000, 0.000000, 0.000000, 1.000000
10.366259, 8.411286, 0.000000, -0.000000, 0.000000, 0.000033, -1.000000
10.366259, 8.411286, 0.000000, -0.000000, 0.000000, 0.000033, -1.000000
10.366590, 8.411286, 0.000000, -0.000000, 0.000000, 0.000260, -1.000000
10.366590, 8.411286, 0.000000, -0.000000, 0.000000, 0.000260, -1.000000
10.367380, 8.411285, 0.000000, -0.000000, 0.000000, 0.000804, -1.000000
10.367380, 8.411285, 0.000000, -0.000000, 0.000000, 0.000804, -1.000000
10.368608, 8.411282, 0.000000, -0.000000, 0.000000, 0.001650, -0.999999
10.368608, 8.411282, 0.000000, -0.000000, 0.000000, 0.001650, -0.999999
10.368608, 8.411282, 0.000000, -0.000000, 0.000000, 0.001650, -0.999999
10.370254, 8.411275, 0.000000, -0.000000, 0.000000, 0.002782, -0.999996
10.372296, 8.411260, 0.000000, 0.000000, 0.000000, 0.000000, 1.000000
10.372296, 8.411260, 0.000000, 0.000000, 0.000000, 0.000000, 1.000000
10.372296, 8.411260, 0.000000, 0.000000, 0.000000, 0.000000, 1.000000
10.372344, 8.411260, 0.000000, -0.000000, 0.000000, 0.000033, -1.000000
10.372344, 8.411260, 0.000000, -0.000000, 0.000000, 0.000033, -1.000000
10.372674, 8.411260, 0.000000, -0.000000, 0.000000, 0.000260, -1.000000
10.372674, 8.411260, 0.000000, -0.000000, 0.000000, 0.000260, -1.000000
10.373465, 8.411260, 0.000000, 0.000000, 0.000000, 0.000000, 1.000000
10.373465, 8.411260, 0.000000, 0.000000, 0.000000, 0.000000, 1.000000
10.373465, 8.411260, 0.000000, 0.000000, 0.000000, 0.000000, 1.000000
10.373512, 8.411260, 0.000000, 0.000000, 0.000000, 0.000000, 1.000000
10.373512, 8.411260, 0.000000, 0.000000, 0.000000, 0.000000, 1.000000
10.373512, 8.411260, 0.000000, 0.000000, 0.000000, 0.000000, 1.000000
10.373560, 8.411260, 0.000000, -0.000000, 0.000000, 0.000033, -1.000000
10.373560, 8.411260, 0.000000, -0.000000, 0.000000, 0.000033, -1.000000
10.373890, 8.411259, 0.000000, 0.000000, 0.000000, 0.000000, 1.000000
10.373890, 8.411259, 0.000000, 0.000000, 0.000000, 0.000000, 1.000000
10.373938, 8.411259, 0.000000, -0.000000, 0.000000, 0.000033, -1.000000
10.373938, 8.411259, 0.000000, -0.000000, 0.000000, 0.000033, -1.000000
10.374269, 8.411259, 0.000000, -0.000000, 0.000000, 0.000260, -1.000000
10.374269, 8.411259, 0.000000, -0.000000, 0.000000, 0.000260, -1.000000
10.374269, 8.411259, 0.000000, -0.000000, 0.000000, 0.000260, -1.000000
10.375059, 8.411259, 0.000000, 0.000000, 0.000000, 0.000000, 1.000000
10.375059, 8.411259, 0.000000, 0.000000, 0.000000, 0.000000, 1.000000
10.375107, 8.411259, 0.000000, -0.000000, 0.000000, 0.000033, -1.000000
10.375107, 8.411259, 0.000000, -0.000000, 0.000000, 0.000033, -1.000000
10.375107, 8.411259, 0.000000, -0.000000, 0.000000, 0.000033, -1.000000
10.375437, 8.411258, 0.000000, 0.000000, 0.000000, 0.000000, 1.000000
10.375437, 8.411258, 0.000000, 0.000000, 0.000000, 0.000000, 1.000000
10.375485, 8.411258, 0.000000, 0.000000, 0.000000, 0.000000, 1.000000
10.375485, 8.411258, 0.000000, 0.000000, 0.000000, 0.000000, 1.000000
10.375485, 8.411258, 0.000000, 0.000000, 0.000000, 0.000000, 1.000000
10.375532, 8.411258, 0.000000, -0.000000, 0.000000, 0.000033, -1.000000
10.375532, 8.411258, 0.000000, -0.000000, 0.000000, 0.000033, -1.000000
10.375863, 8.411258, 0.000000, 0.000000, 0.000000, 0.000000, 1.000000
10.375863, 8.411258, 0.000000, 0.000000, 0.000000, 0.000000, 1.000000
10.375863, 8.411258, 0.000000, 0.000000, 0.000000, 0.000000, 1.000000
10.375910, 8.411258, 0.000000, -0.000000, 0.000000, 0.000033, -1.000000
10.375910, 8.411258, 0.000000, -0.000000, 0.000000, 0.000033, -1.000000
10.376241, 8.411258, 0.000000, -0.000000, 0.000000, 0.000260, -1.000000
10.376241, 8.411258, 0.000000, -0.000000, 0.000000, 0.000260, -1.000000
10.376241, 8.411258, 0.000000, -0.000000, 0.000000, 0.000260, -1.000000
10.377031, 8.411257, 0.000000, 0.000000, 0.000000, 0.000000, 1.000000
10.377031, 8.411257, 0.000000, 0.000000, 0.000000, 0.000000, 1.000000
10.377079, 8.411257, 0.000000, -0.000000, 0.000000, 0.000033, -1.000000
10.377079, 8.411257, 0.000000, -0.000000, 0.000000, 0.000033, -1.000000
10.377409, 8.411257, 0.000000, -0.000000, 0.000000, 0.000260, -1.000000
10.377409, 8.411257, 0.000000, -0.000000, 0.000000, 0.000260, -1.000000
10.378200, 8.411256, 0.000000, 0.000000, 0.000000, 0.000000, 1.000000
10.378200, 8.411256, 0.000000, 0.000000, 0.000000, 0.000000, 1.000000
10.378200, 8.411256, 0.000000, 0.000000, 0.000000, 0.000000, 1.000000
10.378247, 8.411256, 0.000000, 0.000000, 0.000000, 0.000000, 1.000000
10.378247, 8.411256, 0.000000, 0.000000, 0.000000, 0.000000, 1.000000
10.378295, 8.411256, 0.000000, -0.000000, 0.000000, 0.000033, -1.000000
10.378295, 8.411256, 0.000000, -0.000000, 0.000000, 0.000033, -1.000000
10.378625, 8.411256, 0.000000, 0.000000, 0.000000, 0.000000, 1.000000
10.378625, 8.411256, 0.000000, 0.000000, 0.000000, 0.000000, 1.000000
10.378673, 8.411256, 0.000000, -0.000000, 0.000000, 0.000033, -1.000000
10.378673, 8.411256, 0.000000, -0.000000, 0.000000, 0.000033, -1.000000
10.378673, 8.411256, 0.000000, -0.000000, 0.000000, 0.000033, -1.000000
10.379004, 8.411256, 0.000000, 0.000000, 0.000000, 0.000000, 1.000000
10.379051, 8.411256, 0.000000, -0.000000, 0.000000, 0.000033, -1.000000
10.379051, 8.411256, 0.000000, -0.000000, 0.000000, 0.000033, -1.000000
10.379051, 8.411256, 0.000000, -0.000000, 0.000000, 0.000033, -1.000000
10.379382, 8.411256, 0.000000, 0.000000, 0.000000, 0.000000, 1.000000
10.379382, 8.411256, 0.000000, 0.000000, 0.000000, 0.000000, 1.000000
10.379429, 8.411256, 0.000000, -0.000000, 0.000000, 0.000033, -1.000000
10.379429, 8.411256, 0.000000, -0.000000, 0.000000, 0.000033, -1.000000
10.379760, 8.411256, 0.000000, 0.000000, 0.000000, 0.000000, 1.000000
10.379760, 8.411256, 0.000000, 0.000000, 0.000000, 0.000000, 1.000000
10.379807, 8.411256, 0.000000, -0.000000, 0.000000, 0.000033, -1.000000
10.379807, 8.411256, 0.000000, -0.000000, 0.000000, 0.000033, -1.000000
10.379807, 8.411256, 0.000000, -0.000000, 0.000000, 0.000033, -1.000000
10.380138, 8.411256, 0.000000, -0.000000, 0.000000, 0.000260, -1.000000
10.380138, 8.411256, 0.000000, -0.000000, 0.000000, 0.000260, -1.000000
10.380928, 8.411255, 0.000000, -0.000000, 0.000000, 0.000804, -1.000000
10.380928, 8.411255, 0.000000, -0.000000, 0.000000, 0.000804, -1.000000
10.380928, 8.411255, 0.000000, -0.000000, 0.000000, 0.000804, -1.000000
10.382157, 8.411252, 0.000000, 0.000000, 0.000000, 0.000000, 1.000000
10.382157, 8.411252, 0.000000, 0.000000, 0.000000, 0.000000, 1.000000
10.382204, 8.411252, 0.000000, -0.000000, 0.000000, 0.000033, -1.000000
10.382204, 8.411252, 0.000000, -0.000000, 0.000000, 0.000033, -1.000000
10.382535, 8.411252, 0.000000, 0.000000, 0.000000, 0.000000, 1.000000
10.382535, 8.411252, 0.000000, 0.000000, 0.000000, 0.000000, 1.000000
10.382582, 8.411252, 0.000000, -0.000000, 0.000000, 0.000033, -1.000000
10.382582, 8.411252, 0.000000, -0.000000, 0.000000, 0.000033, -1.000000
10.382582, 8.411252, 0.000000, -0.000000, 0.000000, 0.000033, -1.000000
10.382913, 8.411252, 0.000000, 0.000000, 0.000000, 0.000000, 1.000000
10.382913, 8.411252, 0.000000, 0.000000, 0.000000, 0.000000, 1.000000
10.382961, 8.411252, 0.000000, -0.000000, 0.000000, 0.000033, -1.000000
10.382961, 8.411252, 0.000000, -0.000000, 0.000000, 0.000033, -1.000000
10.383291, 8.411252, 0.000000, 0.000000, 0.000000, 0.000000, 1.000000
10.383291, 8.411252, 0.000000, 0.000000, 0.000000, 0.000000, 1.000000
10.383339, 8.411252, 0.000000, -0.000000, 0.000000, 0.000033, -1.000000
10.383339, 8.411252, 0.000000, -0.000000, 0.000000, 0.000033, -1.000000
10.383339, 8.411252, 0.000000, -0.000000, 0.000000, 0.000033, -1.000000
10.383669, 8.411252, 0.000000, -0.000000, 0.000000, 0.000260, -1.000000
10.383669, 8.411252, 0.000000, -0.000000, 0.000000, 0.000260, -1.000000
10.384460, 8.411251, 0.000000, 0.000000, 0.000000, 0.000000, 1.000000
10.384460, 8.411251, 0.000000, 0.000000, 0.000000, 0.000000, 1.000000
10.384460, 8.411251, 0.000000, 0.000000, 0.000000, 0.000000, 1.000000
10.384507, 8.411251, 0.000000, -0.000000, 0.000000, 0.000033, -1.000000
10.384507, 8.411251, 0.000000, -0.000000, 0.000000, 0.000033, -1.000000
10.384838, 8.411251, 0.000000, 0.000000, 0.000000, 0.000000, 1.000000
10.384838, 8.411251, 0.000000, 0.000000, 0.000000, 0.000000, 1.000000
10.384885, 8.411251, 0.000000, 0.000000, 0.000000, 0.000000, 1.000000
10.384885, 8.411251, 0.000000, 0.000000, 0.000000, 0.000000, 1.000000
10.384933, 8.411251, 0.000000, -0.000000, 0.000000, 0.000033, -1.000000
10.384933, 8.411251, 0.000000, -0.000000, 0.000000, 0.000033, -1.000000
10.384933, 8.411251, 0.000000, -0.000000, 0.000000, 0.000033, -1.000000
10.385263, 8.411251, 0.000000, 0.000000, 0.000000, 0.000000, 1.000000
10.385311, 8.411251, 0.000000, -0.000000, 0.000000, 0.000033, -1.000000
10.385311, 8.411251, 0.000000, -0.000000, 0.000000, 0.000033, -1.000000
10.385311, 8.411251, 0.000000, -0.000000, 0.000000, 0.000033, -1.000000
10.385642, 8.411251, 0.000000, 0.000000, 0.000000, 0.000000, 1.000000
10.385642, 8.411251, 0.000000, 0.000000, 0.000000, 0.000000, 1.000000
10.385689, 8.411251, 0.000000, -0.000000, 0.000000, 0.000033, -1.000000
10.385689, 8.411251, 0.000000, -0.000000, 0.000000, 0.000033, -1.000000
10.386020, 8.411250, 0.000000, -0.000000, 0.000000, 0.000260, -1.000000
10.386020, 8.411250, 0.000000, -0.000000, 0.000000, 0.000260, -1.000000
10.386810, 8.411250, 0.000000, 0.000000, 0.000000, 0.000000, 1.000000
10.386810, 8.411250, 0.000000, 0.000000, 0.000000, 0.000000, 1.000000
10.386810, 8.411250, 0.000000, 0.000000, 0.000000, 0.000000, 1.000000
10.386858, 8.411250, 0.000000, -0.000000, 0.000000, 0.000033, -1.000000
10.386858, 8.411250, 0.000000, -0.000000, 0.000000, 0.000033, -1.000000
10.387188, 8.411250, 0.000000, -0.000000, 0.000000, 0.000260, -1.000000
10.387188, 8.411250, 0.000000, -0.000000, 0.000000, 0.000260, -1.000000
10.387979, 8.411249, 0.000000, 0.000000, 0.000000, 0.000000, 1.000000
10.387979, 8.411249, 0.000000, 0.000000, 0.000000, 0.000000, 1.000000
10.388026, 8.411249, 0.000000, -0.000000, 0.000000, 0.000033, -1.000000
10.388026, 8.411249, 0.000000, -0.000000, 0.000000, 0.000033, -1.000000
10.388026, 8.411249, 0.000000, -0.000000, 0.000000, 0.000033, -1.000000
10.388357, 8.411249, 0.000000, 0.000000, 0.000000, 0.000000, 1.000000
10.388404, 8.411249, 0.000000, -0.000000, 0.000000, 0.000033, -1.000000
10.388404, 8.411249, 0.000000, -0.000000, 0.000000, 0.000033, -1.000000
10.388404, 8.411249, 0.000000, -0.000000, 0.000000, 0.000033, -1.000000
10.388735, 8.411248, 0.000000, -0.000000, 0.000000, 0.000260, -1.000000
10.388735, 8.411248, 0.000000, -0.000000, 0.000000, 0.000260, -1.000000
10.389525, 8.411248, 0.000000, 0.000000, 0.000000, 0.000000, 1.000000
10.389525, 8.411248, 0.000000, 0.000000, 0.000000, 0.000000, 1.000000
10.389525, 8.411248, 0.000000, 0.000000, 0.000000, 0.000000, 1.000000
10.389573, 8.411248, 0.000000, -0.000000, 0.000000, 0.000033, -1.000000
10.389573, 8.411248, 0.000000, -0.000000, 0.000000, 0.000033, -1.000000
10.389903, 8.411248, 0.000000, 0.000000, 0.000000, 0.000000, 1.000000
10.389903, 8.411248, 0.000000, 0.000000, 0.000000, 0.000000, 1.000000
10.389903, 8.411248, 0.000000, 0.000000, 0.000000, 0.000000, 1.000000
10.389951, 8.411248, 0.000000, -0.000000, 0.000000, 0.000033, -1.000000
10.389951, 8.411248, 0.000000, -0.000000, 0.000000, 0.000033, -1.000000
10.390282, 8.411247, 0.000000, 0.000000, 0.000000, 0.000000, 1.000000
10.390282, 8.411247, 0.000000, 0.000000, 0.000000, 0.000000, 1.000000
10.390282, 8.411247, 0.000000, 0.000000, 0.000000, 0.000000, 1.000000
10.390329, 8.411247, 0.000000, -0.000000, 0.000000, 0.000033, -1.000000
10.390329, 8.411247, 0.000000, -0.000000, 0.000000, 0.000033, -1.000000
10.390660, 8.411247, 0.000000, 0.000000, 0.000000, 0.000000, 1.000000
10.390660, 8.411247, 0.000000, 0.000000, 0.000000, 0.000000, 1.000000
10.390707, 8.411247, 0.000000, -0.000000, 0.000000, 0.000033, -1.000000
10.390707, 8.411247, 0.000000, -0.000000, 0.000000, 0.000033, -1.000000
10.391038, 8.411247, 0.000000, -0.000000, 0.000000, 0.000260, -1.000000
10.391038, 8.411247, 0.000000, -0.000000, 0.000000, 0.000260, -1.000000
10.391038, 8.411247, 0.000000, -0.000000, 0.000000, 0.000260, -1.000000
10.391828, 8.411246, 0.000000, 0.000000, 0.000000, 0.000000, 1.000000
10.391828, 8.411246, 0.000000, 0.000000, 0.000000, 0.000000, 1.000000
10.391876, 8.411246, 0.000000, -0.000000, 0.000000, 0.000033, -1.000000
10.391876, 8.411246, 0.000000, -0.000000, 0.000000, 0.000033, -1.000000
10.391876, 8.411246, 0.000000, -0.000000, 0.000000, 0.000033, -1.000000
10.392206, 8.411246, 0.000000, 0.000000, 0.000000, 0.000000, 1.000000
10.392206, 8.411246, 0.000000, 0.000000, 0.000000, 0.000000, 1.000000
10.392254, 8.411246, 0.000000, -0.000000, 0.000000, 0.000033, -1.000000
10.392254, 8.411246, 0.000000, -0.000000, 0.000000, 0.000033, -1.000000
10.392254, 8.411246, 0.000000, -0.000000, 0.000000, 0.000033, -1.000000
10.392584, 8.411246, 0.000000, -0.000000, 0.000000, 0.000260, -1.000000
10.392584, 8.411246, 0.000000, -0.000000, 0.000000, 0.000260, -1.000000
10.393375, 8.411245, 0.000000, 0.000000, 0.000000, 0.000000, 1.000000
10.393375, 8.411245, 0.000000, 0.000000, 0.000000, 0.000000, 1.000000
10.393375, 8.411245, 0.000000, 0.000000, 0.000000, 0.000000, 1.000000
10.393422, 8.411245, 0.000000, -0.000000, 0.000000, 0.000033, -1.000000
10.393422, 8.411245, 0.000000, -0.000000, 0.000000, 0.000033, -1.000000
10.393753, 8.411245, 0.000000, 0.000000, 0.000000, 0.000000, 1.000000
10.393753, 8.411245, 0.000000, 0.000000, 0.000000, 0.000000, 1.000000
10.393753, 8.411245, 0.000000, 0.000000, 0.000000, 0.000000, 1.000000
10.393801, 8.411245, 0.000000, -0.000000, 0.000000, 0.000033, -1.000000
10.393801, 8.411245, 0.000000, -0.000000, 0.000000, 0.000033, -1.000000
10.394131, 8.411245, 0.000000, 0.000000, 0.000000, 0.000000, 1.000000
10.394131, 8.411245, 0.000000, 0.000000, 0.000000, 0.000000, 1.000000
10.394131, 8.411245, 0.000000, 0.000000, 0.000000, 0.000000, 1.000000
10.394179, 8.411245, 0.000000, -0.000000, 0.000000, 0.000033, -1.000000
10.394509, 8.411245, 0.000000, 0.000000, 0.000000, 0.000000, 1.000000
10.394509, 8.411245, 0.000000, 0.000000, 0.000000, 0.000000, 1.000000
10.394509, 8.411245, 0.000000, 0.000000, 0.000000, 0.000000, 1.000000
10.394557, 8.411245, 0.000000, 0.000000, 0.000000, 0.000000, 1.000000
10.394557, 8.411245, 0.000000, 0.000000, 0.000000, 0.000000, 1.000000
10.394604, 8.411245, 0.000000, -0.000000, 0.000000, 0.000033, -1.000000
10.394604, 8.411245, 0.000000, -0.000000, 0.000000, 0.000033, -1.000000
10.394935, 8.411245, 0.000000, -0.000000, 0.000000, 0.000260, -1.000000
10.394935, 8.411245, 0.000000, -0.000000, 0.000000, 0.000260, -1.000000
10.395725, 8.411244, 0.000000, 0.000000, 0.000000, 0.000000, 1.000000
10.395725, 8.411244, 0.000000, 0.000000, 0.000000, 0.000000, 1.000000
10.395725, 8.411244, 0.000000, 0.000000, 0.000000, 0.000000, 1.000000
10.395773, 8.411244, 0.000000, -0.000000, 0.000000, 0.000033, -1.000000
10.395773, 8.411244, 0.000000, -0.000000, 0.000000, 0.000033, -1.000000
10.396103, 8.411244, 0.000000, 0.000000, 0.000000, 0.000000, 1.000000
10.396103, 8.411244, 0.000000, 0.000000, 0.000000, 0.000000, 1.000000
10.396103, 8.411244, 0.000000, 0.000000, 0.000000, 0.000000, 1.000000
10.396151, 8.411244, 0.000000, 0.000000, 0.000000, 0.000000, 1.000000
10.396151, 8.411244, 0.000000, 0.000000, 0.000000, 0.000000, 1.000000
10.396199, 8.411244, 0.000000, -0.000000, 0.000000, 0.000033, -1.000000
10.396199, 8.411244, 0.000000, -0.000000, 0.000000, 0.000033, -1.000000
10.396199, 8.411244, 0.000000, -0.000000, 0.000000, 0.000033, -1.000000
10.396529, 8.411244, 0.000000, 0.000000, 0.000000, 0.000000, 1.000000
10.396529, 8.411244, 0.000000, 0.000000, 0.000000, 0.000000, 1.000000
10.396577, 8.411244, 0.000000, -0.000000, 0.000000, 0.000033, -1.000000
10.396577, 8.411244, 0.000000, -0.000000, 0.000000, 0.000033, -1.000000
10.396577, 8.411244, 0.000000, -0.000000, 0.000000, 0.000033, -1.000000
10.396907, 8.411244, 0.000000, -0.000000, 0.000000, 0.000260, -1.000000
10.396907, 8.411244, 0.000000, -0.000000, 0.000000, 0.000260, -1.000000
10.397698, 8.411243, 0.000000, 0.000000, 0.000000, 0.000000, 1.000000
10.397745, 8.411243, 0.000000, -0.000000, 0.000000, 0.000033, -1.000000
10.397745, 8.411243, 0.000000, -0.000000, 0.000000, 0.000033, -1.000000
10.397745, 8.411243, 0.000000, -0.000000, 0.000000, 0.000033, -1.000000
10.398076, 8.411243, 0.000000, 0.000000, 0.000000, 0.000000, 1.000000
10.398076, 8.411243, 0.000000, 0.000000, 0.000000, 0.000000, 1.000000
10.398076, 8.411243, 0.000000, 0.000000, 0.000000, 0.000000, 1.000000
10.398123, 8.411243, 0.000000, -0.000000, 0.000000, 0.000033, -1.000000
10.398454, 8.411243, 0.000000, 0.000000, 0.000000, 0.000000, 1.000000
10.398454, 8.411243, 0.000000, 0.000000, 0.000000, 0.000000, 1.000000
10.398454, 8.411243, 0.000000, 0.000000, 0.000000, 0.000000, 1.000000
10.398501, 8.411243, 0.000000, -0.000000, 0.000000, 0.000033, -1.000000
10.398501, 8.411243, 0.000000, -0.000000, 0.000000, 0.000033, -1.000000
10.398832, 8.411243, 0.000000, 0.000000, 0.000000, 0.000000, 1.000000
10.398832, 8.411243, 0.000000, 0.000000, 0.000000, 0.000000, 1.000000
10.398880, 8.411243, 0.000000, 0.000000, 0.000000, 0.000000, 1.000000
10.398880, 8.411243, 0.000000, 0.000000, 0.000000, 0.000000, 1.000000
10.398927, 8.411243, 0.000000, 0.000000, 0.000000, 0.000000, 1.000000
10.398927, 8.411243, 0.000000, 0.000000, 0.000000, 0.000000, 1.000000
10.398927, 8.411243, 0.000000, 0.000000, 0.000000, 0.000000, 1.000000
10.398975, 8.411243, 0.000000, 0.000000, 0.000000, 0.000000, 1.000000
10.398975, 8.411243, 0.000000, 0.000000, 0.000000, 0.000000, 1.000000
10.399022, 8.411243, 0.000000, -0.000000, 0.000000, 0.000033, -1.000000
10.399022, 8.411243, 0.000000, -0.000000, 0.000000, 0.000033, -1.000000
10.399353, 8.411243, 0.000000, 0.000000, 0.000000, 0.000000, 1.000000
10.399353, 8.411243, 0.000000, 0.000000, 0.000000, 0.000000, 1.000000
10.399400, 8.411243, 0.000000, -0.000000, 0.000000, 0.000033, -1.000000
10.399400, 8.411243, 0.000000, -0.000000, 0.000000, 0.000033, -1.000000
10.399400, 8.411243, 0.000000, -0.000000, 0.000000, 0.000033, -1.000000
10.399731, 8.411242, 0.000000, -0.000000, 0.000000, 0.000260, -1.000000
10.400521, 8.411242, 0.000000, -0.000000, 0.000000, 0.000804, -1.000000
10.400521, 8.411242, 0.000000, -0.000000, 0.000000, 0.000804, -1.000000
10.400521, 8.411242, 0.000000, -0.000000, 0.000000, 0.000804, -1.000000
10.401750, 8.411239, 0.000000, 0.000000, 0.000000, 0.000000, 1.000000
10.401750, 8.411239, 0.000000, 0.000000, 0.000000, 0.000000, 1.000000
10.401797, 8.411239, 0.000000, 0.000000, 0.000000, 0.000000, 1.000000
10.401797, 8.411239, 0.000000, 0.000000, 0.000000, 0.000000, 1.000000
10.401845, 8.411239, 0.000000, -0.000000, 0.000000, 0.000033, -1.000000
10.401845, 8.411239, 0.000000, -0.000000, 0.000000, 0.000033, -1.000000
10.402175, 8.411239, 0.000000, 0.000000, 0.000000, 0.000000, 1.000000
10.402175, 8.411239, 0.000000, 0.000000, 0.000000, 0.000000, 1.000000
10.402175, 8.411239, 0.000000, 0.000000, 0.000000, 0.000000, 1.000000
10.402223, 8.411239, 0.000000, -0.000000, 0.000000, 0.000033, -1.000000
10.402553, 8.411238, 0.000000, 0.000000, 0.000000, 0.000000, 1.000000
10.402553, 8.411238, 0.000000, 0.000000, 0.000000, 0.000000, 1.000000
10.402553, 8.411238, 0.000000, 0.000000, 0.000000, 0.000000, 1.000000
10.402601, 8.411238, 0.000000, -0.000000, 0.000000, 0.000033, -1.000000
10.402601, 8.411238, 0.000000, -0.000000, 0.000000, 0.000033, -1.000000
10.402932, 8.411238, 0.000000, 0.000000, 0.000000, 0.000000, 1.000000
10.402932, 8.411238, 0.000000, 0.000000, 0.000000, 0.000000, 1.000000
10.402979, 8.411238, 0.000000, -0.000000, 0.000000, 0.000033, -1.000000
10.402979, 8.411238, 0.000000, -0.000000, 0.000000, 0.000033, -1.000000
10.403310, 8.411238, 0.000000, -0.000000, 0.000000, 0.000260, -1.000000
10.403310, 8.411238, 0.000000, -0.000000, 0.000000, 0.000260, -1.000000
10.403310, 8.411238, 0.000000, -0.000000, 0.000000, 0.000260, -1.000000
10.404100, 8.411237, 0.000000, 0.000000, 0.000000, 0.000000, 1.000000
10.404100, 8.411237, 0.000000, 0.000000, 0.000000, 0.000000, 1.000000
10.404148, 8.411237, 0.000000, -0.000000, 0.000000, 0.000033, -1.000000
10.404148, 8.411237, 0.000000, -0.000000, 0.000000, 0.000033, -1.000000
10.404478, 8.411237, 0.000000, -0.000000, 0.000000, 0.000260, -1.000000
10.404478, 8.411237, 0.000000, -0.000000, 0.000000, 0.000260, -1.000000
10.405269, 8.411236, 0.000000, 0.000000, 0.000000, 0.000000, 1.000000
10.405269, 8.411236, 0.000000, 0.000000, 0.000000, 0.000000, 1.000000
10.405269, 8.411236, 0.000000, 0.000000, 0.000000, 0.000000, 1.000000
10.405316, 8.411236, 0.000000, 0.000000, 0.000000, 0.000000, 1.000000
10.405316, 8.411236, 0.000000, 0.000000, 0.000000, 0.000000, 1.000000
10.405364, 8.411236, 0.000000, -0.000000, 0.000000, 0.000033, -1.000000
10.405364, 8.411236, 0.000000, -0.000000, 0.000000, 0.000033, -1.000000
10.405364, 8.411236, 0.000000, -0.000000, 0.000000, 0.000033, -1.000000
10.405694, 8.411236, 0.000000, 0.000000, 0.000000, 0.000000, 1.000000
10.405694, 8.411236, 0.000000, 0.000000, 0.000000, 0.000000, 1.000000
10.405742, 8.411236, 0.000000, -0.000000, 0.000000, 0.000033, -1.000000
10.405742, 8.411236, 0.000000, -0.000000, 0.000000, 0.000033, -1.000000
10.405742, 8.411236, 0.000000, -0.000000, 0.000000, 0.000033, -1.000000
10.406072, 8.411236, 0.000000, 0.000000, 0.000000, 0.000000, 1.000000
10.406072, 8.411236, 0.000000, 0.000000, 0.000000, 0.000000, 1.000000
10.406120, 8.411236, 0.000000, -0.000000, 0.000000, 0.000033, -1.000000
10.406120, 8.411236, 0.000000, -0.000000, 0.000000, 0.000033, -1.000000
10.406120, 8.411236, 0.000000, -0.000000, 0.000000, 0.000033, -1.000000
10.406451, 8.411236, 0.000000, -0.000000, 0.000000, 0.000260, -1.000000
10.407241, 8.411235, 0.000000, -0.000000, 0.000000, 0.000804, -1.000000
10.407241, 8.411235, 0.000000, -0.000000, 0.000000, 0.000804, -1.000000
10.407241, 8.411235, 0.000000, -0.000000, 0.000000, 0.000804, -1.000000
10.408469, 8.411232, 0.000000, -0.000000, 0.000000, 0.001650, -0.999999
10.408469, 8.411232, 0.000000, -0.000000, 0.000000, 0.001650, -0.999999
10.410115, 8.411225, 0.000000, 0.000000, 0.000000, 0.000000, 1.000000
10.410115, 8.411225, 0.000000, 0.000000, 0.000000, 0.000000, 1.000000
10.410162, 8.411225, 0.000000, -0.000000, 0.000000, 0.000033, -1.000000
10.410162, 8.411225, 0.000000, -0.000000, 0.000000, 0.000033, -1.000000
10.410493, 8.411225, 0.000000, -0.000000, 0.000000, 0.000260, -1.000000
10.410493, 8.411225, 0.000000, -0.000000, 0.000000, 0.000260, -1.000000
10.410493, 8.411225, 0.000000, -0.000000, 0.000000, 0.000260, -1.000000
10.411283, 8.411224, 0.000000, -0.000000, 0.000000, 0.000804, -1.000000
10.411283, 8.411224, 0.000000, -0.000000, 0.000000, 0.000804, -1.000000
10.412511, 8.411221, 0.000000, 0.000000, 0.000000, 0.000000, 1.000000
10.412511, 8.411221, 0.000000, 0.000000, 0.000000, 0.000000, 1.000000
10.412559, 8.411221, 0.000000, -0.000000, 0.000000, 0.000033, -1.000000
10.412559, 8.411221, 0.000000, -0.000000, 0.000000, 0.000033, -1.000000
10.412890, 8.411221, 0.000000, -0.000000, 0.000000, 0.000260, -1.000000
10.412890, 8.411221, 0.000000, -0.000000, 0.000000, 0.000260, -1.000000
10.412890, 8.411221, 0.000000, -0.000000, 0.000000, 0.000260, -1.000000
10.413680, 8.411220, 0.000000, 0.000000, 0.000000, 0.000000, 1.000000
10.413727, 8.411220, 0.000000, 0.000000, 0.000000, 0.000000, 1.000000
10.413727, 8.411220, 0.000000, 0.000000, 0.000000, 0.000000, 1.000000
10.413727, 8.411220, 0.000000, 0.000000, 0.000000, 0.000000, 1.000000
10.413775, 8.411220, 0.000000, -0.000000, 0.000000, 0.000033, -1.000000
10.413775, 8.411220, 0.000000, -0.000000, 0.000000, 0.000033, -1.000000
10.414106, 8.411220, 0.000000, 0.000000, 0.000000, 0.000000, 1.000000
10.414106, 8.411220, 0.000000, 0.000000, 0.000000, 0.000000, 1.000000
10.414153, 8.411220, 0.000000, -0.000000, 0.000000, 0.000033, -1.000000
10.414153, 8.411220, 0.000000, -0.000000, 0.000000, 0.000033, -1.000000
10.414484, 8.411220, 0.000000, 0.000000, 0.000000, 0.000000, 1.000000
10.414484, 8.411220, 0.000000, 0.000000, 0.000000, 0.000000, 1.000000
10.414484, 8.411220, 0.000000, 0.000000, 0.000000, 0.000000, 1.000000
10.414531, 8.411220, 0.000000, 0.000000, 0.000000, 0.000000, 1.000000
10.414531, 8.411220, 0.000000, 0.000000, 0.000000, 0.000000, 1.000000
10.414579, 8.411220, 0.000000, -0.000000, 0.000000, 0.000033, -1.000000
10.414579, 8.411220, 0.000000, -0.000000, 0.000000, 0.000033, -1.000000
10.414579, 8.411220, 0.000000, -0.000000, 0.000000, 0.000033, -1.000000
10.414909, 8.411220, 0.000000, -0.000000, 0.000000, 0.000260, -1.000000
10.414909, 8.411220, 0.000000, -0.000000, 0.000000, 0.000260, -1.000000
10.415700, 8.411219, 0.000000, -0.000000, 0.000000, 0.000804, -1.000000
10.415700, 8.411219, 0.000000, -0.000000, 0.000000, 0.000804, -1.000000
10.415700, 8.411219, 0.000000, -0.000000, 0.000000, 0.000804, -1.000000
10.416928, 8.411216, 0.000000, 0.000000, 0.000000, 0.000000, 1.000000
10.416928, 8.411216, 0.000000, 0.000000, 0.000000, 0.000000, 1.000000
10.416976, 8.411216, 0.000000, -0.000000, 0.000000, 0.000033, -1.000000
10.416976, 8.411216, 0.000000, -0.000000, 0.000000, 0.000033, -1.000000
10.416976, 8.411216, 0.000000, -0.000000, 0.000000, 0.000033, -1.000000
10.417306, 8.411216, 0.000000, -0.000000, 0.000000, 0.000260, -1.000000
10.417306, 8.411216, 0.000000, -0.000000, 0.000000, 0.000260, -1.000000
10.418097, 8.411215, 0.000000, 0.000000, 0.000000, 0.000000, 1.000000
10.418097, 8.411215, 0.000000, 0.000000, 0.000000, 0.000000, 1.000000
10.418144, 8.411215, 0.000000, -0.000000, 0.000000, 0.000033, -1.000000
10.418144, 8.411215, 0.000000, -0.000000, 0.000000, 0.000033, -1.000000
10.418475, 8.411215, 0.000000, 0.000000, 0.000000, 0.000000, 1.000000
10.418475, 8.411215, 0.000000, 0.000000, 0.000000, 0.000000, 1.000000
10.418475, 8.411215, 0.000000, 0.000000, 0.000000, 0.000000, 1.000000
10.418522, 8.411215, 0.000000, -0.000000, 0.000000, 0.000033, -1.000000
10.418853, 8.411215, 0.000000, 0.000000, 0.000000, 0.000000, 1.000000
10.418853, 8.411215, 0.000000, 0.000000, 0.000000, 0.000000, 1.000000
10.418853, 8.411215, 0.000000, 0.000000, 0.000000, 0.000000, 1.000000
10.418900, 8.411215, 0.000000, -0.000000, 0.000000, 0.000033, -1.000000
10.418900, 8.411215, 0.000000, -0.000000, 0.000000, 0.000033, -1.000000
10.419231, 8.411215, 0.000000, -0.000000, 0.000000, 0.000260, -1.000000
10.419231, 8.411215, 0.000000, -0.000000, 0.000000, 0.000260, -1.000000
10.420021, 8.411214, 0.000000, 0.000000, 0.000000, 0.000000, 1.000000
10.420021, 8.411214, 0.000000, 0.000000, 0.000000, 0.000000, 1.000000
10.420069, 8.411214, 0.000000, -0.000000, 0.000000, 0.000033, -1.000000
10.420069, 8.411214, 0.000000, -0.000000, 0.000000, 0.000033, -1.000000
10.420069, 8.411214, 0.000000, -0.000000, 0.000000, 0.000033, -1.000000
10.420400, 8.411214, 0.000000, 0.000000, 0.000000, 0.000000, 1.000000
10.420447, 8.411214, 0.000000, -0.000000, 0.000000, 0.000033, -1.000000
10.420447, 8.411214, 0.000000, -0.000000, 0.000000, 0.000033, -1.000000
10.420447, 8.411214, 0.000000, -0.000000, 0.000000, 0.000033, -1.000000
10.420778, 8.411214, 0.000000, 0.000000, 0.000000, 0.000000, 1.000000
10.420778, 8.411214, 0.000000, 0.000000, 0.000000, 0.000000, 1.000000
10.420825, 8.411214, 0.000000, -0.000000, 0.000000, 0.000033, -1.000000
10.420825, 8.411214, 0.000000, -0.000000, 0.000000, 0.000033, -1.000000
10.421156, 8.411214, 0.000000, 0.000000, 0.000000, 0.000000, 1.000000
10.421156, 8.411214, 0.000000, 0.000000, 0.000000, 0.000000, 1.000000
10.421203, 8.411214, 0.000000, 0.000000, 0.000000, 0.000000, 1.000000
10.421203, 8.411214, 0.000000, 0.000000, 0.000000, 0.000000, 1.000000
10.421203, 8.411214, 0.000000, 0.000000, 0.000000, 0.000000, 1.000000
10.421251, 8.411214, 0.000000, -0.000000, 0.000000, 0.000033, -1.000000
10.421251, 8.411214, 0.000000, -0.000000, 0.000000, 0.000033, -1.000000
10.421581, 8.411213, 0.000000, 0.000000, 0.000000, 0.000000, 1.000000
10.421581, 8.411213, 0.000000, 0.000000, 0.000000, 0.000000, 1.000000
10.421629, 8.411213, 0.000000, 0.000000, 0.000000, 0.000000, 1.000000
10.421629, 8.411213, 0.000000, 0.000000, 0.000000, 0.000000, 1.000000
10.421677, 8.411213, 0.000000, -0.000000, 0.000000, 0.000033, -1.000000
10.421677, 8.411213, 0.000000, -0.000000, 0.000000, 0.000033, -1.000000
10.421677, 8.411213, 0.000000, -0.000000, 0.000000, 0.000033, -1.000000
10.422007, 8.411213, 0.000000, -0.000000, 0.000000, 0.000260, -1.000000
10.422798, 8.411213, 0.000000, -0.000000, 0.000000, 0.000804, -1.000000
10.422798, 8.411213, 0.000000, -0.000000, 0.000000, 0.000804, -1.000000
10.422798, 8.411213, 0.000000, -0.000000, 0.000000, 0.000804, -1.000000
10.424026, 8.411210, 0.000000, 0.000000, 0.000000, 0.000000, 1.000000
10.424026, 8.411210, 0.000000, 0.000000, 0.000000, 0.000000, 1.000000
10.424073, 8.411210, 0.000000, -0.000000, 0.000000, 0.000033, -1.000000
10.424073, 8.411210, 0.000000, -0.000000, 0.000000, 0.000033, -1.000000
10.424404, 8.411209, 0.000000, -0.000000, 0.000000, 0.000260, -1.000000
10.424404, 8.411209, 0.000000, -0.000000, 0.000000, 0.000260, -1.000000
10.425194, 8.411209, 0.000000, 0.000000, 0.000000, 0.000000, 1.000000
10.425194, 8.411209, 0.000000, 0.000000, 0.000000, 0.000000, 1.000000
10.425194, 8.411209, 0.000000, 0.000000, 0.000000, 0.000000, 1.000000
10.425242, 8.411209, 0.000000, -0.000000, 0.000000, 0.000033, -1.000000
10.425242, 8.411209, 0.000000, -0.000000, 0.000000, 0.000033, -1.000000
10.425572, 8.411208, 0.000000, -0.000000, 0.000000, 0.000260, -1.000000
10.425572, 8.411208, 0.000000, -0.000000, 0.000000, 0.000260, -1.000000
10.425572, 8.411208, 0.000000, -0.000000, 0.000000, 0.000260, -1.000000
10.426363, 8.411208, 0.000000, 0.000000, 0.000000, 0.000000, 1.000000
10.426363, 8.411208, 0.000000, 0.000000, 0.000000, 0.000000, 1.000000
10.426410, 8.411208, 0.000000, -0.000000, 0.000000, 0.000033, -1.000000
10.426410, 8.411208, 0.000000, -0.000000, 0.000000, 0.000033, -1.000000
10.426410, 8.411208, 0.000000, -0.000000, 0.000000, 0.000033, -1.000000
10.426741, 8.411208, 0.000000, 0.000000, 0.000000, 0.000000, 1.000000
10.426741, 8.411208, 0.000000, 0.000000, 0.000000, 0.000000, 1.000000
10.426789, 8.411208, 0.000000, -0.000000, 0.000000, 0.000033, -1.000000
10.426789, 8.411208, 0.000000, -0.000000, 0.000000, 0.000033, -1.000000
10.426789, 8.411208, 0.000000, -0.000000, 0.000000, 0.000033, -1.000000
10.427119, 8.411207, 0.000000, 0.000000, 0.000000, 0.000000, 1.000000
10.427119, 8.411207, 0.000000, 0.000000, 0.000000, 0.000000, 1.000000
10.427167, 8.411207, 0.000000, -0.000000, 0.000000, 0.000033, -1.000000
10.427167, 8.411207, 0.000000, -0.000000, 0.000000, 0.000033, -1.000000
10.427167, 8.411207, 0.000000, -0.000000, 0.000000, 0.000033, -1.000000
10.427497, 8.411207, 0.000000, -0.000000, 0.000000, 0.000260, -1.000000
10.427497, 8.411207, 0.000000, -0.000000, 0.000000, 0.000260, -1.000000
10.428288, 8.411207, 0.000000, -0.000000, 0.000000, 0.000804, -1.000000
10.428288, 8.411207, 0.000000, -0.000000, 0.000000, 0.000804, -1.000000
10.428288, 8.411207, 0.000000, -0.000000, 0.000000, 0.000804, -1.000000
10.429516, 8.411204, 0.000000, -0.000000, 0.000000, 0.001650, -0.999999
10.429516, 8.411204, 0.000000, -0.000000, 0.000000, 0.001650, -0.999999
10.431161, 8.411196, 0.000000, 0.000000, 0.000000, 0.000000, 1.000000
10.431161, 8.411196, 0.000000, 0.000000, 0.000000, 0.000000, 1.000000
10.431161, 8.411196, 0.000000, 0.000000, 0.000000, 0.000000, 1.000000
10.431209, 8.411196, 0.000000, -0.000000, 0.000000, 0.000033, -1.000000
10.431209, 8.411196, 0.000000, -0.000000, 0.000000, 0.000033, -1.000000
10.431539, 8.411196, 0.000000, -0.000000, 0.000000, 0.000260, -1.000000
10.431539, 8.411196, 0.000000, -0.000000, 0.000000, 0.000260, -1.000000
10.431539, 8.411196, 0.000000, -0.000000, 0.000000, 0.000260, -1.000000
10.432330, 8.411195, 0.000000, 0.000000, 0.000000, 0.000000, 1.000000
10.432330, 8.411195, 0.000000, 0.000000, 0.000000, 0.000000, 1.000000
10.432377, 8.411195, 0.000000, -0.000000, 0.000000, 0.000033, -1.000000
10.432377, 8.411195, 0.000000, -0.000000, 0.000000, 0.000033, -1.000000
10.432377, 8.411195, 0.000000, -0.000000, 0.000000, 0.000033, -1.000000
10.432708, 8.411195, 0.000000, -0.000000, 0.000000, 0.000260, -1.000000
10.432708, 8.411195, 0.000000, -0.000000, 0.000000, 0.000260, -1.000000
10.433498, 8.411194, 0.000000, -0.000000, 0.000000, 0.000804, -1.000000
10.433498, 8.411194, 0.000000, -0.000000, 0.000000, 0.000804, -1.000000
10.433498, 8.411194, 0.000000, -0.000000, 0.000000, 0.000804, -1.000000
10.434727, 8.411191, 0.000000, -0.000000, 0.000000, 0.001650, -0.999999
10.434727, 8.411191, 0.000000, -0.000000, 0.000000, 0.001650, -0.999999
10.436372, 8.411184, 0.000000, 0.000000, 0.000000, 0.000000, 1.000000
10.436372, 8.411184, 0.000000, 0.000000, 0.000000, 0.000000, 1.000000
10.436372, 8.411184, 0.000000, 0.000000, 0.000000, 0.000000, 1.000000
10.436419, 8.411184, 0.000000, -0.000000, 0.000000, 0.000033, -1.000000
10.436419, 8.411184, 0.000000, -0.000000, 0.000000, 0.000033, -1.000000
10.436750, 8.411184, 0.000000, -0.000000, 0.000000, 0.000260, -1.000000
10.436750, 8.411184, 0.000000, -0.000000, 0.000000, 0.000260, -1.000000
10.436750, 8.411184, 0.000000, -0.000000, 0.000000, 0.000260, -1.000000
10.437540, 8.411183, 0.000000, -0.000000, 0.000000, 0.000804, -1.000000
10.437540, 8.411183, 0.000000, -0.000000, 0.000000, 0.000804, -1.000000
10.438769, 8.411180, 0.000000, -0.000000, 0.000000, 0.001650, -0.999999
10.438769, 8.411180, 0.000000, -0.000000, 0.000000, 0.001650, -0.999999
10.440414, 8.411173, 0.000000, -0.000000, 0.000000, 0.002782, -0.999996
10.440414, 8.411173, 0.000000, -0.000000, 0.000000, 0.002782, -0.999996
10.442457, 8.411159, 0.000000, 0.000000, 0.000000, 0.000000, 1.000000
10.442457, 8.411159, 0.000000, 0.000000, 0.000000, 0.000000, 1.000000
10.442457, 8.411159, 0.000000, 0.000000, 0.000000, 0.000000, 1.000000
10.442504, 8.411159, 0.000000, -0.000000, 0.000000, 0.000033, -1.000000
10.442835, 8.411158, 0.000000, -0.000000, 0.000000, 0.000260, -1.000000
10.442835, 8.411158, 0.000000, -0.000000, 0.000000, 0.000260, -1.000000
10.442835, 8.411158, 0.000000, -0.000000, 0.000000, 0.000260, -1.000000
10.443625, 8.411158, 0.000000, -0.000000, 0.000000, 0.000804, -1.000000
10.443625, 8.411158, 0.000000, -0.000000, 0.000000, 0.000804, -1.000000
10.444853, 8.411155, 0.000000, -0.000000, 0.000000, 0.001650, -0.999999
10.444853, 8.411155, 0.000000, -0.000000, 0.000000, 0.001650, -0.999999
10.446499, 8.411147, 0.000000, -0.000000, 0.000000, 0.002782, -0.999996
10.446499, 8.411147, 0.000000, -0.000000, 0.000000, 0.002782, -0.999996
10.448541, 8.411133, 0.000000, -0.000000, 0.000000, 0.004189, -0.999991
10.448541, 8.411133, 0.000000, -0.000000, 0.000000, 0.004189, -0.999991
10.448541, 8.411133, 0.000000, -0.000000, 0.000000, 0.004189, -0.999991
10.450962, 8.411109, 0.000000, -0.000000, 0.000000, 0.005855, -0.999983
10.453743, 8.411071, 0.000000, -0.000000, 0.000000, 0.007770, -0.999970
10.453743, 8.411071, 0.000000, -0.000000, 0.000000, 0.007770, -0.999970
10.453743, 8.411071, 0.000000, -0.000000, 0.000000, 0.007770, -0.999970
10.456868, 8.411016, 0.000000, -0.000000, 0.000000, 0.009920, -0.999951
10.456868, 8.411016, 0.000000, -0.000000, 0.000000, 0.009920, -0.999951
10.460318, 8.410939, 0.000000, -0.000000, 0.000000, 0.012296, -0.999924
10.460318, 8.410939, 0.000000, -0.000000, 0.000000, 0.012296, -0.999924
10.464080, 8.410837, 0.000000, -0.000000, 0.000000, 0.014886, -0.999889
10.464080, 8.410837, 0.000000, -0.000000, 0.000000, 0.014886, -0.999889
10.468137, 8.410704, 0.000000, -0.000000, 0.000000, 0.017680, -0.999844
10.468137, 8.410704, 0.000000, -0.000000, 0.000000, 0.017680, -0.999844
10.468137, 8.410704, 0.000000, -0.000000, 0.000000, 0.017680, -0.999844
10.472476, 8.410538, 0.000000, -0.000000, 0.000000, 0.020669, -0.999786
10.472476, 8.410538, 0.000000, -0.000000, 0.000000, 0.020669, -0.999786
10.477082, 8.410333, 0.000000, -0.000000, 0.000000, 0.023842, -0.999716
10.477082, 8.410333, 0.000000, -0.000000, 0.000000, 0.023842, -0.999716
10.481943, 8.410084, 0.000000, 0.000000, 0.000000, 0.000000, 1.000000
10.481943, 8.410084, 0.000000, 0.000000, 0.000000, 0.000000, 1.000000
10.481991, 8.410084, 0.000000, -0.000000, 0.000000, 0.000033, -1.000000
10.481991, 8.410084, 0.000000, -0.000000, 0.000000, 0.000033, -1.000000
10.481991, 8.410084, 0.000000, -0.000000, 0.000000, 0.000033, -1.000000
10.482322, 8.410084, 0.000000, -0.000000, 0.000000, 0.000260, -1.000000
10.483112, 8.410084, 0.000000, -0.000000, 0.000000, 0.000804, -1.000000
10.483112, 8.410084, 0.000000, -0.000000, 0.000000, 0.000804, -1.000000
10.483112, 8.410084, 0.000000, -0.000000, 0.000000, 0.000804, -1.000000
10.484340, 8.410080, 0.000000, 0.000000, 0.000000, 0.000000, 1.000000
10.484340, 8.410080, 0.000000, 0.000000, 0.000000, 0.000000, 1.000000
10.484388, 8.410080, 0.000000, -0.000000, 0.000000, 0.000033, -1.000000
10.484718, 8.410080, 0.000000, -0.000000, 0.000000, 0.000260, -1.000000
10.484718, 8.410080, 0.000000, -0.000000, 0.000000, 0.000260, -1.000000
10.484718, 8.410080, 0.000000, -0.000000, 0.000000, 0.000260, -1.000000
10.485509, 8.410080, 0.000000, 0.000000, 0.000000, 0.000000, 1.000000
10.485509, 8.410080, 0.000000, 0.000000, 0.000000, 0.000000, 1.000000
10.485509, 8.410080, 0.000000, 0.000000, 0.000000, 0.000000, 1.000000
10.485556, 8.410080, 0.000000, -0.000000, 0.000000, 0.000033, -1.000000
10.485887, 8.410079, 0.000000, -0.000000, 0.000000, 0.000260, -1.000000
10.485887, 8.410079, 0.000000, -0.000000, 0.000000, 0.000260, -1.000000
10.485887, 8.410079, 0.000000, -0.000000, 0.000000, 0.000260, -1.000000
10.486677, 8.410079, 0.000000, -0.000000, 0.000000, 0.000804, -1.000000
10.486677, 8.410079, 0.000000, -0.000000, 0.000000, 0.000804, -1.000000
10.487905, 8.410076, 0.000000, -0.000000, 0.000000, 0.001650, -0.999999
10.487905, 8.410076, 0.000000, -0.000000, 0.000000, 0.001650, -0.999999
10.487905, 8.410076, 0.000000, -0.000000, 0.000000, 0.001650, -0.999999
10.489551, 8.410068, 0.000000, 0.000000, 0.000000, 0.000000, 1.000000
10.489551, 8.410068, 0.000000, 0.000000, 0.000000, 0.000000, 1.000000
10.489598, 8.410068, 0.000000, -0.000000, 0.000000, 0.000033, -1.000000
10.489598, 8.410068, 0.000000, -0.000000, 0.000000, 0.000033, -1.000000
10.489598, 8.410068, 0.000000, -0.000000, 0.000000, 0.000033, -1.000000
10.489929, 8.410068, 0.000000, -0.000000, 0.000000, 0.000260, -1.000000
10.489929, 8.410068, 0.000000, -0.000000, 0.000000, 0.000260, -1.000000
10.490719, 8.410067, 0.000000, -0.000000, 0.000000, 0.000804, -1.000000
10.490719, 8.410067, 0.000000, -0.000000, 0.000000, 0.000804, -1.000000
10.491948, 8.410064, 0.000000, -0.000000, 0.000000, 0.001650, -0.999999
10.491948, 8.410064, 0.000000, -0.000000, 0.000000, 0.001650, -0.999999
10.493593, 8.410057, 0.000000, -0.000000, 0.000000, 0.002782, -0.999996
10.493593, 8.410057, 0.000000, -0.000000, 0.000000, 0.002782, -0.999996
10.493593, 8.410057, 0.000000, -0.000000, 0.000000, 0.002782, -0.999996
10.495636, 8.410043, 0.000000, 0.000000, 0.000000, 0.000000, 1.000000
10.495683, 8.410043, 0.000000, -0.000000, 0.000000, 0.000033, -1.000000
10.495683, 8.410043, 0.000000, -0.000000, 0.000000, 0.000033, -1.000000
10.495683, 8.410043, 0.000000, -0.000000, 0.000000, 0.000033, -1.000000
10.496014, 8.410043, 0.000000, -0.000000, 0.000000, 0.000260, -1.000000
10.496014, 8.410043, 0.000000, -0.000000, 0.000000, 0.000260, -1.000000
10.496804, 8.410042, 0.000000, -0.000000, 0.000000, 0.000804, -1.000000
10.496804, 8.410042, 0.000000, -0.000000, 0.000000, 0.000804, -1.000000
10.498032, 8.410039, 0.000000, -0.000000, 0.000000, 0.001650, -0.999999
10.498032, 8.410039, 0.000000, -0.000000, 0.000000, 0.001650, -0.999999
10.499678, 8.410032, 0.000000, -0.000000, 0.000000, 0.002782, -0.999996
10.499678, 8.410032, 0.000000, -0.000000, 0.000000, 0.002782, -0.999996
10.499678, 8.410032, 0.000000, -0.000000, 0.000000, 0.002782, -0.999996
10.501720, 8.410017, 0.000000, -0.000000, 0.000000, 0.004189, -0.999991
10.504141, 8.409993, 0.000000, -0.000000, 0.000000, 0.005855, -0.999983
10.504141, 8.409993, 0.000000, -0.000000, 0.000000, 0.005855, -0.999983
10.504141, 8.409993, 0.000000, -0.000000, 0.000000, 0.005855, -0.999983
10.506922, 8.409955, 0.000000, -0.000000, 0.000000, 0.007770, -0.999970
10.506922, 8.409955, 0.000000, -0.000000, 0.000000, 0.007770, -0.999970
10.510047, 8.409900, 0.000000, -0.000000, 0.000000, 0.009920, -0.999951
10.510047, 8.409900, 0.000000, -0.000000, 0.000000, 0.009920, -0.999951
10.513497, 8.409823, 0.000000, 0.000000, 0.000000, 0.000000, 1.000000
10.513497, 8.409823, 0.000000, 0.000000, 0.000000, 0.000000, 1.000000
10.513545, 8.409823, 0.000000, -0.000000, 0.000000, 0.000033, -1.000000
10.513545, 8.409823, 0.000000, -0.000000, 0.000000, 0.000033, -1.000000
10.513545, 8.409823, 0.000000, -0.000000, 0.000000, 0.000033, -1.000000
10.513875, 8.409823, 0.000000, -0.000000, 0.000000, 0.000260, -1.000000
10.513875, 8.409823, 0.000000, -0.000000, 0.000000, 0.000260, -1.000000
10.514666, 8.409822, 0.000000, -0.000000, 0.000000, 0.000804, -1.000000
10.514666, 8.409822, 0.000000, -0.000000, 0.000000, 0.000804, -1.000000
10.514666, 8.409822, 0.000000, -0.000000, 0.000000, 0.000804, -1.000000
10.515894, 8.409819, 0.000000, -0.000000, 0.000000, 0.001650, -0.999999
10.515894, 8.409819, 0.000000, -0.000000, 0.000000, 0.001650, -0.999999
10.517539, 8.409812, 0.000000, -0.000000, 0.000000, 0.002782, -0.999996
10.517539, 8.409812, 0.000000, -0.000000, 0.000000, 0.002782, -0.999996
10.517539, 8.409812, 0.000000, -0.000000, 0.000000, 0.002782, -0.999996
10.519582, 8.409798, 0.000000, -0.000000, 0.000000, 0.004189, -0.999991
10.519582, 8.409798, 0.000000, -0.000000, 0.000000, 0.004189, -0.999991
10.522003, 8.409773, 0.000000, -0.000000, 0.000000, 0.005855, -0.999983
10.522003, 8.409773, 0.000000, -0.000000, 0.000000, 0.005855, -0.999983
10.522003, 8.409773, 0.000000, -0.000000, 0.000000, 0.005855, -0.999983
10.524784, 8.409735, 0.000000, -0.000000, 0.000000, 0.007770, -0.999970
10.524784, 8.409735, 0.000000, -0.000000, 0.000000, 0.007770, -0.999970
10.527908, 8.409680, 0.000000, -0.000000, 0.000000, 0.009920, -0.999951
10.527908, 8.409680, 0.000000, -0.000000, 0.000000, 0.009920, -0.999951
10.531359, 8.409604, 0.000000, -0.000000, 0.000000, 0.012296, -0.999924
10.531359, 8.409604, 0.000000, -0.000000, 0.000000, 0.012296, -0.999924
10.535120, 8.409501, 0.000000, -0.000000, 0.000000, 0.014886, -0.999889
10.535120, 8.409501, 0.000000, -0.000000, 0.000000, 0.014886, -0.999889
10.535120, 8.409501, 0.000000, -0.000000, 0.000000, 0.014886, -0.999889
10.539178, 8.409369, 0.000000, -0.000000, 0.000000, 0.017680, -0.999844
10.539178, 8.409369, 0.000000, -0.000000, 0.000000, 0.017680, -0.999844
10.543517, 8.409203, 0.000000, -0.000000, 0.000000, 0.020669, -0.999786
10.543517, 8.409203, 0.000000, -0.000000, 0.000000, 0.020669, -0.999786
10.543517, 8.409203, 0.000000, -0.000000, 0.000000, 0.020669, -0.999786
10.548123, 8.408997, 0.000000, -0.000000, 0.000000, 0.023842, -0.999716
10.548123, 8.408997, 0.000000, -0.000000, 0.000000, 0.023842, -0.999716
10.552984, 8.408749, 0.000000, -0.000000, 0.000000, 0.027191, -0.999630
10.552984, 8.408749, 0.000000, -0.000000, 0.000000, 0.027191, -0.999630
10.558056, 8.408181, 0.000000, -0.000000, 0.000000, 0.030529, -0.999534
10.558056, 8.408181, 0.000000, -0.000000, 0.000000, 0.030529, -0.999534
10.563266, 8.406999, 0.000000, -0.000000, 0.000000, 0.033565, -0.999437
10.563266, 8.406999, 0.000000, -0.000000, 0.000000, 0.033565, -0.999437
10.563266, 8.406999, 0.000000, -0.000000, 0.000000, 0.033565, -0.999437
10.568641, 8.405558, 0.000000, -0.000000, 0.000000, 0.036932, -0.999318
10.568641, 8.405558, 0.000000, -0.000000, 0.000000, 0.036932, -0.999318
10.574190, 8.403953, 0.000000, -0.000000, 0.000000, 0.040513, -0.999179
10.574190, 8.403953, 0.000000, -0.000000, 0.000000, 0.040513, -0.999179
10.579911, 8.402224, 0.000000, -0.000000, 0.000000, 0.044256, -0.999020
10.579911, 8.402224, 0.000000, -0.000000, 0.000000, 0.044256, -0.999020
10.585799, 8.400384, 0.000000, -0.000000, 0.000000, 0.048135, -0.998841
10.585799, 8.400384, 0.000000, -0.000000, 0.000000, 0.048135, -0.998841
10.585799, 8.400384, 0.000000, -0.000000, 0.000000, 0.048135, -0.998841
10.591844, 8.398439, 0.000000, -0.000000, 0.000000, 0.052136, -0.998640
10.591844, 8.398439, 0.000000, -0.000000, 0.000000, 0.052136, -0.998640
10.598038, 8.396391, 0.000000, -0.000000, 0.000000, 0.056251, -0.998417
10.598038, 8.396391, 0.000000, -0.000000, 0.000000, 0.056251, -0.998417
10.598038, 8.396391, 0.000000, -0.000000, 0.000000, 0.056251, -0.998417
10.604372, 8.394240, 0.000000, -0.000000, 0.000000, 0.060472, -0.998170
10.604372, 8.394240, 0.000000, -0.000000, 0.000000, 0.060472, -0.998170
10.610837, 8.391986, 0.000000, -0.000000, 0.000000, 0.064794, -0.997899
10.610837, 8.391986, 0.000000, -0.000000, 0.000000, 0.064794, -0.997899
10.617424, 8.389627, 0.000000, -0.000000, 0.000000, 0.069212, -0.997602
10.617424, 8.389627, 0.000000, -0.000000, 0.000000, 0.069212, -0.997602
10.624125, 8.387164, 0.000000, -0.000000, 0.000000, 0.073721, -0.997279
10.624125, 8.387164, 0.000000, -0.000000, 0.000000, 0.073721, -0.997279
10.624125, 8.387164, 0.000000, -0.000000, 0.000000, 0.073721, -0.997279
10.630931, 8.384594, 0.000000, 0.000000, 0.000000, 0.000000, 1.000000
10.630931, 8.384594, 0.000000, 0.000000, 0.000000, 0.000000, 1.000000
10.630979, 8.384594, 0.000000, -0.000000, 0.000000, 0.000033, -1.000000
10.630979, 8.384594, 0.000000, -0.000000, 0.000000, 0.000033, -1.000000
10.630979, 8.384594, 0.000000, -0.000000, 0.000000, 0.000033, -1.000000
10.631310, 8.384594, 0.000000, -0.000000, 0.000000, 0.000260, -1.000000
10.631310, 8.384594, 0.000000, -0.000000, 0.000000, 0.000260, -1.000000
10.632100, 8.384593, 0.000000, -0.000000, 0.000000, 0.000804, -1.000000
10.632100, 8.384593, 0.000000, -0.000000, 0.000000, 0.000804, -1.000000
10.632100, 8.384593, 0.000000, -0.000000, 0.000000, 0.000804, -1.000000
10.633328, 8.384590, 0.000000, -0.000000, 0.000000, 0.001650, -0.999999
10.633328, 8.384590, 0.000000, -0.000000, 0.000000, 0.001650, -0.999999
10.634974, 8.384583, 0.000000, -0.000000, 0.000000, 0.002782, -0.999996
10.634974, 8.384583, 0.000000, -0.000000, 0.000000, 0.002782, -0.999996
10.634974, 8.384583, 0.000000, -0.000000, 0.000000, 0.002782, -0.999996
10.637016, 8.384569, 0.000000, -0.000000, 0.000000, 0.004189, -0.999991
10.637016, 8.384569, 0.000000, -0.000000, 0.000000, 0.004189, -0.999991
10.639437, 8.384544, 0.000000, 0.000000, 0.000000, 0.000000, 1.000000
10.639437, 8.384544, 0.000000, 0.000000, 0.000000, 0.000000, 1.000000
10.639485, 8.384544, 0.000000, -0.000000, 0.000000, 0.000033, -1.000000
10.639485, 8.384544, 0.000000, -0.000000, 0.000000, 0.000033, -1.000000
10.639815, 8.384544, 0.000000, -0.000000, 0.000000, 0.000260, -1.000000
10.639815, 8.384544, 0.000000, -0.000000, 0.000000, 0.000260, -1.000000
10.639815, 8.384544, 0.000000, -0.000000, 0.000000, 0.000260, -1.000000
10.640606, 8.384543, 0.000000, -0.000000, 0.000000, 0.000804, -1.000000
10.640606, 8.384543, 0.000000, -0.000000, 0.000000, 0.000804, -1.000000
10.641834, 8.384540, 0.000000, -0.000000, 0.000000, 0.001650, -0.999999
10.641834, 8.384540, 0.000000, -0.000000, 0.000000, 0.001650, -0.999999
10.641834, 8.384540, 0.000000, -0.000000, 0.000000, 0.001650, -0.999999
10.643479, 8.384533, 0.000000, 0.000000, 0.000000, 0.000000, 1.000000
10.643479, 8.384533, 0.000000, 0.000000, 0.000000, 0.000000, 1.000000
10.643527, 8.384533, 0.000000, -0.000000, 0.000000, 0.000033, -1.000000
10.643527, 8.384533, 0.000000, -0.000000, 0.000000, 0.000033, -1.000000
10.643527, 8.384533, 0.000000, -0.000000, 0.000000, 0.000033, -1.000000
10.643857, 8.384533, 0.000000, -0.000000, 0.000000, 0.000260, -1.000000
10.643857, 8.384533, 0.000000, -0.000000, 0.000000, 0.000260, -1.000000
10.644648, 8.384532, 0.000000, -0.000000, 0.000000, 0.000804, -1.000000
10.644648, 8.384532, 0.000000, -0.000000, 0.000000, 0.000804, -1.000000
10.644648, 8.384532, 0.000000, -0.000000, 0.000000, 0.000804, -1.000000
10.645876, 8.384529, 0.000000, -0.000000, 0.000000, 0.001650, -0.999999
10.647521, 8.384522, 0.000000, -0.000000, 0.000000, 0.002782, -0.999996
10.647521, 8.384522, 0.000000, -0.000000, 0.000000, 0.002782, -0.999996
10.647521, 8.384522, 0.000000, -0.000000, 0.000000, 0.002782, -0.999996
10.649564, 8.384508, 0.000000, -0.000000, 0.000000, 0.004189, -0.999991
10.649564, 8.384508, 0.000000, -0.000000, 0.000000, 0.004189, -0.999991
10.651985, 8.384483, 0.000000, 0.000000, 0.000000, 0.000000, 1.000000
10.651985, 8.384483, 0.000000, 0.000000, 0.000000, 0.000000, 1.000000
10.652032, 8.384483, 0.000000, -0.000000, 0.000000, 0.000033, -1.000000
10.652032, 8.384483, 0.000000, -0.000000, 0.000000, 0.000033, -1.000000
10.652363, 8.384483, 0.000000, -0.000000, 0.000000, 0.000260, -1.000000
10.652363, 8.384483, 0.000000, -0.000000, 0.000000, 0.000260, -1.000000
10.652363, 8.384483, 0.000000, -0.000000, 0.000000, 0.000260, -1.000000
10.653153, 8.384482, 0.000000, -0.000000, 0.000000, 0.000804, -1.000000
10.653153, 8.384482, 0.000000, -0.000000, 0.000000, 0.000804, -1.000000
10.654382, 8.384479, 0.000000, -0.000000, 0.000000, 0.001650, -0.999999
10.654382, 8.384479, 0.000000, -0.000000, 0.000000, 0.001650, -0.999999
10.656027, 8.384472, 0.000000, 0.000000, 0.000000, 0.000000, 1.000000
10.656027, 8.384472, 0.000000, 0.000000, 0.000000, 0.000000, 1.000000
10.656075, 8.384472, 0.000000, -0.000000, 0.000000, 0.000033, -1.000000
10.656075, 8.384472, 0.000000, -0.000000, 0.000000, 0.000033, -1.000000
10.656075, 8.384472, 0.000000, -0.000000, 0.000000, 0.000033, -1.000000
10.656405, 8.384472, 0.000000, -0.000000, 0.000000, 0.000260, -1.000000
10.656405, 8.384472, 0.000000, -0.000000, 0.000000, 0.000260, -1.000000
10.657196, 8.384471, 0.000000, -0.000000, 0.000000, 0.000804, -1.000000
10.657196, 8.384471, 0.000000, -0.000000, 0.000000, 0.000804, -1.000000
10.657196, 8.384471, 0.000000, -0.000000, 0.000000, 0.000804, -1.000000
10.658424, 8.384468, 0.000000, -0.000000, 0.000000, 0.001650, -0.999999
10.658424, 8.384468, 0.000000, -0.000000, 0.000000, 0.001650, -0.999999
10.660069, 8.384461, 0.000000, 0.000000, 0.000000, 0.000000, 1.000000
10.660069, 8.384461, 0.000000, 0.000000, 0.000000, 0.000000, 1.000000
10.660117, 8.384461, 0.000000, -0.000000, 0.000000, 0.000033, -1.000000
10.660117, 8.384461, 0.000000, -0.000000, 0.000000, 0.000033, -1.000000
10.660447, 8.384461, 0.000000, 0.000000, 0.000000, 0.000000, 1.000000
10.660447, 8.384461, 0.000000, 0.000000, 0.000000, 0.000000, 1.000000
10.660447, 8.384461, 0.000000, 0.000000, 0.000000, 0.000000, 1.000000
10.660495, 8.384461, 0.000000, -0.000000, 0.000000, 0.000033, -1.000000
10.660495, 8.384461, 0.000000, -0.000000, 0.000000, 0.000033, -1.000000
10.660825, 8.384461, 0.000000, -0.000000, 0.000000, 0.000260, -1.000000
10.660825, 8.384461, 0.000000, -0.000000, 0.000000, 0.000260, -1.000000
10.660825, 8.384461, 0.000000, -0.000000, 0.000000, 0.000260, -1.000000
10.661616, 8.384460, 0.000000, -0.000000, 0.000000, 0.000804, -1.000000
10.661616, 8.384460, 0.000000, -0.000000, 0.000000, 0.000804, -1.000000
10.662844, 8.384457, 0.000000, -0.000000, 0.000000, 0.001650, -0.999999
10.662844, 8.384457, 0.000000, -0.000000, 0.000000, 0.001650, -0.999999
10.664489, 8.384449, 0.000000, 0.000000, 0.000000, 0.000000, 1.000000
10.664489, 8.384449, 0.000000, 0.000000, 0.000000, 0.000000, 1.000000
10.664537, 8.384449, 0.000000, -0.000000, 0.000000, 0.000033, -1.000000
10.664537, 8.384449, 0.000000, -0.000000, 0.000000, 0.000033, -1.000000
10.664537, 8.384449, 0.000000, -0.000000, 0.000000, 0.000033, -1.000000
10.664868, 8.384449, 0.000000, 0.000000, 0.000000, 0.000000, 1.000000
10.664868, 8.384449, 0.000000, 0.000000, 0.000000, 0.000000, 1.000000
10.664915, 8.384449, 0.000000, -0.000000, 0.000000, 0.000033, -1.000000
10.664915, 8.384449, 0.000000, -0.000000, 0.000000, 0.000033, -1.000000
10.665246, 8.384449, 0.000000, -0.000000, 0.000000, 0.000260, -1.000000
10.665246, 8.384449, 0.000000, -0.000000, 0.000000, 0.000260, -1.000000
10.666036, 8.384448, 0.000000, -0.000000, 0.000000, 0.000804, -1.000000
