-1.035375, -9.479105, 0.000000, -0.000000, 0.000000, 0.988761, -0.149507
-1.041331, -9.476034, 0.000000, -0.000000, 0.000000, 0.991620, -0.129192
-1.036588, -9.474067, 0.000000, -0.000000, 0.000000, 0.992237, -0.124361
-1.034871, -9.477512, 0.000000, -0.000000, 0.000000, 0.993309, -0.115485
-1.025348, -9.476075, 0.000000, -0.000000, 0.000000, 0.993148, -0.116866
-1.032054, -9.475853, 0.000000, -0.000000, 0.000000, 0.994433, -0.105367
-1.023642, -9.472802, 0.000000, -0.000000, 0.000000, 0.993043, -0.117756
-1.050583, -9.475375, 0.000000, -0.000000, 0.000000, 0.988961, -0.148174
-1.046800, -9.481352, 0.000000, -0.000000, 0.000000, 0.986504, -0.163738
-1.040792, -9.485485, 0.000000, -0.000000, 0.000000, 0.985852, -0.167617
-1.041300, -9.481126, 0.000000, -0.000000, 0.000000, 0.989657, -0.143455
-1.061166, -9.482687, 0.000000, -0.000000, 0.000000, 0.988599, -0.150573
-1.047774, -9.482927, 0.000000, -0.000000, 0.000000, 0.988693, -0.149955
-1.034342, -9.490601, 0.000000, -0.000000, 0.000000, 0.986176, -0.165699
-1.028347, -9.493895, 0.000000, -0.000000, 0.000000, 0.983932, -0.178542
-1.025961, -9.491849, 0.000000, -0.000000, 0.000000, 0.985896, -0.167360
-1.031961, -9.492450, 0.000000, -0.000000, 0.000000, 0.987071, -0.160281
-1.019159, -9.499172, 0.000000, -0.000000, 0.000000, 0.984691, -0.174306
-1.020118, -9.496271, 0.000000, -0.000000, 0.000000, 0.985535, -0.169470
-1.020845, -9.494681, 0.000000, -0.000000, 0.000000, 0.987382, -0.158357
-1.039515, -9.490892, 0.000000, -0.000000, 0.000000, 0.987434, -0.158031
-1.030595, -9.495314, 0.000000, -0.000000, 0.000000, 0.985063, -0.172196
-1.021319, -9.499889, 0.000000, -0.000000, 0.000000, 0.982879, -0.184254
-1.018355, -9.501449, 0.000000, -0.000000, 0.000000, 0.986476, -0.163908
-1.017950, -9.499976, 0.000000, -0.000000, 0.000000, 0.987845, -0.155441
-1.008692, -9.505922, 0.000000, -0.000000, 0.000000, 0.985581, -0.169204
-1.003602, -9.505701, 0.000000, -0.000000, 0.000000, 0.984931, -0.172946
-1.005634, -9.504156, 0.000000, -0.000000, 0.000000, 0.986994, -0.160755
-1.001002, -9.506477, 0.000000, -0.000000, 0.000000, 0.985164, -0.171614
-0.987383, -9.509669, 0.000000, -0.000000, 0.000000, 0.982455, -0.186498
-0.970445, -9.521019, 0.000000, -0.000000, 0.000000, 0.980734, -0.195349
-0.999351, -9.517819, 0.000000, -0.000000, 0.000000, 0.984575, -0.174963
-1.001149, -9.519083, 0.000000, -0.000000, 0.000000, 0.983395, -0.181478
-1.004061, -9.514717, 0.000000, -0.000000, 0.000000, 0.984050, -0.177890
-0.994325, -9.521895, 0.000000, -0.000000, 0.000000, 0.983138, -0.182863
-0.979080, -9.526809, 0.000000, -0.000000, 0.000000, 0.981232, -0.192830
-0.956629, -9.543408, 0.000000, -0.000000, 0.000000, 0.974012, -0.226498
-17.935629, -3.871084, 0.000000, -0.000000, 0.000000, 0.994503, -0.104711
-11.936962, -5.014963, 0.000000, -0.000000, 0.000000, 0.990786, -0.135440
-11.464147, -2.063576, 0.000000, 0.000000, 0.000000, 0.998571, 0.053435
-11.290492, 1.800343, 0.000000, 0.000000, 0.000000, 0.954481, 0.298272
-13.102737, 6.184747, 0.000000, 0.000000, 0.000000, 0.817617, 0.575763
-14.255210, 9.708639, 0.000000, 0.000000, 0.000000, 0.689919, 0.723886
-14.404641, 10.007699, 0.000000, 0.000000, 0.000000, 0.554686, 0.832060
-14.248387, 8.327897, 0.000000, 0.000000, 0.000000, 0.526539, 0.850151
-16.903504, 0.403328, 0.000000, 0.000000, 0.000000, 0.807893, 0.589329
-18.133484, -5.485350, 0.000000, 0.000000, 0.000000, 0.945452, 0.325761
-19.478520, -10.681282, 0.000000, 0.000000, 0.000000, 0.996450, 0.084189
-19.900610, -12.129001, 0.000000, 0.000000, 0.000000, 0.999992, 0.004104
-20.128217, -12.700860, 0.000000, -0.000000, 0.000000, 0.999644, -0.026696
-20.257919, -13.014645, 0.000000, -0.000000, 0.000000, 0.999150, -0.041234
-20.313364, -13.104606, 0.000000, -0.000000, 0.000000, 0.998726, -0.050454
-20.296853, -13.138418, 0.000000, -0.000000, 0.000000, 0.998878, -0.047353
-20.304890, -13.144213, 0.000000, -0.000000, 0.000000, 0.998860, -0.047736
-20.314675, -13.157259, 0.000000, -0.000000, 0.000000, 0.998879, -0.047332
-20.326503, -13.166705, 0.000000, -0.000000, 0.000000, 0.998786, -0.049252
-20.350774, -13.182794, 0.000000, -0.000000, 0.000000, 0.999145, -0.041339
-20.367186, -13.203636, 0.000000, -0.000000, 0.000000, 0.999092, -0.042613
-20.392251, -13.228730, 0.000000, -0.000000, 0.000000, 0.999340, -0.036314
-20.410328, -13.250797, 0.000000, -0.000000, 0.000000, 0.999404, -0.034533
-20.428703, -13.271572, 0.000000, -0.000000, 0.000000, 0.999354, -0.035939
-20.448968, -13.288620, 0.000000, -0.000000, 0.000000, 0.999489, -0.031958
-20.470795, -13.302520, 0.000000, -0.000000, 0.000000, 0.999601, -0.028239
-20.477267, -13.318759, 0.000000, -0.000000, 0.000000, 0.999574, -0.029195
-20.485392, -13.327365, 0.000000, -0.000000, 0.000000, 0.999577, -0.029070
-20.479314, -13.331879, 0.000000, -0.000000, 0.000000, 0.999612, -0.027846
-20.487427, -13.340187, 0.000000, -0.000000, 0.000000, 0.999670, -0.025680
-20.496377, -13.346587, 0.000000, -0.000000, 0.000000, 0.999639, -0.026855
-20.503363, -13.349233, 0.000000, -0.000000, 0.000000, 0.999575, -0.029139
-20.505088, -13.350220, 0.000000, -0.000000, 0.000000, 0.999631, -0.027147
-20.500398, -13.355894, 0.000000, -0.000000, 0.000000, 0.999621, -0.027547
-20.503016, -13.359264, 0.000000, -0.000000, 0.000000, 0.999655, -0.026280
-20.510488, -13.363049, 0.000000, -0.000000, 0.000000, 0.999625, -0.027393
-20.509120, -13.363073, 0.000000, -0.000000, 0.000000, 0.999616, -0.027696
-20.511107, -13.360259, 0.000000, -0.000000, 0.000000, 0.999633, -0.027074
-20.505690, -13.362074, 0.000000, -0.000000, 0.000000, 0.999664, -0.025905
-20.504055, -13.363634, 0.000000, -0.000000, 0.000000, 0.999666, -0.025850
-20.497384, -13.368356, 0.000000, -0.000000, 0.000000, 0.999661, -0.026031
-20.494465, -13.364742, 0.000000, -0.000000, 0.000000, 0.999663, -0.025970
-20.487370, -13.362489, 0.000000, -0.000000, 0.000000, 0.999658, -0.026136
-20.486652, -13.365772, 0.000000, -0.000000, 0.000000, 0.999595, -0.028444
-20.486912, -13.370363, 0.000000, -0.000000, 0.000000, 0.999711, -0.024031
-20.490434, -13.371808, 0.000000, -0.000000, 0.000000, 0.999695, -0.024689
-20.487998, -13.372422, 0.000000, -0.000000, 0.000000, 0.999659, -0.026094
-20.491078, -13.367892, 0.000000, -0.000000, 0.000000, 0.999661, -0.026030
-20.497532, -13.366671, 0.000000, -0.000000, 0.000000, 0.999638, -0.026921
-20.497792, -13.362406, 0.000000, -0.000000, 0.000000, 0.999695, -0.024705
-20.488323, -13.363203, 0.000000, -0.000000, 0.000000, 0.999670, -0.025683
-20.496818, -13.364900, 0.000000, -0.000000, 0.000000, 0.999672, -0.025619
-20.497988, -13.364386, 0.000000, -0.000000, 0.000000, 0.999685, -0.025111
-20.495447, -13.364244, 0.000000, -0.000000, 0.000000, 0.999682, -0.025221
-20.497942, -13.364868, 0.000000, -0.000000, 0.000000, 0.999645, -0.026656
-20.496089, -13.363893, 0.000000, -0.000000, 0.000000, 0.999672, -0.025624
-20.493586, -13.366109, 0.000000, -0.000000, 0.000000, 0.999673, -0.025588
-20.488710, -13.366853, 0.000000, -0.000000, 0.000000, 0.999635, -0.027031
-20.488918, -13.365734, 0.000000, -0.000000, 0.000000, 0.999699, -0.024531
-20.497171, -13.365510, 0.000000, -0.000000, 0.000000, 0.999658, -0.026170
-20.497690, -13.365075, 0.000000, -0.000000, 0.000000, 0.999634, -0.027039
-20.490470, -13.363964, 0.000000, -0.000000, 0.000000, 0.999667, -0.025799
-20.485655, -13.362616, 0.000000, -0.000000, 0.000000, 0.999687, -0.025001
-20.489592, -13.365622, 0.000000, -0.000000, 0.000000, 0.999644, -0.026680
-20.489263, -13.367867, 0.000000, -0.000000, 0.000000, 0.999676, -0.025447
-20.497700, -13.373352, 0.000000, -0.000000, 0.000000, 0.999672, -0.025595
-20.490717, -13.374056, 0.000000, -0.000000, 0.000000, 0.999694, -0.024741
-20.493694, -13.371150, 0.000000, -0.000000, 0.000000, 0.999617, -0.027682
-20.494856, -13.373474, 0.000000, -0.000000, 0.000000, 0.999661, -0.026048
-20.503648, -13.377010, 0.000000, -0.000000, 0.000000, 0.999662, -0.026010
-20.505845, -13.374384, 0.000000, -0.000000, 0.000000, 0.999651, -0.026406
-20.497627, -13.373463, 0.000000, -0.000000, 0.000000, 0.999661, -0.026023
-20.498551, -13.372570, 0.000000, -0.000000, 0.000000, 0.999679, -0.025331
-20.491590, -13.375584, 0.000000, -0.000000, 0.000000, 0.999678, -0.025370
-20.489569, -13.375664, 0.000000, -0.000000, 0.000000, 0.999617, -0.027685
-20.493486, -13.373459, 0.000000, -0.000000, 0.000000, 0.999642, -0.026752
-20.496471, -13.374322, 0.000000, -0.000000, 0.000000, 0.999610, -0.027939
-20.485147, -13.369060, 0.000000, -0.000000, 0.000000, 0.999655, -0.026259
-20.483992, -13.370903, 0.000000, -0.000000, 0.000000, 0.999672, -0.025613
-20.486772, -13.369733, 0.000000, -0.000000, 0.000000, 0.999701, -0.024451
-20.485724, -13.371538, 0.000000, -0.000000, 0.000000, 0.999663, -0.025950
-20.490238, -13.372923, 0.000000, -0.000000, 0.000000, 0.999661, -0.026037
-20.490490, -13.375219, 0.000000, -0.000000, 0.000000, 0.999676, -0.025439
-20.492235, -13.373228, 0.000000, -0.000000, 0.000000, 0.999688, -0.024995
-20.496991, -13.369455, 0.000000, -0.000000, 0.000000, 0.999642, -0.026749
-20.496678, -13.363771, 0.000000, -0.000000, 0.000000, 0.999680, -0.025292
-20.501859, -13.363189, 0.000000, -0.000000, 0.000000, 0.999648, -0.026542
-20.504723, -13.365054, 0.000000, -0.000000, 0.000000, 0.999605, -0.028098
-20.508718, -13.367982, 0.000000, -0.000000, 0.000000, 0.999615, -0.027735
-20.507165, -13.369369, 0.000000, -0.000000, 0.000000, 0.999643, -0.026727
-20.497295, -13.364750, 0.000000, -0.000000, 0.000000, 0.999616, -0.027727
-20.492164, -13.370000, 0.000000, -0.000000, 0.000000, 0.999611, -0.027882
-20.485921, -13.369353, 0.000000, -0.000000, 0.000000, 0.999672, -0.025615
-20.486659, -13.369725, 0.000000, -0.000000, 0.000000, 0.999695, -0.024712
-20.487049, -13.362905, 0.000000, -0.000000, 0.000000, 0.999680, -0.025287
-20.492885, -13.365558, 0.000000, -0.000000, 0.000000, 0.999638, -0.026899
-20.495074, -13.365542, 0.000000, -0.000000, 0.000000, 0.999642, -0.026751
-20.496851, -13.365659, 0.000000, -0.000000, 0.000000, 0.999639, -0.026855
-20.501898, -13.365253, 0.000000, -0.000000, 0.000000, 0.999667, -0.025811
-20.498761, -13.364972, 0.000000, -0.000000, 0.000000, 0.999709, -0.024117
-20.501980, -13.367355, 0.000000, -0.000000, 0.000000, 0.999652, -0.026383
-20.502669, -13.372057, 0.000000, -0.000000, 0.000000, 0.999661, -0.026030
-20.495292, -13.370760, 0.000000, -0.000000, 0.000000, 0.999700, -0.024501
-20.499888, -13.370570, 0.000000, -0.000000, 0.000000, 0.999696, -0.024662
-20.494817, -13.369777, 0.000000, -0.000000, 0.000000, 0.999635, -0.027026
-20.495748, -13.367000, 0.000000, -0.000000, 0.000000, 0.999642, -0.026771
-20.501264, -13.366513, 0.000000, -0.000000, 0.000000, 0.999626, -0.027338
-20.500053, -13.370249, 0.000000, -0.000000, 0.000000, 0.999651, -0.026424
-20.496080, -13.373907, 0.000000, -0.000000, 0.000000, 0.999658, -0.026163
-20.497366, -13.373143, 0.000000, -0.000000, 0.000000, 0.999613, -0.027825
-20.504665, -13.371836, 0.000000, -0.000000, 0.000000, 0.999648, -0.026523
-20.505408, -13.372154, 0.000000, -0.000000, 0.000000, 0.999676, -0.025464
-20.509330, -13.372399, 0.000000, -0.000000, 0.000000, 0.999620, -0.027569
-20.504614, -13.371998, 0.000000, -0.000000, 0.000000, 0.999712, -0.023993
-20.504356, -13.370625, 0.000000, -0.000000, 0.000000, 0.999639, -0.026857
-20.501463, -13.372622, 0.000000, -0.000000, 0.000000, 0.999672, -0.025620
-20.497437, -13.374330, 0.000000, -0.000000, 0.000000, 0.999661, -0.026031
-20.496861, -13.373189, 0.000000, -0.000000, 0.000000, 0.999695, -0.024681
-20.492058, -13.374825, 0.000000, -0.000000, 0.000000, 0.999675, -0.025491
-20.491857, -13.377734, 0.000000, -0.000000, 0.000000, 0.999641, -0.026793
-20.494677, -13.374977, 0.000000, -0.000000, 0.000000, 0.999650, -0.026469
-20.497581, -13.371409, 0.000000, -0.000000, 0.000000, 0.999634, -0.027045
-20.495566, -13.371739, 0.000000, -0.000000, 0.000000, 0.999646, -0.026607
-20.492082, -13.370076, 0.000000, -0.000000, 0.000000, 0.999639, -0.026877
-20.489212, -13.368575, 0.000000, -0.000000, 0.000000, 0.999677, -0.025403
-20.489741, -13.369714, 0.000000, -0.000000, 0.000000, 0.999675, -0.025498
-20.488468, -13.370342, 0.000000, -0.000000, 0.000000, 0.999631, -0.027177
-20.488986, -13.368818, 0.000000, -0.000000, 0.000000, 0.999667, -0.025819
-20.489209, -13.372031, 0.000000, -0.000000, 0.000000, 0.999630, -0.027211
-20.494301, -13.373149, 0.000000, -0.000000, 0.000000, 0.999677, -0.025399
-20.487990, -13.373702, 0.000000, -0.000000, 0.000000, 0.999644, -0.026680
-20.493717, -13.371542, 0.000000, -0.000000, 0.000000, 0.999575, -0.029148
-20.502448, -13.376913, 0.000000, -0.000000, 0.000000, 0.999626, -0.027353
-20.505310, -13.371640, 0.000000, -0.000000, 0.000000, 0.999608, -0.027996
-20.496031, -13.369987, 0.000000, -0.000000, 0.000000, 0.999621, -0.027535
-20.492917, -13.368746, 0.000000, -0.000000, 0.000000, 0.999632, -0.027129
-20.500095, -13.367738, 0.000000, -0.000000, 0.000000, 0.999635, -0.027032
-20.502900, -13.365543, 0.000000, -0.000000, 0.000000, 0.999622, -0.027477
-20.503032, -13.362405, 0.000000, -0.000000, 0.000000, 0.999619, -0.027616
-20.499420, -13.365865, 0.000000, -0.000000, 0.000000, 0.999668, -0.025763
-20.497841, -13.365749, 0.000000, -0.000000, 0.000000, 0.999675, -0.025505
-20.502946, -13.366524, 0.000000, -0.000000, 0.000000, 0.999644, -0.026699
-20.496700, -13.367095, 0.000000, -0.000000, 0.000000, 0.999652, -0.026388
-20.501745, -13.367718, 0.000000, -0.000000, 0.000000, 0.999668, -0.025747
-20.510281, -13.369539, 0.000000, -0.000000, 0.000000, 0.999636, -0.026990
-20.509630, -13.370567, 0.000000, -0.000000, 0.000000, 0.999627, -0.027299
-20.496112, -13.369608, 0.000000, -0.000000, 0.000000, 0.999607, -0.028023
-20.501628, -13.367483, 0.000000, -0.000000, 0.000000, 0.999615, -0.027755
-20.500187, -13.369688, 0.000000, -0.000000, 0.000000, 0.999687, -0.025034
-20.500051, -13.370080, 0.000000, -0.000000, 0.000000, 0.999667, -0.025797
-20.496578, -13.374874, 0.000000, -0.000000, 0.000000, 0.999683, -0.025160
-20.498197, -13.377293, 0.000000, -0.000000, 0.000000, 0.999651, -0.026421
-20.496179, -13.375522, 0.000000, -0.000000, 0.000000, 0.999687, -0.025037
-20.499233, -13.380513, 0.000000, -0.000000, 0.000000, 0.999638, -0.026916
-20.496216, -13.378722, 0.000000, -0.000000, 0.000000, 0.999618, -0.027622
-20.494304, -13.377042, 0.000000, -0.000000, 0.000000, 0.999643, -0.026726
-20.497047, -13.376835, 0.000000, -0.000000, 0.000000, 0.999636, -0.026981
-20.495853, -13.376047, 0.000000, -0.000000, 0.000000, 0.999634, -0.027051
-20.503395, -13.376298, 0.000000, -0.000000, 0.000000, 0.999646, -0.026610
-20.505396, -13.374064, 0.000000, -0.000000, 0.000000, 0.999683, -0.025192
-20.511176, -13.370340, 0.000000, -0.000000, 0.000000, 0.999619, -0.027594
-20.500669, -13.374092, 0.000000, -0.000000, 0.000000, 0.999618, -0.027646
-20.500932, -13.371324, 0.000000, -0.000000, 0.000000, 0.999629, -0.027238
-20.498045, -13.366095, 0.000000, -0.000000, 0.000000, 0.999494, -0.031817
-20.497699, -13.366772, 0.000000, -0.000000, 0.000000, 0.999628, -0.027283
-20.498112, -13.366084, 0.000000, -0.000000, 0.000000, 0.999629, -0.027234
-20.500168, -13.364944, 0.000000, -0.000000, 0.000000, 0.999611, -0.027898
-20.499515, -13.368691, 0.000000, -0.000000, 0.000000, 0.999684, -0.025155
-20.500055, -13.373529, 0.000000, -0.000000, 0.000000, 0.999695, -0.024682
-20.499483, -13.375790, 0.000000, -0.000000, 0.000000, 0.999635, -0.027010
-20.498288, -13.371875, 0.000000, -0.000000, 0.000000, 0.999601, -0.028242
-20.487284, -13.368479, 0.000000, -0.000000, 0.000000, 0.999612, -0.027856
-20.489516, -13.368266, 0.000000, -0.000000, 0.000000, 0.999654, -0.026290
-20.486347, -13.370497, 0.000000, -0.000000, 0.000000, 0.999719, -0.023704
-20.487512, -13.365481, 0.000000, -0.000000, 0.000000, 0.999609, -0.027951
-20.496125, -13.364461, 0.000000, -0.000000, 0.000000, 0.999658, -0.026170
-20.496909, -13.366723, 0.000000, -0.000000, 0.000000, 0.999647, -0.026585
-20.496797, -13.369106, 0.000000, -0.000000, 0.000000, 0.999668, -0.025759
-20.497561, -13.374024, 0.000000, -0.000000, 0.000000, 0.999643, -0.026731
-20.492292, -13.373311, 0.000000, -0.000000, 0.000000, 0.999699, -0.024538
-20.490395, -13.372555, 0.000000, -0.000000, 0.000000, 0.999696, -0.024640
-20.489273, -13.369158, 0.000000, -0.000000, 0.000000, 0.999692, -0.024815
-20.487689, -13.368287, 0.000000, -0.000000, 0.000000, 0.999662, -0.026008
-20.494738, -13.368727, 0.000000, -0.000000, 0.000000, 0.999575, -0.029152
-20.494094, -13.371229, 0.000000, -0.000000, 0.000000, 0.999709, -0.024128
-20.502702, -13.374618, 0.000000, -0.000000, 0.000000, 0.999676, -0.025439
-20.500707, -13.380783, 0.000000, -0.000000, 0.000000, 0.999634, -0.027037
-20.502091, -13.381254, 0.000000, -0.000000, 0.000000, 0.999627, -0.027301
-20.504039, -13.380436, 0.000000, -0.000000, 0.000000, 0.999566, -0.029459
-20.506444, -13.378479, 0.000000, -0.000000, 0.000000, 0.999621, -0.027528
-20.503115, -13.372586, 0.000000, -0.000000, 0.000000, 0.999642, -0.026743
-20.503553, -13.373064, 0.000000, -0.000000, 0.000000, 0.999640, -0.026849
-20.500862, -13.369119, 0.000000, -0.000000, 0.000000, 0.999618, -0.027626
-20.498150, -13.371076, 0.000000, -0.000000, 0.000000, 0.999622, -0.027485
-20.507159, -13.372164, 0.000000, -0.000000, 0.000000, 0.999650, -0.026440
-20.501385, -13.372273, 0.000000, -0.000000, 0.000000, 0.999624, -0.027405
-20.503393, -13.375676, 0.000000, -0.000000, 0.000000, 0.999619, -0.027590
-20.499593, -13.371600, 0.000000, -0.000000, 0.000000, 0.999610, -0.027929
-20.503652, -13.365247, 0.000000, -0.000000, 0.000000, 0.999632, -0.027119
-20.501338, -13.366380, 0.000000, -0.000000, 0.000000, 0.999687, -0.025026
-20.502492, -13.370624, 0.000000, -0.000000, 0.000000, 0.999725, -0.023461
-20.502610, -13.370802, 0.000000, -0.000000, 0.000000, 0.999639, -0.026884
-20.501148, -13.367339, 0.000000, -0.000000, 0.000000, 0.999635, -0.027007
-20.498312, -13.371172, 0.000000, -0.000000, 0.000000, 0.999704, -0.024344
-20.497109, -13.369550, 0.000000, -0.000000, 0.000000, 0.999658, -0.026156
-20.494946, -13.372005, 0.000000, -0.000000, 0.000000, 0.999703, -0.024361
-20.491597, -13.371257, 0.000000, -0.000000, 0.000000, 0.999695, -0.024700
-20.487016, -13.366149, 0.000000, -0.000000, 0.000000, 0.999684, -0.025122
-20.492474, -13.365633, 0.000000, -0.000000, 0.000000, 0.999636, -0.026973
-20.493838, -13.367341, 0.000000, -0.000000, 0.000000, 0.999690, -0.024897
-20.495540, -13.364163, 0.000000, -0.000000, 0.000000, 0.999686, -0.025058
-20.496797, -13.365589, 0.000000, -0.000000, 0.000000, 0.999634, -0.027067
-20.496973, -13.365762, 0.000000, -0.000000, 0.000000, 0.999637, -0.026952
-20.492704, -13.365425, 0.000000, -0.000000, 0.000000, 0.999657, -0.026171
-20.493311, -13.366400, 0.000000, -0.000000, 0.000000, 0.999682, -0.025236
-20.493643, -13.361328, 0.000000, -0.000000, 0.000000, 0.999651, -0.026423
-20.499152, -13.364681, 0.000000, -0.000000, 0.000000, 0.999605, -0.028113
-20.503749, -13.363658, 0.000000, -0.000000, 0.000000, 0.999601, -0.028236
-20.495716, -13.363427, 0.000000, -0.000000, 0.000000, 0.999613, -0.027831
-20.495537, -13.363288, 0.000000, -0.000000, 0.000000, 0.999573, -0.029218
-20.496424, -13.360824, 0.000000, -0.000000, 0.000000, 0.999585, -0.028816
-20.497782, -13.360352, 0.000000, -0.000000, 0.000000, 0.999593, -0.028527
-20.501408, -13.359770, 0.000000, -0.000000, 0.000000, 0.999660, -0.026083
-20.499675, -13.358079, 0.000000, -0.000000, 0.000000, 0.999625, -0.027371
-20.503277, -13.360272, 0.000000, -0.000000, 0.000000, 0.999633, -0.027082
-20.502409, -13.362001, 0.000000, -0.000000, 0.000000, 0.999704, -0.024349
-20.494350, -13.359582, 0.000000, -0.000000, 0.000000, 0.999634, -0.027057
-20.488400, -13.358904, 0.000000, -0.000000, 0.000000, 0.999626, -0.027360
-20.492337, -13.359839, 0.000000, -0.000000, 0.000000, 0.999656, -0.026216
-20.493488, -13.364522, 0.000000, -0.000000, 0.000000, 0.999654, -0.026297
-20.502430, -13.363443, 0.000000, -0.000000, 0.000000, 0.999668, -0.025768
-20.501536, -13.365897, 0.000000, -0.000000, 0.000000, 0.999596, -0.028410
-20.498834, -13.365606, 0.000000, -0.000000, 0.000000, 0.999638, -0.026916
-20.504094, -13.368225, 0.000000, -0.000000, 0.000000, 0.999615, -0.027759
-20.502165, -13.368546, 0.000000, -0.000000, 0.000000, 0.999657, -0.026173
-20.507042, -13.369272, 0.000000, -0.000000, 0.000000, 0.999617, -0.027672
-20.512859, -13.371049, 0.000000, -0.000000, 0.000000, 0.999603, -0.028161
-20.512241, -13.368625, 0.000000, -0.000000, 0.000000, 0.999646, -0.026598
-20.505531, -13.373287, 0.000000, -0.000000, 0.000000, 0.999679, -0.025338
-20.507021, -13.372478, 0.000000, -0.000000, 0.000000, 0.999664, -0.025914
-20.505600, -13.371711, 0.000000, -0.000000, 0.000000, 0.999641, -0.026806
-20.508327, -13.377631, 0.000000, -0.000000, 0.000000, 0.999634, -0.027055
-20.508396, -13.379090, 0.000000, -0.000000, 0.000000, 0.999673, -0.025573
-20.512201, -13.379874, 0.000000, -0.000000, 0.000000, 0.999620, -0.027579
-20.504018, -13.371798, 0.000000, -0.000000, 0.000000, 0.999667, -0.025806
-20.499074, -13.373273, 0.000000, -0.000000, 0.000000, 0.999679, -0.025346
-20.497888, -13.376716, 0.000000, -0.000000, 0.000000, 0.999585, -0.028804
-20.495982, -13.379139, 0.000000, -0.000000, 0.000000, 0.999657, -0.026190
-20.494737, -13.382658, 0.000000, -0.000000, 0.000000, 0.999640, -0.026847
-20.490931, -13.382651, 0.000000, -0.000000, 0.000000, 0.999671, -0.025642
-20.491716, -13.386145, 0.000000, -0.000000, 0.000000, 0.999706, -0.024238
-20.496852, -13.383066, 0.000000, -0.000000, 0.000000, 0.999671, -0.025654
-20.492317, -13.379988, 0.000000, -0.000000, 0.000000, 0.999651, -0.026409
-20.495455, -13.377640, 0.000000, -0.000000, 0.000000, 0.999647, -0.026552
-20.491644, -13.378676, 0.000000, -0.000000, 0.000000, 0.999709, -0.024121
-20.492775, -13.383609, 0.000000, -0.000000, 0.000000, 0.999724, -0.023513
-20.492688, -13.376616, 0.000000, -0.000000, 0.000000, 0.999651, -0.026409
-20.495062, -13.380040, 0.000000, -0.000000, 0.000000, 0.999600, -0.028274
-20.491445, -13.381085, 0.000000, -0.000000, 0.000000, 0.999644, -0.026688
-20.485979, -13.375547, 0.000000, -0.000000, 0.000000, 0.999660, -0.026071
-20.488272, -13.376749, 0.000000, -0.000000, 0.000000, 0.999668, -0.025762
-20.489265, -13.374377, 0.000000, -0.000000, 0.000000, 0.999635, -0.027024
-20.489499, -13.373396, 0.000000, -0.000000, 0.000000, 0.999625, -0.027396
-20.492711, -13.373542, 0.000000, -0.000000, 0.000000, 0.999653, -0.026333
-20.492168, -13.373916, 0.000000, -0.000000, 0.000000, 0.999696, -0.024668
-20.492499, -13.375518, 0.000000, -0.000000, 0.000000, 0.999670, -0.025672
-20.496215, -13.372191, 0.000000, -0.000000, 0.000000, 0.999687, -0.025007
-20.497966, -13.364346, 0.000000, -0.000000, 0.000000, 0.999682, -0.025218
-20.500004, -13.365247, 0.000000, -0.000000, 0.000000, 0.999709, -0.024142
-20.499704, -13.367726, 0.000000, -0.000000, 0.000000, 0.999668, -0.025781
-20.494380, -13.367787, 0.000000, -0.000000, 0.000000, 0.999666, -0.025859
-20.497068, -13.366628, 0.000000, -0.000000, 0.000000, 0.999661, -0.026032
-20.497973, -13.365831, 0.000000, -0.000000, 0.000000, 0.999640, -0.026829
-20.495368, -13.364743, 0.000000, -0.000000, 0.000000, 0.999642, -0.026743
-20.494150, -13.366848, 0.000000, -0.000000, 0.000000, 0.999647, -0.026584
-20.501590, -13.366050, 0.000000, -0.000000, 0.000000, 0.999677, -0.025413
-20.503523, -13.365071, 0.000000, -0.000000, 0.000000, 0.999618, -0.027653
-20.501839, -13.366163, 0.000000, -0.000000, 0.000000, 0.999611, -0.027887
-20.501713, -13.366458, 0.000000, -0.000000, 0.000000, 0.999650, -0.026452
-20.495621, -13.367026, 0.000000, -0.000000, 0.000000, 0.999595, -0.028457
-20.497844, -13.367707, 0.000000, -0.000000, 0.000000, 0.999615, -0.027746
-20.502247, -13.372215, 0.000000, -0.000000, 0.000000, 0.999647, -0.026562
-20.506167, -13.371054, 0.000000, -0.000000, 0.000000, 0.999623, -0.027450
-20.512873, -13.374851, 0.000000, -0.000000, 0.000000, 0.999633, -0.027078
-20.503705, -13.371347, 0.000000, -0.000000, 0.000000, 0.999642, -0.026763
-20.497669, -13.370352, 0.000000, -0.000000, 0.000000, 0.999634, -0.027036
-20.500531, -13.369491, 0.000000, -0.000000, 0.000000, 0.999586, -0.028785
-20.504878, -13.370883, 0.000000, -0.000000, 0.000000, 0.999620, -0.027560
-20.501939, -13.371789, 0.000000, -0.000000, 0.000000, 0.999664, -0.025907
-20.499064, -13.371563, 0.000000, -0.000000, 0.000000, 0.999663, -0.025960
-20.507753, -13.369983, 0.000000, -0.000000, 0.000000, 0.999607, -0.028042
-20.497664, -13.372449, 0.000000, -0.000000, 0.000000, 0.999616, -0.027705
-20.494286, -13.370894, 0.000000, -0.000000, 0.000000, 0.999604, -0.028129
-20.492760, -13.369019, 0.000000, -0.000000, 0.000000, 0.999611, -0.027879
-20.486939, -13.370470, 0.000000, -0.000000, 0.000000, 0.999617, -0.027679
-20.485816, -13.373918, 0.000000, -0.000000, 0.000000, 0.999664, -0.025925
-20.489479, -13.373481, 0.000000, -0.000000, 0.000000, 0.999644, -0.026699
-20.494973, -13.374053, 0.000000, -0.000000, 0.000000, 0.999650, -0.026437
-20.491911, -13.374530, 0.000000, -0.000000, 0.000000, 0.999630, -0.027213
-20.494762, -13.375404, 0.000000, -0.000000, 0.000000, 0.999688, -0.024963
-20.494030, -13.375475, 0.000000, -0.000000, 0.000000, 0.999667, -0.025799
-20.489863, -13.371014, 0.000000, -0.000000, 0.000000, 0.999663, -0.025955
-20.488538, -13.374167, 0.000000, -0.000000, 0.000000, 0.999684, -0.025136
-20.490626, -13.374261, 0.000000, -0.000000, 0.000000, 0.999652, -0.026389
-20.502395, -13.372356, 0.000000, -0.000000, 0.000000, 0.999624, -0.027416
-20.506212, -13.370120, 0.000000, -0.000000, 0.000000, 0.999653, -0.026344
-20.504418, -13.369637, 0.000000, -0.000000, 0.000000, 0.999633, -0.027106
-20.499657, -13.371269, 0.000000, -0.000000, 0.000000, 0.999621, -0.027541
-20.500473, -13.369944, 0.000000, -0.000000, 0.000000, 0.999681, -0.025244
-20.503269, -13.371484, 0.000000, -0.000000, 0.000000, 0.999633, -0.027090
-20.502682, -13.372029, 0.000000, -0.000000, 0.000000, 0.999648, -0.026539
-20.500760, -13.370000, 0.000000, -0.000000, 0.000000, 0.999651, -0.026435
-20.494307, -13.366720, 0.000000, -0.000000, 0.000000, 0.999669, -0.025740
-20.499731, -13.363904, 0.000000, -0.000000, 0.000000, 0.999642, -0.026753
-20.489332, -13.363900, 0.000000, -0.000000, 0.000000, 0.999661, -0.026025
-20.492867, -13.362723, 0.000000, -0.000000, 0.000000, 0.999645, -0.026626
-20.494460, -13.364171, 0.000000, -0.000000, 0.000000, 0.999643, -0.026701
-20.493153, -13.363460, 0.000000, -0.000000, 0.000000, 0.999685, -0.025093
-20.497149, -13.369039, 0.000000, -0.000000, 0.000000, 0.999667, -0.025788
-20.491719, -13.369570, 0.000000, -0.000000, 0.000000, 0.999682, -0.025203
-20.492957, -13.372127, 0.000000, -0.000000, 0.000000, 0.999705, -0.024292
-20.493152, -13.372667, 0.000000, -0.000000, 0.000000, 0.999669, -0.025723
-20.499352, -13.380916, 0.000000, -0.000000, 0.000000, 0.999678, -0.025394
-20.493270, -13.383607, 0.000000, -0.000000, 0.000000, 0.999697, -0.024619
-20.490038, -13.376428, 0.000000, -0.000000, 0.000000, 0.999647, -0.026578
-20.488294, -13.370469, 0.000000, -0.000000, 0.000000, 0.999652, -0.026382
-20.486281, -13.374689, 0.000000, -0.000000, 0.000000, 0.999664, -0.025902
-20.482890, -13.375084, 0.000000, -0.000000, 0.000000, 0.999669, -0.025727
-20.491465, -13.371677, 0.000000, -0.000000, 0.000000, 0.999647, -0.026557
-20.495224, -13.372308, 0.000000, -0.000000, 0.000000, 0.999662, -0.026003
-20.494648, -13.373615, 0.000000, -0.000000, 0.000000, 0.999709, -0.024123
-20.498819, -13.373474, 0.000000, -0.000000, 0.000000, 0.999684, -0.025140
-20.494653, -13.372676, 0.000000, -0.000000, 0.000000, 0.999617, -0.027690
-20.492362, -13.372881, 0.000000, -0.000000, 0.000000, 0.999693, -0.024767
-20.494027, -13.374037, 0.000000, -0.000000, 0.000000, 0.999706, -0.024259
-20.496119, -13.374557, 0.000000, -0.000000, 0.000000, 0.999674, -0.025519
-20.494791, -13.373864, 0.000000, -0.000000, 0.000000, 0.999672, -0.025627
-20.495618, -13.370037, 0.000000, -0.000000, 0.000000, 0.999651, -0.026413
-20.494957, -13.366419, 0.000000, -0.000000, 0.000000, 0.999614, -0.027779
-20.492230, -13.371607, 0.000000, -0.000000, 0.000000, 0.999664, -0.025935
-20.496516, -13.368514, 0.000000, -0.000000, 0.000000, 0.999631, -0.027176
-20.493356, -13.372724, 0.000000, -0.000000, 0.000000, 0.999666, -0.025860
-20.493504, -13.371280, 0.000000, -0.000000, 0.000000, 0.999659, -0.026123
-20.494602, -13.368246, 0.000000, -0.000000, 0.000000, 0.999654, -0.026311
-20.494671, -13.367849, 0.000000, -0.000000, 0.000000, 0.999681, -0.025269
-20.502076, -13.367872, 0.000000, -0.000000, 0.000000, 0.999652, -0.026379
-20.500194, -13.369103, 0.000000, -0.000000, 0.000000, 0.999649, -0.026512
-20.496152, -13.364125, 0.000000, -0.000000, 0.000000, 0.999636, -0.026972
-20.492609, -13.364424, 0.000000, -0.000000, 0.000000, 0.999650, -0.026453
-20.485719, -13.370383, 0.000000, -0.000000, 0.000000, 0.999693, -0.024765
-20.491057, -13.373166, 0.000000, -0.000000, 0.000000, 0.999670, -0.025677
-20.496120, -13.375813, 0.000000, -0.000000, 0.000000, 0.999666, -0.025841
-20.493866, -13.377131, 0.000000, -0.000000, 0.000000, 0.999628, -0.027266
-20.497961, -13.376690, 0.000000, -0.000000, 0.000000, 0.999647, -0.026557
-20.495955, -13.376080, 0.000000, -0.000000, 0.000000, 0.999622, -0.027501
-20.496401, -13.375155, 0.000000, -0.000000, 0.000000, 0.999657, -0.026187
-20.499991, -13.372917, 0.000000, -0.000000, 0.000000, 0.999686, -0.025064
-20.498891, -13.368122, 0.000000, -0.000000, 0.000000, 0.999664, -0.025931
-20.497482, -13.368212, 0.000000, -0.000000, 0.000000, 0.999630, -0.027191
-20.493697, -13.368766, 0.000000, -0.000000, 0.000000, 0.999593, -0.028538
-20.500612, -13.373061, 0.000000, -0.000000, 0.000000, 0.999649, -0.026510
-20.502927, -13.371583, 0.000000, -0.000000, 0.000000, 0.999677, -0.025398
-20.496028, -13.370567, 0.000000, -0.000000, 0.000000, 0.999644, -0.026679
-20.496284, -13.366436, 0.000000, -0.000000, 0.000000, 0.999700, -0.024505
-20.495949, -13.367956, 0.000000, -0.000000, 0.000000, 0.999655, -0.026272
-20.498645, -13.369483, 0.000000, -0.000000, 0.000000, 0.999661, -0.026052
-20.502379, -13.366159, 0.000000, -0.000000, 0.000000, 0.999668, -0.025748
-20.507594, -13.368979, 0.000000, -0.000000, 0.000000, 0.999653, -0.026323
-20.514787, -13.367203, 0.000000, -0.000000, 0.000000, 0.999677, -0.025401
-20.511459, -13.365224, 0.000000, -0.000000, 0.000000, 0.999580, -0.028967
-20.508606, -13.365915, 0.000000, -0.000000, 0.000000, 0.999618, -0.027652
-20.509028, -13.364415, 0.000000, -0.000000, 0.000000, 0.999640, -0.026842
-20.504792, -13.359729, 0.000000, -0.000000, 0.000000, 0.999628, -0.027272
-20.502768, -13.363840, 0.000000, -0.000000, 0.000000, 0.999648, -0.026533
-20.497031, -13.365320, 0.000000, -0.000000, 0.000000, 0.999670, -0.025701
-20.495546, -13.366115, 0.000000, -0.000000, 0.000000, 0.999674, -0.025532
-20.498449, -13.365049, 0.000000, -0.000000, 0.000000, 0.999609, -0.027950
-20.502032, -13.365652, 0.000000, -0.000000, 0.000000, 0.999693, -0.024791
-20.507262, -13.364954, 0.000000, -0.000000, 0.000000, 0.999605, -0.028091
-20.507145, -13.360735, 0.000000, -0.000000, 0.000000, 0.999657, -0.026183
-20.505520, -13.363667, 0.000000, -0.000000, 0.000000, 0.999653, -0.026358
-20.499803, -13.363745, 0.000000, -0.000000, 0.000000, 0.999656, -0.026210
-20.502331, -13.364628, 0.000000, -0.000000, 0.000000, 0.999667, -0.025823
-20.505321, -13.363421, 0.000000, -0.000000, 0.000000, 0.999671, -0.025657
-20.500965, -13.362288, 0.000000, -0.000000, 0.000000, 0.999646, -0.026596
-20.495182, -13.366108, 0.000000, -0.000000, 0.000000, 0.999640, -0.026826
-20.488579, -13.366529, 0.000000, -0.000000, 0.000000, 0.999614, -0.027768
-20.491982, -13.365046, 0.000000, -0.000000, 0.000000, 0.999682, -0.025211
-20.494143, -13.365479, 0.000000, -0.000000, 0.000000, 0.999639, -0.026871
-20.488659, -13.364050, 0.000000, -0.000000, 0.000000, 0.999633, -0.027078
-20.486632, -13.364557, 0.000000, -0.000000, 0.000000, 0.999646, -0.026596
-20.485191, -13.365786, 0.000000, -0.000000, 0.000000, 0.999667, -0.025812
-20.491814, -13.368871, 0.000000, -0.000000, 0.000000, 0.999661, -0.026017
-20.490139, -13.366754, 0.000000, -0.000000, 0.000000, 0.999544, -0.030195
-20.491381, -13.363898, 0.000000, -0.000000, 0.000000, 0.999711, -0.024054
-20.496701, -13.365328, 0.000000, -0.000000, 0.000000, 0.999687, -0.025011
-20.496208, -13.363484, 0.000000, -0.000000, 0.000000, 0.999673, -0.025568
-20.494345, -13.368747, 0.000000, -0.000000, 0.000000, 0.999689, -0.024926
-20.499511, -13.366694, 0.000000, -0.000000, 0.000000, 0.999611, -0.027894
-20.501622, -13.364457, 0.000000, -0.000000, 0.000000, 0.999638, -0.026906
-20.502685, -13.362525, 0.000000, -0.000000, 0.000000, 0.999622, -0.027488
-20.499113, -13.362274, 0.000000, -0.000000, 0.000000, 0.999612, -0.027853
-20.500609, -13.361305, 0.000000, -0.000000, 0.000000, 0.999676, -0.025468
-20.505691, -13.358847, 0.000000, -0.000000, 0.000000, 0.999670, -0.025672
-20.500812, -13.360339, 0.000000, -0.000000, 0.000000, 0.999658, -0.026168
-20.500255, -13.365154, 0.000000, -0.000000, 0.000000, 0.999633, -0.027072
-20.495434, -13.376196, 0.000000, -0.000000, 0.000000, 0.999679, -0.025323
-20.502600, -13.374575, 0.000000, -0.000000, 0.000000, 0.999648, -0.026536
-20.508363, -13.376832, 0.000000, -0.000000, 0.000000, 0.999657, -0.026191
-20.511749, -13.378097, 0.000000, -0.000000, 0.000000, 0.999675, -0.025503
-20.518444, -13.380437, 0.000000, -0.000000, 0.000000, 0.999681, -0.025237
-20.519895, -13.377898, 0.000000, -0.000000, 0.000000, 0.999605, -0.028110
-20.510345, -13.374975, 0.000000, -0.000000, 0.000000, 0.999678, -0.025357
-20.501114, -13.372651, 0.000000, -0.000000, 0.000000, 0.999714, -0.023922
-20.495876, -13.366923, 0.000000, -0.000000, 0.000000, 0.999681, -0.025238
-20.495208, -13.369328, 0.000000, -0.000000, 0.000000, 0.999660, -0.026090
-20.494206, -13.365634, 0.000000, -0.000000, 0.000000, 0.999651, -0.026428
-20.494448, -13.360829, 0.000000, -0.000000, 0.000000, 0.999682, -0.025236
-20.496356, -13.360225, 0.000000, -0.000000, 0.000000, 0.999607, -0.028029
-20.496045, -13.361375, 0.000000, -0.000000, 0.000000, 0.999643, -0.026727
-20.502401, -13.359584, 0.000000, -0.000000, 0.000000, 0.999615, -0.027729
-20.504285, -13.357641, 0.000000, -0.000000, 0.000000, 0.999622, -0.027493
-20.505453, -13.362842, 0.000000, -0.000000, 0.000000, 0.999649, -0.026504
-20.503080, -13.364892, 0.000000, -0.000000, 0.000000, 0.999694, -0.024746
-20.509133, -13.363129, 0.000000, -0.000000, 0.000000, 0.999645, -0.026627
-20.502990, -13.366248, 0.000000, -0.000000, 0.000000, 0.999664, -0.025933
-20.503969, -13.365292, 0.000000, -0.000000, 0.000000, 0.999604, -0.028131
-20.502717, -13.365766, 0.000000, -0.000000, 0.000000, 0.999629, -0.027241
-20.503889, -13.368887, 0.000000, -0.000000, 0.000000, 0.999611, -0.027899
-20.508675, -13.369612, 0.000000, -0.000000, 0.000000, 0.999627, -0.027327
-20.510324, -13.368505, 0.000000, -0.000000, 0.000000, 0.999677, -0.025416
-20.496565, -13.365996, 0.000000, -0.000000, 0.000000, 0.999592, -0.028562
-20.499344, -13.364369, 0.000000, -0.000000, 0.000000, 0.999639, -0.026852
-20.495834, -13.362204, 0.000000, -0.000000, 0.000000, 0.999617, -0.027659
-20.491647, -13.364134, 0.000000, -0.000000, 0.000000, 0.999648, -0.026548
-20.491899, -13.365778, 0.000000, -0.000000, 0.000000, 0.999627, -0.027328
-20.491322, -13.367428, 0.000000, -0.000000, 0.000000, 0.999675, -0.025499
-20.486858, -13.364143, 0.000000, -0.000000, 0.000000, 0.999690, -0.024903
-20.478936, -13.365286, 0.000000, -0.000000, 0.000000, 0.999673, -0.025588
-20.477036, -13.366128, 0.000000, -0.000000, 0.000000, 0.999679, -0.025347
-20.479922, -13.366327, 0.000000, -0.000000, 0.000000, 0.999677, -0.025401
-20.485040, -13.368429, 0.000000, -0.000000, 0.000000, 0.999656, -0.026244
-20.485652, -13.360914, 0.000000, -0.000000, 0.000000, 0.999717, -0.023794
-20.482835, -13.356920, 0.000000, -0.000000, 0.000000, 0.999659, -0.026120
-20.489134, -13.360690, 0.000000, -0.000000, 0.000000, 0.999620, -0.027550
-20.493094, -13.360971, 0.000000, -0.000000, 0.000000, 0.999651, -0.026411
-20.489515, -13.364223, 0.000000, -0.000000, 0.000000, 0.999591, -0.028581
-20.492615, -13.364964, 0.000000, -0.000000, 0.000000, 0.999681, -0.025260
-20.495956, -13.366814, 0.000000, -0.000000, 0.000000, 0.999663, -0.025971
-20.494137, -13.366802, 0.000000, -0.000000, 0.000000, 0.999691, -0.024848
-20.493914, -13.367999, 0.000000, -0.000000, 0.000000, 0.999670, -0.025696
-20.487810, -13.367068, 0.000000, -0.000000, 0.000000, 0.999640, -0.026829
-20.483038, -13.368065, 0.000000, -0.000000, 0.000000, 0.999653, -0.026331
-20.481390, -13.367837, 0.000000, -0.000000, 0.000000, 0.999646, -0.026616
-20.486144, -13.362839, 0.000000, -0.000000, 0.000000, 0.999609, -0.027950
-20.494262, -13.362610, 0.000000, -0.000000, 0.000000, 0.999670, -0.025675
-20.493203, -13.362298, 0.000000, -0.000000, 0.000000, 0.999628, -0.027284
-20.493795, -13.362706, 0.000000, -0.000000, 0.000000, 0.999671, -0.025658
-20.493116, -13.361870, 0.000000, -0.000000, 0.000000, 0.999656, -0.026209
-20.489234, -13.359712, 0.000000, -0.000000, 0.000000, 0.999671, -0.025668
-20.496682, -13.364018, 0.000000, -0.000000, 0.000000, 0.999663, -0.025940
-20.494864, -13.362808, 0.000000, -0.000000, 0.000000, 0.999640, -0.026846
-20.495362, -13.363548, 0.000000, -0.000000, 0.000000, 0.999638, -0.026918
-20.501189, -13.365093, 0.000000, -0.000000, 0.000000, 0.999628, -0.027264
-20.497503, -13.368109, 0.000000, -0.000000, 0.000000, 0.999647, -0.026583
-20.501940, -13.368475, 0.000000, -0.000000, 0.000000, 0.999593, -0.028533
-20.501771, -13.372294, 0.000000, -0.000000, 0.000000, 0.999678, -0.025369
-20.501885, -13.371736, 0.000000, -0.000000, 0.000000, 0.999648, -0.026548
-20.499930, -13.370221, 0.000000, -0.000000, 0.000000, 0.999669, -0.025735
-20.501154, -13.368766, 0.000000, -0.000000, 0.000000, 0.999661, -0.026025
-20.500327, -13.366549, 0.000000, -0.000000, 0.000000, 0.999666, -0.025847
-20.496136, -13.365932, 0.000000, -0.000000, 0.000000, 0.999669, -0.025727
-20.490623, -13.367314, 0.000000, -0.000000, 0.000000, 0.999699, -0.024549
-20.492535, -13.369605, 0.000000, -0.000000, 0.000000, 0.999654, -0.026300
-20.496820, -13.367184, 0.000000, -0.000000, 0.000000, 0.999648, -0.026538
-20.499838, -13.366510, 0.000000, -0.000000, 0.000000, 0.999694, -0.024740
-20.494753, -13.366286, 0.000000, -0.000000, 0.000000, 0.999641, -0.026802
-20.496421, -13.367950, 0.000000, -0.000000, 0.000000, 0.999641, -0.026779
-20.498499, -13.364310, 0.000000, -0.000000, 0.000000, 0.999648, -0.026541
-20.501762, -13.365027, 0.000000, -0.000000, 0.000000, 0.999653, -0.026343
-20.503838, -13.365245, 0.000000, -0.000000, 0.000000, 0.999626, -0.027339
-20.503297, -13.364197, 0.000000, -0.000000, 0.000000, 0.999664, -0.025919
-20.495142, -13.364151, 0.000000, -0.000000, 0.000000, 0.999647, -0.026557
-20.494130, -13.368954, 0.000000, -0.000000, 0.000000, 0.999608, -0.028008
-20.499271, -13.366479, 0.000000, -0.000000, 0.000000, 0.999614, -0.027790
-20.499009, -13.363472, 0.000000, -0.000000, 0.000000, 0.999644, -0.026666
-20.501672, -13.365836, 0.000000, -0.000000, 0.000000, 0.999625, -0.027380
-20.498140, -13.369018, 0.000000, -0.000000, 0.000000, 0.999643, -0.026712
-20.495757, -13.369355, 0.000000, -0.000000, 0.000000, 0.999639, -0.026871
-20.496951, -13.370878, 0.000000, -0.000000, 0.000000, 0.999623, -0.027473
-20.492207, -13.369072, 0.000000, -0.000000, 0.000000, 0.999661, -0.026027
-20.492769, -13.366974, 0.000000, -0.000000, 0.000000, 0.999665, -0.025880
-20.491105, -13.366714, 0.000000, -0.000000, 0.000000, 0.999671, -0.025639
-20.490430, -13.372917, 0.000000, -0.000000, 0.000000, 0.999661, -0.026051
-20.490515, -13.373057, 0.000000, -0.000000, 0.000000, 0.999651, -0.026413
-20.492228, -13.369607, 0.000000, -0.000000, 0.000000, 0.999673, -0.025562
-20.486736, -13.363201, 0.000000, -0.000000, 0.000000, 0.999655, -0.026247
-20.487530, -13.363943, 0.000000, -0.000000, 0.000000, 0.999642, -0.026772
-20.484322, -13.357474, 0.000000, -0.000000, 0.000000, 0.999605, -0.028091
-20.486749, -13.358612, 0.000000, -0.000000, 0.000000, 0.999607, -0.028019
-20.491971, -13.360620, 0.000000, -0.000000, 0.000000, 0.999604, -0.028146
-20.493188, -13.361987, 0.000000, -0.000000, 0.000000, 0.999616, -0.027714
-20.492213, -13.358776, 0.000000, -0.000000, 0.000000, 0.999677, -0.025429
-20.492865, -13.358851, 0.000000, -0.000000, 0.000000, 0.999684, -0.025153
-20.495265, -13.359805, 0.000000, -0.000000, 0.000000, 0.999664, -0.025938
-20.499163, -13.363685, 0.000000, -0.000000, 0.000000, 0.999661, -0.026037
-20.499635, -13.363038, 0.000000, -0.000000, 0.000000, 0.999675, -0.025483
-20.496887, -13.368083, 0.000000, -0.000000, 0.000000, 0.999690, -0.024879
-20.495527, -13.369737, 0.000000, -0.000000, 0.000000, 0.999697, -0.024626
-20.490292, -13.373548, 0.000000, -0.000000, 0.000000, 0.999691, -0.024841
-20.498212, -13.372365, 0.000000, -0.000000, 0.000000, 0.999674, -0.025527
-20.498164, -13.369849, 0.000000, -0.000000, 0.000000, 0.999641, -0.026808
-20.498873, -13.369294, 0.000000, -0.000000, 0.000000, 0.999672, -0.025626
-20.497799, -13.371410, 0.000000, -0.000000, 0.000000, 0.999654, -0.026311
-20.506263, -13.367024, 0.000000, -0.000000, 0.000000, 0.999689, -0.024938
-20.507761, -13.368571, 0.000000, -0.000000, 0.000000, 0.999638, -0.026893
-20.502256, -13.363601, 0.000000, -0.000000, 0.000000, 0.999679, -0.025327
-20.500909, -13.364119, 0.000000, -0.000000, 0.000000, 0.999626, -0.027349
-20.496733, -13.366478, 0.000000, -0.000000, 0.000000, 0.999657, -0.026176
-20.494696, -13.366925, 0.000000, -0.000000, 0.000000, 0.999677, -0.025431
-20.497820, -13.368819, 0.000000, -0.000000, 0.000000, 0.999692, -0.024804
-20.494325, -13.375026, 0.000000, -0.000000, 0.000000, 0.999668, -0.025766
-20.502143, -13.374835, 0.000000, -0.000000, 0.000000, 0.999658, -0.026136
-20.505558, -13.382180, 0.000000, -0.000000, 0.000000, 0.999607, -0.028044
-20.504646, -13.387158, 0.000000, -0.000000, 0.000000, 0.999647, -0.026580
-20.507857, -13.379982, 0.000000, -0.000000, 0.000000, 0.999630, -0.027189
-20.511828, -13.376587, 0.000000, -0.000000, 0.000000, 0.999598, -0.028340
-20.501517, -13.379239, 0.000000, -0.000000, 0.000000, 0.999677, -0.025396
-20.502917, -13.378347, 0.000000, -0.000000, 0.000000, 0.999706, -0.024230
-20.508689, -13.380162, 0.000000, -0.000000, 0.000000, 0.999690, -0.024888
-20.505873, -13.376501, 0.000000, -0.000000, 0.000000, 0.999636, -0.026987
-20.507430, -13.377837, 0.000000, -0.000000, 0.000000, 0.999613, -0.027814
-20.510658, -13.376103, 0.000000, -0.000000, 0.000000, 0.999625, -0.027401
-20.505334, -13.375312, 0.000000, -0.000000, 0.000000, 0.999625, -0.027388
-20.500431, -13.372683, 0.000000, -0.000000, 0.000000, 0.999680, -0.025306
-20.502827, -13.371797, 0.000000, -0.000000, 0.000000, 0.999656, -0.026239
-20.508873, -13.371473, 0.000000, -0.000000, 0.000000, 0.999651, -0.026401
-20.496893, -13.374473, 0.000000, -0.000000, 0.000000, 0.999697, -0.024630
-20.500406, -13.374538, 0.000000, -0.000000, 0.000000, 0.999613, -0.027824
-20.506023, -13.375890, 0.000000, -0.000000, 0.000000, 0.999638, -0.026920
-20.504381, -13.371711, 0.000000, -0.000000, 0.000000, 0.999631, -0.027150
-20.504325, -13.368687, 0.000000, -0.000000, 0.000000, 0.999631, -0.027172
-20.500781, -13.369497, 0.000000, -0.000000, 0.000000, 0.999634, -0.027069
-20.505903, -13.368539, 0.000000, -0.000000, 0.000000, 0.999661, -0.026049
-20.503827, -13.367040, 0.000000, -0.000000, 0.000000, 0.999661, -0.026043
-20.507133, -13.369594, 0.000000, -0.000000, 0.000000, 0.999637, -0.026925
-20.505426, -13.371549, 0.000000, -0.000000, 0.000000, 0.999644, -0.026680
-20.504578, -13.373463, 0.000000, -0.000000, 0.000000, 0.999697, -0.024616
-20.501635, -13.375570, 0.000000, -0.000000, 0.000000, 0.999635, -0.027019
-20.496030, -13.376956, 0.000000, -0.000000, 0.000000, 0.999657, -0.026206
-20.486156, -13.371003, 0.000000, -0.000000, 0.000000, 0.999694, -0.024751
-20.488841, -13.372157, 0.000000, -0.000000, 0.000000, 0.999621, -0.027520
-20.485620, -13.367141, 0.000000, -0.000000, 0.000000, 0.999680, -0.025307
-20.483326, -13.367197, 0.000000, -0.000000, 0.000000, 0.999707, -0.024213
-20.483543, -13.368453, 0.000000, -0.000000, 0.000000, 0.999657, -0.026188
-20.492121, -13.374115, 0.000000, -0.000000, 0.000000, 0.999666, -0.025844
-20.499974, -13.372835, 0.000000, -0.000000, 0.000000, 0.999620, -0.027568
-20.495365, -13.370359, 0.000000, -0.000000, 0.000000, 0.999657, -0.026204
-20.496784, -13.366110, 0.000000, -0.000000, 0.000000, 0.999695, -0.024676
-20.494324, -13.365015, 0.000000, -0.000000, 0.000000, 0.999682, -0.025231
-20.501149, -13.358598, 0.000000, -0.000000, 0.000000, 0.999602, -0.028219
-20.501655, -13.357229, 0.000000, -0.000000, 0.000000, 0.999668, -0.025751
-20.496095, -13.358760, 0.000000, -0.000000, 0.000000, 0.999623, -0.027453
-20.503903, -13.356416, 0.000000, -0.000000, 0.000000, 0.999604, -0.028137
-20.502053, -13.357962, 0.000000, -0.000000, 0.000000, 0.999636, -0.026971
-20.498069, -13.361100, 0.000000, -0.000000, 0.000000, 0.999610, -0.027928
-20.494208, -13.365775, 0.000000, -0.000000, 0.000000, 0.999630, -0.027212
-20.496815, -13.366901, 0.000000, -0.000000, 0.000000, 0.999643, -0.026734
-20.499181, -13.365159, 0.000000, -0.000000, 0.000000, 0.999631, -0.027173
-20.493663, -13.364551, 0.000000, -0.000000, 0.000000, 0.999654, -0.026310
-20.493059, -13.365393, 0.000000, -0.000000, 0.000000, 0.999691, -0.024848
-20.492923, -13.368448, 0.000000, -0.000000, 0.000000, 0.999669, -0.025727
-20.489396, -13.367226, 0.000000, -0.000000, 0.000000, 0.999648, -0.026526
-20.498695, -13.372318, 0.000000, -0.000000, 0.000000, 0.999605, -0.028102
-20.498268, -13.372773, 0.000000, -0.000000, 0.000000, 0.999674, -0.025534
-20.501600, -13.375906, 0.000000, -0.000000, 0.000000, 0.999653, -0.026347
-20.503398, -13.376048, 0.000000, -0.000000, 0.000000, 0.999634, -0.027054
-20.500399, -13.373618, 0.000000, -0.000000, 0.000000, 0.999605, -0.028103
-20.503386, -13.371822, 0.000000, -0.000000, 0.000000, 0.999597, -0.028392
-20.502876, -13.371552, 0.000000, -0.000000, 0.000000, 0.999657, -0.026189
-20.496875, -13.371200, 0.000000, -0.000000, 0.000000, 0.999627, -0.027324
-20.504987, -13.375359, 0.000000, -0.000000, 0.000000, 0.999636, -0.026966
-20.501568, -13.376570, 0.000000, -0.000000, 0.000000, 0.999636, -0.026963
-20.502482, -13.377600, 0.000000, -0.000000, 0.000000, 0.999647, -0.026550
-20.504549, -13.378331, 0.000000, -0.000000, 0.000000, 0.999614, -0.027796
-20.507827, -13.372571, 0.000000, -0.000000, 0.000000, 0.999663, -0.025970
-20.507701, -13.373045, 0.000000, -0.000000, 0.000000, 0.999674, -0.025534
-20.507430, -13.370281, 0.000000, -0.000000, 0.000000, 0.999617, -0.027689
-20.508150, -13.373083, 0.000000, -0.000000, 0.000000, 0.999626, -0.027353
-20.505925, -13.374566, 0.000000, -0.000000, 0.000000, 0.999670, -0.025673
-20.502691, -13.368614, 0.000000, -0.000000, 0.000000, 0.999603, -0.028168
-20.500082, -13.371874, 0.000000, -0.000000, 0.000000, 0.999628, -0.027263
-20.496451, -13.370040, 0.000000, -0.000000, 0.000000, 0.999666, -0.025855
-20.492474, -13.365720, 0.000000, -0.000000, 0.000000, 0.999644, -0.026692
-20.494823, -13.366211, 0.000000, -0.000000, 0.000000, 0.999680, -0.025280
-20.500028, -13.369663, 0.000000, -0.000000, 0.000000, 0.999657, -0.026198
-20.501922, -13.367967, 0.000000, -0.000000, 0.000000, 0.999622, -0.027482
-20.505766, -13.365760, 0.000000, -0.000000, 0.000000, 0.999580, -0.028986
-20.509042, -13.367981, 0.000000, -0.000000, 0.000000, 0.999610, -0.027919
-20.503074, -13.366958, 0.000000, -0.000000, 0.000000, 0.999662, -0.026005
-20.500898, -13.370239, 0.000000, -0.000000, 0.000000, 0.999668, -0.025766
-20.504592, -13.372188, 0.000000, -0.000000, 0.000000, 0.999608, -0.027995
-20.504615, -13.369642, 0.000000, -0.000000, 0.000000, 0.999641, -0.026791
-20.500233, -13.373887, 0.000000, -0.000000, 0.000000, 0.999600, -0.028270
-20.494943, -13.367780, 0.000000, -0.000000, 0.000000, 0.999456, -0.032994
-20.490152, -13.369414, 0.000000, -0.000000, 0.000000, 0.999296, -0.037515
-20.499279, -13.373477, 0.000000, -0.000000, 0.000000, 0.999504, -0.031506
-20.503783, -13.372277, 0.000000, -0.000000, 0.000000, 0.999462, -0.032793
-20.508696, -13.376418, 0.000000, -0.000000, 0.000000, 0.999503, -0.031510
-20.504539, -13.365944, 0.000000, -0.000000, 0.000000, 0.999463, -0.032770
-20.496011, -13.363756, 0.000000, -0.000000, 0.000000, 0.999219, -0.039502
-20.495017, -13.359873, 0.000000, -0.000000, 0.000000, 0.999308, -0.037204
-20.496064, -13.362850, 0.000000, -0.000000, 0.000000, 0.999586, -0.028765
-20.493184, -13.365256, 0.000000, -0.000000, 0.000000, 0.999603, -0.028167
-20.496543, -13.366748, 0.000000, -0.000000, 0.000000, 0.999586, -0.028789
-20.497154, -13.356968, 0.000000, -0.000000, 0.000000, 0.999593, -0.028526
-20.501279, -13.361139, 0.000000, -0.000000, 0.000000, 0.999573, -0.029227
-20.494308, -13.357471, 0.000000, -0.000000, 0.000000, 0.999506, -0.031443
-20.496281, -13.354457, 0.000000, -0.000000, 0.000000, 0.999573, -0.029211
-20.505893, -13.352111, 0.000000, -0.000000, 0.000000, 0.999511, -0.031275
-20.508701, -13.350824, 0.000000, -0.000000, 0.000000, 0.999472, -0.032503
-20.523424, -13.351615, 0.000000, -0.000000, 0.000000, 0.999547, -0.030085
-20.528646, -13.352064, 0.000000, -0.000000, 0.000000, 0.999507, -0.031403
-20.534727, -13.351581, 0.000000, -0.000000, 0.000000, 0.999543, -0.030226
-20.535951, -13.350928, 0.000000, -0.000000, 0.000000, 0.999590, -0.028630
-20.533207, -13.350233, 0.000000, -0.000000, 0.000000, 0.999596, -0.028437
-20.542948, -13.348446, 0.000000, -0.000000, 0.000000, 0.999498, -0.031693
-20.545652, -13.349653, 0.000000, -0.000000, 0.000000, 0.999614, -0.027788
-20.547030, -13.347104, 0.000000, -0.000000, 0.000000, 0.999585, -0.028822
-20.547352, -13.349224, 0.000000, -0.000000, 0.000000, 0.999614, -0.027783
-20.544972, -13.348133, 0.000000, -0.000000, 0.000000, 0.999635, -0.027034
-20.539977, -13.351935, 0.000000, -0.000000, 0.000000, 0.999668, -0.025762
-20.541910, -13.353489, 0.000000, -0.000000, 0.000000, 0.999656, -0.026246
-20.538164, -13.353427, 0.000000, -0.000000, 0.000000, 0.999601, -0.028249
-20.538186, -13.349299, 0.000000, -0.000000, 0.000000, 0.999618, -0.027655
-20.543493, -13.352964, 0.000000, -0.000000, 0.000000, 0.999661, -0.026037
-20.542102, -13.357031, 0.000000, -0.000000, 0.000000, 0.999652, -0.026396
-20.543651, -13.359486, 0.000000, -0.000000, 0.000000, 0.999605, -0.028102
-20.543557, -13.361373, 0.000000, -0.000000, 0.000000, 0.999643, -0.026708
-20.549231, -13.359258, 0.000000, -0.000000, 0.000000, 0.999580, -0.028996
-20.552006, -13.355452, 0.000000, -0.000000, 0.000000, 0.999648, -0.026520
-20.556176, -13.353648, 0.000000, -0.000000, 0.000000, 0.999580, -0.028996
-20.559226, -13.354433, 0.000000, -0.000000, 0.000000, 0.999663, -0.025955
-20.561203, -13.362834, 0.000000, -0.000000, 0.000000, 0.999644, -0.026691
-20.564788, -13.357388, 0.000000, -0.000000, 0.000000, 0.999630, -0.027191
-20.559022, -13.355704, 0.000000, -0.000000, 0.000000, 0.999602, -0.028209
-20.555801, -13.357554, 0.000000, -0.000000, 0.000000, 0.999659, -0.026128
-20.555854, -13.356716, 0.000000, -0.000000, 0.000000, 0.999668, -0.025774
-20.556485, -13.359072, 0.000000, -0.000000, 0.000000, 0.999680, -0.025315
-20.560358, -13.351838, 0.000000, -0.000000, 0.000000, 0.999612, -0.027859
-20.567613, -13.353912, 0.000000, -0.000000, 0.000000, 0.999652, -0.026376
-20.571080, -13.353001, 0.000000, -0.000000, 0.000000, 0.999640, -0.026840
-20.561693, -13.348864, 0.000000, -0.000000, 0.000000, 0.999644, -0.026698
-20.560126, -13.350986, 0.000000, -0.000000, 0.000000, 0.999606, -0.028070
-20.557298, -13.350756, 0.000000, -0.000000, 0.000000, 0.999653, -0.026349
-20.554923, -13.355356, 0.000000, -0.000000, 0.000000, 0.999616, -0.027725
-20.558887, -13.355760, 0.000000, -0.000000, 0.000000, 0.999673, -0.025582
-20.555343, -13.357275, 0.000000, -0.000000, 0.000000, 0.999696, -0.024661
-20.565296, -13.354187, 0.000000, -0.000000, 0.000000, 0.999634, -0.027046
-20.557800, -13.355213, 0.000000, -0.000000, 0.000000, 0.999641, -0.026794
-20.556782, -13.356806, 0.000000, -0.000000, 0.000000, 0.999643, -0.026705
-20.558961, -13.359684, 0.000000, -0.000000, 0.000000, 0.999564, -0.029524
-20.549263, -13.360722, 0.000000, -0.000000, 0.000000, 0.999707, -0.024191
-20.551861, -13.365270, 0.000000, -0.000000, 0.000000, 0.999704, -0.024321
-20.548016, -13.376886, 0.000000, -0.000000, 0.000000, 0.999631, -0.027157
-20.554143, -13.384119, 0.000000, -0.000000, 0.000000, 0.999636, -0.026970
-20.553274, -13.383575, 0.000000, -0.000000, 0.000000, 0.999632, -0.027109
-20.556499, -13.384627, 0.000000, -0.000000, 0.000000, 0.999642, -0.026763
-20.561462, -13.385347, 0.000000, -0.000000, 0.000000, 0.999662, -0.025990
-20.566291, -13.387017, 0.000000, -0.000000, 0.000000, 0.999645, -0.026655
-20.570522, -13.387937, 0.000000, -0.000000, 0.000000, 0.999632, -0.027135
-20.574587, -13.389526, 0.000000, -0.000000, 0.000000, 0.999665, -0.025889
-20.576745, -13.389240, 0.000000, -0.000000, 0.000000, 0.999686, -0.025060
-20.578156, -13.392355, 0.000000, -0.000000, 0.000000, 0.999727, -0.023369
-20.580638, -13.397049, 0.000000, -0.000000, 0.000000, 0.999661, -0.026029
-20.568729, -13.396339, 0.000000, -0.000000, 0.000000, 0.999676, -0.025438
-20.560433, -13.395225, 0.000000, -0.000000, 0.000000, 0.999699, -0.024521
-20.545681, -13.392704, 0.000000, -0.000000, 0.000000, 0.999703, -0.024376
-20.549890, -13.395836, 0.000000, -0.000000, 0.000000, 0.999688, -0.024988
-20.546658, -13.393550, 0.000000, -0.000000, 0.000000, 0.999703, -0.024379
-20.546330, -13.393725, 0.000000, -0.000000, 0.000000, 0.999683, -0.025197
-20.553793, -13.392849, 0.000000, -0.000000, 0.000000, 0.999660, -0.026082
-20.542101, -13.392829, 0.000000, -0.000000, 0.000000, 0.999686, -0.025072
-20.542128, -13.394925, 0.000000, -0.000000, 0.000000, 0.999648, -0.026548
-20.555889, -13.399289, 0.000000, -0.000000, 0.000000, 0.999691, -0.024841
-20.562827, -13.398804, 0.000000, -0.000000, 0.000000, 0.999668, -0.025754
-20.553016, -13.400357, 0.000000, -0.000000, 0.000000, 0.999688, -0.024975
-20.544255, -13.395224, 0.000000, -0.000000, 0.000000, 0.999672, -0.025600
-20.539405, -13.393476, 0.000000, -0.000000, 0.000000, 0.999688, -0.024980
-20.536665, -13.394762, 0.000000, -0.000000, 0.000000, 0.999718, -0.023736
-20.529566, -13.394646, 0.000000, -0.000000, 0.000000, 0.999725, -0.023469
-20.524431, -13.398653, 0.000000, -0.000000, 0.000000, 0.999734, -0.023057
-20.522082, -13.398633, 0.000000, -0.000000, 0.000000, 0.999758, -0.021991
-20.512374, -13.397255, 0.000000, -0.000000, 0.000000, 0.999767, -0.021579
-20.522507, -13.395520, 0.000000, -0.000000, 0.000000, 0.999679, -0.025323
-20.524680, -13.399774, 0.000000, -0.000000, 0.000000, 0.999714, -0.023908
-20.522612, -13.394845, 0.000000, -0.000000, 0.000000, 0.999752, -0.022277
-20.525792, -13.390147, 0.000000, -0.000000, 0.000000, 0.999697, -0.024597
-20.526900, -13.388832, 0.000000, -0.000000, 0.000000, 0.999678, -0.025360
-20.523015, -13.385329, 0.000000, -0.000000, 0.000000, 0.999750, -0.022344
-20.516373, -13.384569, 0.000000, -0.000000, 0.000000, 0.999690, -0.024893
-20.510590, -13.386321, 0.000000, -0.000000, 0.000000, 0.999768, -0.021544
-20.508604, -13.386182, 0.000000, -0.000000, 0.000000, 0.999736, -0.022960
-20.505311, -13.381763, 0.000000, -0.000000, 0.000000, 0.999733, -0.023103
-20.511748, -13.386735, 0.000000, -0.000000, 0.000000, 0.999797, -0.020150
-20.514325, -13.391619, 0.000000, -0.000000, 0.000000, 0.999846, -0.017547
-20.522634, -13.394648, 0.000000, -0.000000, 0.000000, 0.999813, -0.019313
-20.525239, -13.393323, 0.000000, -0.000000, 0.000000, 0.999817, -0.019109
-20.527795, -13.389327, 0.000000, -0.000000, 0.000000, 0.999797, -0.020149
-20.537889, -13.393050, 0.000000, -0.000000, 0.000000, 0.999792, -0.020380
-20.530806, -13.396034, 0.000000, -0.000000, 0.000000, 0.999789, -0.020526
-20.522067, -13.395685, 0.000000, -0.000000, 0.000000, 0.999829, -0.018494
-20.521088, -13.398518, 0.000000, -0.000000, 0.000000, 0.999835, -0.018187
-20.515173, -13.398119, 0.000000, -0.000000, 0.000000, 0.999759, -0.021950
-20.507798, -13.397717, 0.000000, -0.000000, 0.000000, 0.999763, -0.021777
-20.509503, -13.403939, 0.000000, -0.000000, 0.000000, 0.999788, -0.020610
-20.513763, -13.399516, 0.000000, -0.000000, 0.000000, 0.999767, -0.021566
-20.515517, -13.397915, 0.000000, -0.000000, 0.000000, 0.999745, -0.022573
-20.511806, -13.395109, 0.000000, -0.000000, 0.000000, 0.999782, -0.020866
-20.513537, -13.392314, 0.000000, -0.000000, 0.000000, 0.999793, -0.020334
-20.523219, -13.396728, 0.000000, -0.000000, 0.000000, 0.999748, -0.022467
-20.528941, -13.401367, 0.000000, -0.000000, 0.000000, 0.999786, -0.020695
-20.528553, -13.401015, 0.000000, -0.000000, 0.000000, 0.999794, -0.020309
-20.530018, -13.397626, 0.000000, -0.000000, 0.000000, 0.999768, -0.021517
-20.526251, -13.402441, 0.000000, -0.000000, 0.000000, 0.999747, -0.022503
-20.522707, -13.399120, 0.000000, -0.000000, 0.000000, 0.999685, -0.025105
-20.517316, -13.398415, 0.000000, -0.000000, 0.000000, 0.999691, -0.024853
-20.520316, -13.400263, 0.000000, -0.000000, 0.000000, 0.999709, -0.024116
-20.517473, -13.403256, 0.000000, -0.000000, 0.000000, 0.999724, -0.023510
-20.518611, -13.399959, 0.000000, -0.000000, 0.000000, 0.999679, -0.025317
-20.515170, -13.395599, 0.000000, -0.000000, 0.000000, 0.999705, -0.024290
-20.512565, -13.384279, 0.000000, -0.000000, 0.000000, 0.999674, -0.025540
-20.518528, -13.386160, 0.000000, -0.000000, 0.000000, 0.999662, -0.026010
-20.524181, -13.386151, 0.000000, -0.000000, 0.000000, 0.999680, -0.025289
-20.517955, -13.385884, 0.000000, -0.000000, 0.000000, 0.999710, -0.024092
-20.514474, -13.386303, 0.000000, -0.000000, 0.000000, 0.999635, -0.027019
-20.511856, -13.395333, 0.000000, -0.000000, 0.000000, 0.999619, -0.027608
-20.512939, -13.403835, 0.000000, -0.000000, 0.000000, 0.999624, -0.027432
-20.513759, -13.406985, 0.000000, -0.000000, 0.000000, 0.999641, -0.026788
-20.513697, -13.406081, 0.000000, -0.000000, 0.000000, 0.999667, -0.025817
-20.507583, -13.407054, 0.000000, -0.000000, 0.000000, 0.999654, -0.026292
-20.508122, -13.411734, 0.000000, -0.000000, 0.000000, 0.999642, -0.026753
-20.522592, -13.426222, 0.000000, -0.000000, 0.000000, 0.999597, -0.028371
-20.519855, -13.436541, 0.000000, -0.000000, 0.000000, 0.999651, -0.026411
-20.514784, -13.439952, 0.000000, -0.000000, 0.000000, 0.999626, -0.027362
-20.513383, -13.433673, 0.000000, -0.000000, 0.000000, 0.999555, -0.029842
-20.511721, -13.427818, 0.000000, -0.000000, 0.000000, 0.999589, -0.028654
-20.510984, -13.419029, 0.000000, -0.000000, 0.000000, 0.999606, -0.028080
-20.508740, -13.417273, 0.000000, -0.000000, 0.000000, 0.999577, -0.029078
-20.511935, -13.415724, 0.000000, -0.000000, 0.000000, 0.999616, -0.027714
-20.516845, -13.415600, 0.000000, -0.000000, 0.000000, 0.999599, -0.028310
-20.512496, -13.406341, 0.000000, -0.000000, 0.000000, 0.999618, -0.027652
-20.510056, -13.398030, 0.000000, -0.000000, 0.000000, 0.999614, -0.027769
-20.512365, -13.396898, 0.000000, -0.000000, 0.000000, 0.999608, -0.028003
-20.502060, -13.388505, 0.000000, -0.000000, 0.000000, 0.999552, -0.029943
-20.496122, -13.390593, 0.000000, -0.000000, 0.000000, 0.999580, -0.028976
-20.496215, -13.384811, 0.000000, -0.000000, 0.000000, 0.999558, -0.029722
-20.499036, -13.385649, 0.000000, -0.000000, 0.000000, 0.999529, -0.030673
-20.494827, -13.381979, 0.000000, -0.000000, 0.000000, 0.999582, -0.028902
-20.489749, -13.382717, 0.000000, -0.000000, 0.000000, 0.999388, -0.034973
-20.482662, -13.373261, 0.000000, -0.000000, 0.000000, 0.999491, -0.031907
-20.483925, -13.373844, 0.000000, -0.000000, 0.000000, 0.999421, -0.034010
-20.475262, -13.371738, 0.000000, -0.000000, 0.000000, 0.999455, -0.033001
-20.477935, -13.366455, 0.000000, -0.000000, 0.000000, 0.999495, -0.031764
-20.476732, -13.364734, 0.000000, -0.000000, 0.000000, 0.999447, -0.033253
-20.477685, -13.364278, 0.000000, -0.000000, 0.000000, 0.999514, -0.031172
-20.487009, -13.362366, 0.000000, -0.000000, 0.000000, 0.999523, -0.030898
-20.486446, -13.359910, 0.000000, -0.000000, 0.000000, 0.999540, -0.030328
-20.491191, -13.356229, 0.000000, -0.000000, 0.000000, 0.999500, -0.031626
-20.493945, -13.355678, 0.000000, -0.000000, 0.000000, 0.999523, -0.030897
-20.491189, -13.355759, 0.000000, -0.000000, 0.000000, 0.999480, -0.032243
-20.493172, -13.356725, 0.000000, -0.000000, 0.000000, 0.999505, -0.031459
-20.489420, -13.357143, 0.000000, -0.000000, 0.000000, 0.999475, -0.032409
-20.492764, -13.362453, 0.000000, -0.000000, 0.000000, 0.999473, -0.032454
-20.490500, -13.362827, 0.000000, -0.000000, 0.000000, 0.999364, -0.035647
-20.486961, -13.360902, 0.000000, -0.000000, 0.000000, 0.999450, -0.033162
-20.478890, -13.359866, 0.000000, -0.000000, 0.000000, 0.999443, -0.033370
-20.478270, -13.358997, 0.000000, -0.000000, 0.000000, 0.999445, -0.033298
-20.477258, -13.354117, 0.000000, -0.000000, 0.000000, 0.999413, -0.034262
-20.477082, -13.350906, 0.000000, -0.000000, 0.000000, 0.999346, -0.036151
-20.485216, -13.358156, 0.000000, -0.000000, 0.000000, 0.999577, -0.029068
-20.486405, -13.356591, 0.000000, -0.000000, 0.000000, 0.999550, -0.029998
-20.484232, -13.355500, 0.000000, -0.000000, 0.000000, 0.999534, -0.030537
-20.490444, -13.357445, 0.000000, -0.000000, 0.000000, 0.999575, -0.029141
-20.490207, -13.353317, 0.000000, -0.000000, 0.000000, 0.999560, -0.029669
-20.490627, -13.352278, 0.000000, -0.000000, 0.000000, 0.999543, -0.030244
-20.490352, -13.354086, 0.000000, -0.000000, 0.000000, 0.999529, -0.030677
-20.488717, -13.354077, 0.000000, -0.000000, 0.000000, 0.999550, -0.030006
-20.485344, -13.357421, 0.000000, -0.000000, 0.000000, 0.999576, -0.029118
-20.488718, -13.355429, 0.000000, -0.000000, 0.000000, 0.999601, -0.028238
-20.494567, -13.357330, 0.000000, -0.000000, 0.000000, 0.999637, -0.026949
-20.494926, -13.361431, 0.000000, -0.000000, 0.000000, 0.999647, -0.026555
-20.490092, -13.357671, 0.000000, -0.000000, 0.000000, 0.999668, -0.025749
-20.488378, -13.360393, 0.000000, -0.000000, 0.000000, 0.999646, -0.026595
-20.488544, -13.359064, 0.000000, -0.000000, 0.000000, 0.999671, -0.025658
-20.492220, -13.359892, 0.000000, -0.000000, 0.000000, 0.999550, -0.029981
-20.488117, -13.357002, 0.000000, -0.000000, 0.000000, 0.999605, -0.028112
-20.487464, -13.360219, 0.000000, -0.000000, 0.000000, 0.999627, -0.027321
-20.486311, -13.356286, 0.000000, -0.000000, 0.000000, 0.999620, -0.027578
-20.490340, -13.357409, 0.000000, -0.000000, 0.000000, 0.999603, -0.028164
-20.490463, -13.351376, 0.000000, -0.000000, 0.000000, 0.999645, -0.026626
-20.487897, -13.353559, 0.000000, -0.000000, 0.000000, 0.999627, -0.027292
-20.483813, -13.353868, 0.000000, -0.000000, 0.000000, 0.999592, -0.028554
-20.490963, -13.356692, 0.000000, -0.000000, 0.000000, 0.999579, -0.029027
-20.495633, -13.356204, 0.000000, -0.000000, 0.000000, 0.999590, -0.028620
-20.500236, -13.357056, 0.000000, -0.000000, 0.000000, 0.999656, -0.026214
-20.504198, -13.359790, 0.000000, -0.000000, 0.000000, 0.999613, -0.027815
-20.496831, -13.362749, 0.000000, -0.000000, 0.000000, 0.999648, -0.026516
-20.492226, -13.358045, 0.000000, -0.000000, 0.000000, 0.999609, -0.027947
-20.500905, -13.359948, 0.000000, -0.000000, 0.000000, 0.999671, -0.025668
-20.501227, -13.353144, 0.000000, -0.000000, 0.000000, 0.999645, -0.026646
-20.504488, -13.355124, 0.000000, -0.000000, 0.000000, 0.999601, -0.028247
-20.503643, -13.357346, 0.000000, -0.000000, 0.000000, 0.999626, -0.027357
-20.502005, -13.357946, 0.000000, -0.000000, 0.000000, 0.999638, -0.026891
-20.496100, -13.354298, 0.000000, -0.000000, 0.000000, 0.999667, -0.025788
-20.498700, -13.355012, 0.000000, -0.000000, 0.000000, 0.999658, -0.026163
-20.497161, -13.353892, 0.000000, -0.000000, 0.000000, 0.999654, -0.026286
-20.498793, -13.356359, 0.000000, -0.000000, 0.000000, 0.999647, -0.026583
-20.494515, -13.361873, 0.000000, -0.000000, 0.000000, 0.999650, -0.026438
-20.495335, -13.361491, 0.000000, -0.000000, 0.000000, 0.999571, -0.029288
-20.494825, -13.368468, 0.000000, -0.000000, 0.000000, 0.999697, -0.024598
-20.496537, -13.368774, 0.000000, -0.000000, 0.000000, 0.999642, -0.026741
-20.502528, -13.373221, 0.000000, -0.000000, 0.000000, 0.999673, -0.025585
-20.500505, -13.371794, 0.000000, -0.000000, 0.000000, 0.999700, -0.024501
-20.508717, -13.370996, 0.000000, -0.000000, 0.000000, 0.999669, -0.025715
-20.506383, -13.371788, 0.000000, -0.000000, 0.000000, 0.999657, -0.026183
-20.512194, -13.373358, 0.000000, -0.000000, 0.000000, 0.999664, -0.025927
-20.509136, -13.371625, 0.000000, -0.000000, 0.000000, 0.999694, -0.024746
-20.512026, -13.370364, 0.000000, -0.000000, 0.000000, 0.999654, -0.026295
-20.509691, -13.370154, 0.000000, -0.000000, 0.000000, 0.999678, -0.025357
-20.502430, -13.371504, 0.000000, -0.000000, 0.000000, 0.999660, -0.026076
-20.510247, -13.370343, 0.000000, -0.000000, 0.000000, 0.999623, -0.027447
-20.502627, -13.370065, 0.000000, -0.000000, 0.000000, 0.999613, -0.027818
-20.504159, -13.370636, 0.000000, -0.000000, 0.000000, 0.999677, -0.025414
-20.508440, -13.371749, 0.000000, -0.000000, 0.000000, 0.999673, -0.025562
-20.510832, -13.380710, 0.000000, -0.000000, 0.000000, 0.999688, -0.024969
-20.508679, -13.383307, 0.000000, -0.000000, 0.000000, 0.999666, -0.025855
-20.504324, -13.376421, 0.000000, -0.000000, 0.000000, 0.999643, -0.026722
-20.499988, -13.379834, 0.000000, -0.000000, 0.000000, 0.999667, -0.025820
-20.491263, -13.380098, 0.000000, -0.000000, 0.000000, 0.999650, -0.026466
-20.493292, -13.394836, 0.000000, -0.000000, 0.000000, 0.999631, -0.027151
-20.501030, -13.407509, 0.000000, -0.000000, 0.000000, 0.999638, -0.026914
-20.501350, -13.417670, 0.000000, -0.000000, 0.000000, 0.999611, -0.027888
-20.509170, -13.416412, 0.000000, -0.000000, 0.000000, 0.999592, -0.028557
-20.510421, -13.415725, 0.000000, -0.000000, 0.000000, 0.999658, -0.026164
-20.511293, -13.412277, 0.000000, -0.000000, 0.000000, 0.999623, -0.027471
-20.510593, -13.412700, 0.000000, -0.000000, 0.000000, 0.999626, -0.027337
-20.506546, -13.409929, 0.000000, -0.000000, 0.000000, 0.999649, -0.026483
-20.503152, -13.404790, 0.000000, -0.000000, 0.000000, 0.999652, -0.026371
-20.511377, -13.398466, 0.000000, -0.000000, 0.000000, 0.999717, -0.023798
-20.511821, -13.396139, 0.000000, -0.000000, 0.000000, 0.999574, -0.029192
-20.514859, -13.394287, 0.000000, -0.000000, 0.000000, 0.999631, -0.027154
-20.521059, -13.394840, 0.000000, -0.000000, 0.000000, 0.999554, -0.029851
-20.524385, -13.403873, 0.000000, -0.000000, 0.000000, 0.999588, -0.028691
-20.533935, -13.401923, 0.000000, -0.000000, 0.000000, 0.999532, -0.030603
-20.528814, -13.404601, 0.000000, -0.000000, 0.000000, 0.999596, -0.028410
-20.527210, -13.406252, 0.000000, -0.000000, 0.000000, 0.999600, -0.028268
-20.516414, -13.408420, 0.000000, -0.000000, 0.000000, 0.999564, -0.029520
-20.516059, -13.407997, 0.000000, -0.000000, 0.000000, 0.999629, -0.027225
-20.513182, -13.404765, 0.000000, -0.000000, 0.000000, 0.999599, -0.028332
-20.509341, -13.401459, 0.000000, -0.000000, 0.000000, 0.999608, -0.027998
-20.510521, -13.398702, 0.000000, -0.000000, 0.000000, 0.999579, -0.029005
-20.512940, -13.405855, 0.000000, -0.000000, 0.000000, 0.999590, -0.028618
-20.511697, -13.407641, 0.000000, -0.000000, 0.000000, 0.999598, -0.028352
-20.511479, -13.407168, 0.000000, -0.000000, 0.000000, 0.999618, -0.027628
-20.523793, -13.415540, 0.000000, -0.000000, 0.000000, 0.999432, -0.033686
-20.529195, -13.425790, 0.000000, -0.000000, 0.000000, 0.999355, -0.035898
-20.537436, -13.434543, 0.000000, -0.000000, 0.000000, 0.999383, -0.035116
-20.533838, -13.428183, 0.000000, -0.000000, 0.000000, 0.999524, -0.030849
-20.530242, -13.423666, 0.000000, -0.000000, 0.000000, 0.999527, -0.030769
-20.542022, -13.430962, 0.000000, -0.000000, 0.000000, 0.999487, -0.032019
-20.544584, -13.433283, 0.000000, -0.000000, 0.000000, 0.999447, -0.033237
-20.537697, -13.438350, 0.000000, -0.000000, 0.000000, 0.999508, -0.031359
-20.540093, -13.437617, 0.000000, -0.000000, 0.000000, 0.999511, -0.031283
-20.537875, -13.435945, 0.000000, -0.000000, 0.000000, 0.999501, -0.031577
-20.535906, -13.442344, 0.000000, -0.000000, 0.000000, 0.999545, -0.030149
-20.542893, -13.443601, 0.000000, -0.000000, 0.000000, 0.999598, -0.028353
-20.535892, -13.441618, 0.000000, -0.000000, 0.000000, 0.999557, -0.029775
-20.542505, -13.433617, 0.000000, -0.000000, 0.000000, 0.999506, -0.031431
-20.535846, -13.437235, 0.000000, -0.000000, 0.000000, 0.999533, -0.030559
-20.534645, -13.448725, 0.000000, -0.000000, 0.000000, 0.999365, -0.035618
-20.534223, -13.447279, 0.000000, -0.000000, 0.000000, 0.999568, -0.029403
-20.533734, -13.441263, 0.000000, -0.000000, 0.000000, 0.999562, -0.029607
-20.526831, -13.434642, 0.000000, -0.000000, 0.000000, 0.999628, -0.027270
-20.518283, -13.426035, 0.000000, -0.000000, 0.000000, 0.999645, -0.026629
-20.507696, -13.417003, 0.000000, -0.000000, 0.000000, 0.999591, -0.028598
-20.508150, -13.410349, 0.000000, -0.000000, 0.000000, 0.999633, -0.027091
-20.504157, -13.410610, 0.000000, -0.000000, 0.000000, 0.999649, -0.026483
-20.500374, -13.409507, 0.000000, -0.000000, 0.000000, 0.999638, -0.026900
-20.504274, -13.411433, 0.000000, -0.000000, 0.000000, 0.999662, -0.025997
-20.500696, -13.409332, 0.000000, -0.000000, 0.000000, 0.999680, -0.025309
-20.498173, -13.407254, 0.000000, -0.000000, 0.000000, 0.999663, -0.025958
-20.495253, -13.402990, 0.000000, -0.000000, 0.000000, 0.999677, -0.025433
-20.494056, -13.398968, 0.000000, -0.000000, 0.000000, 0.999667, -0.025819
-20.494128, -13.391402, 0.000000, -0.000000, 0.000000, 0.999667, -0.025799
-20.494363, -13.387240, 0.000000, -0.000000, 0.000000, 0.999682, -0.025219
-20.492934, -13.383607, 0.000000, -0.000000, 0.000000, 0.999673, -0.025591
-20.499462, -13.380336, 0.000000, -0.000000, 0.000000, 0.999636, -0.026983
-20.494054, -13.377630, 0.000000, -0.000000, 0.000000, 0.999648, -0.026536
-20.496951, -13.382154, 0.000000, -0.000000, 0.000000, 0.999627, -0.027300
-20.501813, -13.379719, 0.000000, -0.000000, 0.000000, 0.999680, -0.025310
-20.500799, -13.383963, 0.000000, -0.000000, 0.000000, 0.999653, -0.026359
-20.498218, -13.380290, 0.000000, -0.000000, 0.000000, 0.999658, -0.026164
-20.496741, -13.378158, 0.000000, -0.000000, 0.000000, 0.999560, -0.029663
-20.504759, -13.376913, 0.000000, -0.000000, 0.000000, 0.999645, -0.026655
-20.505006, -13.371100, 0.000000, -0.000000, 0.000000, 0.999680, -0.025294
-20.503420, -13.368846, 0.000000, -0.000000, 0.000000, 0.999644, -0.026683
-20.496255, -13.368636, 0.000000, -0.000000, 0.000000, 0.999672, -0.025608
-20.492113, -13.366467, 0.000000, -0.000000, 0.000000, 0.999680, -0.025303
-20.495655, -13.366003, 0.000000, -0.000000, 0.000000, 0.999631, -0.027161
-20.492509, -13.364004, 0.000000, -0.000000, 0.000000, 0.999643, -0.026734
-20.498393, -13.360254, 0.000000, -0.000000, 0.000000, 0.999681, -0.025255
-20.500597, -13.360260, 0.000000, -0.000000, 0.000000, 0.999619, -0.027609
-20.494277, -13.359702, 0.000000, -0.000000, 0.000000, 0.999642, -0.026741
-20.487885, -13.356145, 0.000000, -0.000000, 0.000000, 0.999646, -0.026613
-20.490758, -13.359766, 0.000000, -0.000000, 0.000000, 0.999637, -0.026948
-20.490468, -13.361961, 0.000000, -0.000000, 0.000000, 0.999629, -0.027237
-20.487745, -13.361140, 0.000000, -0.000000, 0.000000, 0.999593, -0.028533
-20.491500, -13.362817, 0.000000, -0.000000, 0.000000, 0.999683, -0.025161
-20.492810, -13.365343, 0.000000, -0.000000, 0.000000, 0.999659, -0.026112
-20.495025, -13.366904, 0.000000, -0.000000, 0.000000, 0.999582, -0.028912
-20.493499, -13.367628, 0.000000, -0.000000, 0.000000, 0.999620, -0.027549
-20.504136, -13.370816, 0.000000, -0.000000, 0.000000, 0.999559, -0.029700
-20.507440, -13.373692, 0.000000, -0.000000, 0.000000, 0.999636, -0.026987
-20.505081, -13.371702, 0.000000, -0.000000, 0.000000, 0.999653, -0.026332
-20.500498, -13.375195, 0.000000, -0.000000, 0.000000, 0.999696, -0.024656
-20.498351, -13.379047, 0.000000, -0.000000, 0.000000, 0.999672, -0.025624
-20.492942, -13.378424, 0.000000, -0.000000, 0.000000, 0.999686, -0.025041
-20.495282, -13.383238, 0.000000, -0.000000, 0.000000, 0.999698, -0.024557
-20.492663, -13.389103, 0.000000, -0.000000, 0.000000, 0.999642, -0.026770
-20.490671, -13.387754, 0.000000, -0.000000, 0.000000, 0.999674, -0.025536
-20.496815, -13.384037, 0.000000, -0.000000, 0.000000, 0.999647, -0.026577
-20.497960, -13.381531, 0.000000, -0.000000, 0.000000, 0.999628, -0.027276
-20.498454, -13.381798, 0.000000, -0.000000, 0.000000, 0.999598, -0.028360
-20.503911, -13.382798, 0.000000, -0.000000, 0.000000, 0.999671, -0.025646
-20.499034, -13.380502, 0.000000, -0.000000, 0.000000, 0.999644, -0.026662
-20.495784, -13.381578, 0.000000, -0.000000, 0.000000, 0.999619, -0.027587
-20.497177, -13.384087, 0.000000, -0.000000, 0.000000, 0.999645, -0.026629
-20.505786, -13.388082, 0.000000, -0.000000, 0.000000, 0.999631, -0.027171
-20.510235, -13.387908, 0.000000, -0.000000, 0.000000, 0.999650, -0.026463
-20.517055, -13.387906, 0.000000, -0.000000, 0.000000, 0.999639, -0.026851
-20.514476, -13.387066, 0.000000, -0.000000, 0.000000, 0.999632, -0.027134
-20.517780, -13.384051, 0.000000, -0.000000, 0.000000, 0.999595, -0.028447
-20.515544, -13.378458, 0.000000, -0.000000, 0.000000, 0.999635, -0.027010
-20.513374, -13.379115, 0.000000, -0.000000, 0.000000, 0.999611, -0.027891
-20.508432, -13.377584, 0.000000, -0.000000, 0.000000, 0.999651, -0.026399
-20.508200, -13.380002, 0.000000, -0.000000, 0.000000, 0.999675, -0.025504
-20.497127, -13.376156, 0.000000, -0.000000, 0.000000, 0.999575, -0.029142
-20.493516, -13.375044, 0.000000, -0.000000, 0.000000, 0.999621, -0.027513
-20.492963, -13.369850, 0.000000, -0.000000, 0.000000, 0.999597, -0.028392
-20.498564, -13.371070, 0.000000, -0.000000, 0.000000, 0.999634, -0.027056
-20.499748, -13.373225, 0.000000, -0.000000, 0.000000, 0.999694, -0.024728
-20.498899, -13.374072, 0.000000, -0.000000, 0.000000, 0.999659, -0.026104
-20.501076, -13.373280, 0.000000, -0.000000, 0.000000, 0.999687, -0.025007
-20.514875, -13.374783, 0.000000, -0.000000, 0.000000, 0.999632, -0.027134
-20.512538, -13.377293, 0.000000, -0.000000, 0.000000, 0.999572, -0.029245
-20.510108, -13.380544, 0.000000, -0.000000, 0.000000, 0.999525, -0.030808
-20.509844, -13.381361, 0.000000, -0.000000, 0.000000, 0.999619, -0.027614
-20.513418, -13.380363, 0.000000, -0.000000, 0.000000, 0.999636, -0.026986
-20.512031, -13.377106, 0.000000, -0.000000, 0.000000, 0.999585, -0.028800
-20.511067, -13.376313, 0.000000, -0.000000, 0.000000, 0.999637, -0.026959
-20.510689, -13.374576, 0.000000, -0.000000, 0.000000, 0.999636, -0.026973
-20.503242, -13.373613, 0.000000, -0.000000, 0.000000, 0.999663, -0.025955
-20.498609, -13.373718, 0.000000, -0.000000, 0.000000, 0.999655, -0.026282
-20.495638, -13.375228, 0.000000, -0.000000, 0.000000, 0.999701, -0.024468
-20.496787, -13.372343, 0.000000, -0.000000, 0.000000, 0.999669, -0.025719
-20.495455, -13.374654, 0.000000, -0.000000, 0.000000, 0.999648, -0.026544
-20.493224, -13.376006, 0.000000, -0.000000, 0.000000, 0.999650, -0.026458
-20.505640, -13.377602, 0.000000, -0.000000, 0.000000, 0.999645, -0.026649
-20.506334, -13.377281, 0.000000, -0.000000, 0.000000, 0.999637, -0.026931
-20.503491, -13.379001, 0.000000, -0.000000, 0.000000, 0.999688, -0.024981
-20.509490, -13.376453, 0.000000, -0.000000, 0.000000, 0.999665, -0.025889
-20.506731, -13.372007, 0.000000, -0.000000, 0.000000, 0.999635, -0.027025
-20.509025, -13.376264, 0.000000, -0.000000, 0.000000, 0.999651, -0.026413
-20.509413, -13.375254, 0.000000, -0.000000, 0.000000, 0.999683, -0.025180
-20.508689, -13.373361, 0.000000, -0.000000, 0.000000, 0.999665, -0.025888
-20.507427, -13.371975, 0.000000, -0.000000, 0.000000, 0.999658, -0.026143
-20.509633, -13.374914, 0.000000, -0.000000, 0.000000, 0.999623, -0.027444
-20.512958, -13.376383, 0.000000, -0.000000, 0.000000, 0.999585, -0.028805
-20.515909, -13.373054, 0.000000, -0.000000, 0.000000, 0.999626, -0.027329
-20.505603, -13.370806, 0.000000, -0.000000, 0.000000, 0.999611, -0.027885
-20.507125, -13.374194, 0.000000, -0.000000, 0.000000, 0.999580, -0.028989
-20.503766, -13.372009, 0.000000, -0.000000, 0.000000, 0.999578, -0.029059
-20.510926, -13.370151, 0.000000, -0.000000, 0.000000, 0.999621, -0.027523
-20.502536, -13.368917, 0.000000, -0.000000, 0.000000, 0.999636, -0.026969
-20.499395, -13.369100, 0.000000, -0.000000, 0.000000, 0.999666, -0.025852
-20.496884, -13.366101, 0.000000, -0.000000, 0.000000, 0.999701, -0.024445
-20.491862, -13.366960, 0.000000, -0.000000, 0.000000, 0.999663, -0.025943
-20.494405, -13.366331, 0.000000, -0.000000, 0.000000, 0.999660, -0.026064
-20.496641, -13.367500, 0.000000, -0.000000, 0.000000, 0.999691, -0.024868
-20.500380, -13.370999, 0.000000, -0.000000, 0.000000, 0.999619, -0.027613
-20.503585, -13.372980, 0.000000, -0.000000, 0.000000, 0.999625, -0.027396
-20.502444, -13.370310, 0.000000, -0.000000, 0.000000, 0.999671, -0.025633
-20.505607, -13.367672, 0.000000, -0.000000, 0.000000, 0.999665, -0.025866
-20.509515, -13.368920, 0.000000, -0.000000, 0.000000, 0.999610, -0.027914
-20.508941, -13.371129, 0.000000, -0.000000, 0.000000, 0.999623, -0.027450
-20.513962, -13.372403, 0.000000, -0.000000, 0.000000, 0.999647, -0.026566
-20.511284, -13.365914, 0.000000, -0.000000, 0.000000, 0.999612, -0.027861
-20.511729, -13.367165, 0.000000, -0.000000, 0.000000, 0.999666, -0.025857
-20.504457, -13.366001, 0.000000, -0.000000, 0.000000, 0.999603, -0.028175
-20.505012, -13.367806, 0.000000, -0.000000, 0.000000, 0.999643, -0.026709
-20.504208, -13.365742, 0.000000, -0.000000, 0.000000, 0.999608, -0.027993
-20.500162, -13.372441, 0.000000, -0.000000, 0.000000, 0.999674, -0.025536
-20.499026, -13.372155, 0.000000, -0.000000, 0.000000, 0.999662, -0.026014
-20.499949, -13.372821, 0.000000, -0.000000, 0.000000, 0.999583, -0.028877
-20.505120, -13.365923, 0.000000, -0.000000, 0.000000, 0.999598, -0.028334
-20.507498, -13.365647, 0.000000, -0.000000, 0.000000, 0.999626, -0.027362
-20.505465, -13.364813, 0.000000, -0.000000, 0.000000, 0.999628, -0.027264
-20.508355, -13.373965, 0.000000, -0.000000, 0.000000, 0.999660, -0.026081
-20.501872, -13.371393, 0.000000, -0.000000, 0.000000, 0.999664, -0.025937
-20.503248, -13.373669, 0.000000, -0.000000, 0.000000, 0.999650, -0.026439
-20.501880, -13.378368, 0.000000, -0.000000, 0.000000, 0.999631, -0.027182
-20.501400, -13.378151, 0.000000, -0.000000, 0.000000, 0.999624, -0.027418
-20.502971, -13.374862, 0.000000, -0.000000, 0.000000, 0.999588, -0.028713
-20.502220, -13.376883, 0.000000, -0.000000, 0.000000, 0.999669, -0.025728
-20.506848, -13.384096, 0.000000, -0.000000, 0.000000, 0.999651, -0.026417
-20.509859, -13.375373, 0.000000, -0.000000, 0.000000, 0.999593, -0.028528
-20.521532, -13.371751, 0.000000, -0.000000, 0.000000, 0.999586, -0.028771
-20.519534, -13.371790, 0.000000, -0.000000, 0.000000, 0.999597, -0.028382
-20.515350, -13.367896, 0.000000, -0.000000, 0.000000, 0.999631, -0.027174
-20.512365, -13.368015, 0.000000, -0.000000, 0.000000, 0.999634, -0.027037
-20.511948, -13.366887, 0.000000, -0.000000, 0.000000, 0.999609, -0.027958
-20.515867, -13.369297, 0.000000, -0.000000, 0.000000, 0.999556, -0.029783
-20.514253, -13.369262, 0.000000, -0.000000, 0.000000, 0.999653, -0.026323
-20.510977, -13.373352, 0.000000, -0.000000, 0.000000, 0.999617, -0.027683
-20.505874, -13.372003, 0.000000, -0.000000, 0.000000, 0.999615, -0.027751
-20.512305, -13.375835, 0.000000, -0.000000, 0.000000, 0.999592, -0.028559
-20.509930, -13.374503, 0.000000, -0.000000, 0.000000, 0.999623, -0.027446
-20.506852, -13.375746, 0.000000, -0.000000, 0.000000, 0.999628, -0.027289
-20.500969, -13.374511, 0.000000, -0.000000, 0.000000, 0.999651, -0.026433
-20.494607, -13.370636, 0.000000, -0.000000, 0.000000, 0.999708, -0.024156
-20.489066, -13.370850, 0.000000, -0.000000, 0.000000, 0.999681, -0.025261
-20.497290, -13.376504, 0.000000, -0.000000, 0.000000, 0.999670, -0.025694
-20.500338, -13.379515, 0.000000, -0.000000, 0.000000, 0.999672, -0.025598
-20.502294, -13.378849, 0.000000, -0.000000, 0.000000, 0.999613, -0.027829
-20.498722, -13.378802, 0.000000, -0.000000, 0.000000, 0.999671, -0.025646
-20.500119, -13.373721, 0.000000, -0.000000, 0.000000, 0.999675, -0.025479
-20.493145, -13.374956, 0.000000, -0.000000, 0.000000, 0.999640, -0.026825
-20.494989, -13.377034, 0.000000, -0.000000, 0.000000, 0.999652, -0.026398
-20.498762, -13.381271, 0.000000, -0.000000, 0.000000, 0.999649, -0.026488
-20.502399, -13.380744, 0.000000, -0.000000, 0.000000, 0.999655, -0.026276
-20.505362, -13.376665, 0.000000, -0.000000, 0.000000, 0.999675, -0.025493
-20.501450, -13.376576, 0.000000, -0.000000, 0.000000, 0.999651, -0.026430
-20.500690, -13.375348, 0.000000, -0.000000, 0.000000, 0.999642, -0.026774
-20.498240, -13.373995, 0.000000, -0.000000, 0.000000, 0.999625, -0.027379
-20.496378, -13.370592, 0.000000, -0.000000, 0.000000, 0.999629, -0.027244
-20.495330, -13.373072, 0.000000, -0.000000, 0.000000, 0.999676, -0.025456
-20.490788, -13.371282, 0.000000, -0.000000, 0.000000, 0.999624, -0.027410
-20.492955, -13.374243, 0.000000, -0.000000, 0.000000, 0.999633, -0.027103
-20.487452, -13.373863, 0.000000, -0.000000, 0.000000, 0.999634, -0.027052
-20.489366, -13.372060, 0.000000, -0.000000, 0.000000, 0.999612, -0.027852
-20.493157, -13.373075, 0.000000, -0.000000, 0.000000, 0.999676, -0.025449
-20.495022, -13.371252, 0.000000, -0.000000, 0.000000, 0.999680, -0.025279
-20.493245, -13.369422, 0.000000, -0.000000, 0.000000, 0.999692, -0.024828
-20.495789, -13.372153, 0.000000, -0.000000, 0.000000, 0.999615, -0.027748
-20.495255, -13.371536, 0.000000, -0.000000, 0.000000, 0.999618, -0.027656
-20.500277, -13.371984, 0.000000, -0.000000, 0.000000, 0.999682, -0.025236
-20.502663, -13.367581, 0.000000, -0.000000, 0.000000, 0.999634, -0.027064
-20.505771, -13.372033, 0.000000, -0.000000, 0.000000, 0.999595, -0.028472
-20.503293, -13.374641, 0.000000, -0.000000, 0.000000, 0.999635, -0.027028
-20.505079, -13.371838, 0.000000, -0.000000, 0.000000, 0.999633, -0.027097
-20.500197, -13.371512, 0.000000, -0.000000, 0.000000, 0.999698, -0.024580
-20.498899, -13.366073, 0.000000, -0.000000, 0.000000, 0.999631, -0.027152
-20.507785, -13.369423, 0.000000, -0.000000, 0.000000, 0.999629, -0.027225
-20.504391, -13.367180, 0.000000, -0.000000, 0.000000, 0.999642, -0.026741
-20.506993, -13.373397, 0.000000, -0.000000, 0.000000, 0.999656, -0.026245
-20.500537, -13.375080, 0.000000, -0.000000, 0.000000, 0.999676, -0.025445
-20.504418, -13.374901, 0.000000, -0.000000, 0.000000, 0.999650, -0.026463
-20.502444, -13.371197, 0.000000, -0.000000, 0.000000, 0.999637, -0.026936
-20.499616, -13.367368, 0.000000, -0.000000, 0.000000, 0.999660, -0.026064
-20.499770, -13.373589, 0.000000, -0.000000, 0.000000, 0.999675, -0.025485
-20.506035, -13.377009, 0.000000, -0.000000, 0.000000, 0.999653, -0.026355
-20.501171, -13.379755, 0.000000, -0.000000, 0.000000, 0.999676, -0.025468
-20.502351, -13.375470, 0.000000, -0.000000, 0.000000, 0.999629, -0.027226
-20.501317, -13.370537, 0.000000, -0.000000, 0.000000, 0.999604, -0.028150
-20.499218, -13.369657, 0.000000, -0.000000, 0.000000, 0.999586, -0.028758
-20.506322, -13.370825, 0.000000, -0.000000, 0.000000, 0.999640, -0.026818
-20.501916, -13.371919, 0.000000, -0.000000, 0.000000, 0.999688, -0.024960
-20.498986, -13.373082, 0.000000, -0.000000, 0.000000, 0.999625, -0.027368
-20.493912, -13.369872, 0.000000, -0.000000, 0.000000, 0.999690, -0.024885
-20.489617, -13.371348, 0.000000, -0.000000, 0.000000, 0.999643, -0.026733
-20.491627, -13.369898, 0.000000, -0.000000, 0.000000, 0.999659, -0.026116
-20.491276, -13.371295, 0.000000, -0.000000, 0.000000, 0.999668, -0.025774
-20.488850, -13.373044, 0.000000, -0.000000, 0.000000, 0.999657, -0.026185
-20.488633, -13.370373, 0.000000, -0.000000, 0.000000, 0.999679, -0.025333
-20.491814, -13.375631, 0.000000, -0.000000, 0.000000, 0.999703, -0.024390
-20.494989, -13.375163, 0.000000, -0.000000, 0.000000, 0.999659, -0.026094
-20.503361, -13.376109, 0.000000, -0.000000, 0.000000, 0.999644, -0.026677
-20.508778, -13.373690, 0.000000, -0.000000, 0.000000, 0.999623, -0.027462
-20.506611, -13.376956, 0.000000, -0.000000, 0.000000, 0.999672, -0.025618
-20.503771, -13.378631, 0.000000, -0.000000, 0.000000, 0.999696, -0.024636
-20.492828, -13.377114, 0.000000, -0.000000, 0.000000, 0.999706, -0.024268
-20.497556, -13.379781, 0.000000, -0.000000, 0.000000, 0.999614, -0.027784
-20.500813, -13.379079, 0.000000, -0.000000, 0.000000, 0.999619, -0.027591
-20.500383, -13.376804, 0.000000, -0.000000, 0.000000, 0.999619, -0.027592
-20.498926, -13.379290, 0.000000, -0.000000, 0.000000, 0.999632, -0.027128
-20.501212, -13.377597, 0.000000, -0.000000, 0.000000, 0.999682, -0.025229
-20.503816, -13.376093, 0.000000, -0.000000, 0.000000, 0.999587, -0.028742
-20.499888, -13.371049, 0.000000, -0.000000, 0.000000, 0.999626, -0.027353
-20.509247, -13.372937, 0.000000, -0.000000, 0.000000, 0.999629, -0.027230
-20.505517, -13.379852, 0.000000, -0.000000, 0.000000, 0.999607, -0.028021
-20.508502, -13.383438, 0.000000, -0.000000, 0.000000, 0.999652, -0.026387
-20.508438, -13.380604, 0.000000, -0.000000, 0.000000, 0.999693, -0.024767
-20.509725, -13.373125, 0.000000, -0.000000, 0.000000, 0.999604, -0.028126
-20.507648, -13.363865, 0.000000, -0.000000, 0.000000, 0.999637, -0.026935
-20.506327, -13.362853, 0.000000, -0.000000, 0.000000, 0.999635, -0.027013
-20.503724, -13.364681, 0.000000, -0.000000, 0.000000, 0.999540, -0.030327
-20.502051, -13.364812, 0.000000, -0.000000, 0.000000, 0.999606, -0.028073
-20.507087, -13.365293, 0.000000, -0.000000, 0.000000, 0.999661, -0.026034
-20.509186, -13.368269, 0.000000, -0.000000, 0.000000, 0.999643, -0.026735
-20.507257, -13.369088, 0.000000, -0.000000, 0.000000, 0.999644, -0.026677
-20.502491, -13.369242, 0.000000, -0.000000, 0.000000, 0.999650, -0.026470
-20.501235, -13.368417, 0.000000, -0.000000, 0.000000, 0.999656, -0.026209
-20.497144, -13.368278, 0.000000, -0.000000, 0.000000, 0.999629, -0.027251
-20.499078, -13.364594, 0.000000, -0.000000, 0.000000, 0.999627, -0.027304
-20.498027, -13.361995, 0.000000, -0.000000, 0.000000, 0.999601, -0.028254
-20.488664, -13.364161, 0.000000, -0.000000, 0.000000, 0.999659, -0.026113
-20.490543, -13.367974, 0.000000, -0.000000, 0.000000, 0.999700, -0.024503
-20.486542, -13.367526, 0.000000, -0.000000, 0.000000, 0.999692, -0.024826
-20.490167, -13.371773, 0.000000, -0.000000, 0.000000, 0.999619, -0.027620
-20.490014, -13.371290, 0.000000, -0.000000, 0.000000, 0.999613, -0.027825
-20.493909, -13.370541, 0.000000, -0.000000, 0.000000, 0.999613, -0.027831
-20.494321, -13.372911, 0.000000, -0.000000, 0.000000, 0.999589, -0.028674
-20.490824, -13.373582, 0.000000, -0.000000, 0.000000, 0.999581, -0.028943
-20.495826, -13.373747, 0.000000, -0.000000, 0.000000, 0.999593, -0.028515
-20.496992, -13.373553, 0.000000, -0.000000, 0.000000, 0.999620, -0.027575
-20.497947, -13.371561, 0.000000, -0.000000, 0.000000, 0.999660, -0.026089
-20.505079, -13.375085, 0.000000, -0.000000, 0.000000, 0.999614, -0.027768
-20.498732, -13.375453, 0.000000, -0.000000, 0.000000, 0.999654, -0.026285
-20.498780, -13.375205, 0.000000, -0.000000, 0.000000, 0.999653, -0.026328
-20.497578, -13.372119, 0.000000, -0.000000, 0.000000, 0.999621, -0.027544
-20.504815, -13.373614, 0.000000, -0.000000, 0.000000, 0.999542, -0.030277
-20.497484, -13.375796, 0.000000, -0.000000, 0.000000, 0.999561, -0.029625
-20.505819, -13.378926, 0.000000, -0.000000, 0.000000, 0.999641, -0.026811
-20.505131, -13.375058, 0.000000, -0.000000, 0.000000, 0.999626, -0.027365
-20.509670, -13.373008, 0.000000, -0.000000, 0.000000, 0.999573, -0.029233
-20.504443, -13.369711, 0.000000, -0.000000, 0.000000, 0.999643, -0.026737
-20.508418, -13.373771, 0.000000, -0.000000, 0.000000, 0.999631, -0.027163
-20.500854, -13.370515, 0.000000, -0.000000, 0.000000, 0.999575, -0.029135
-20.502012, -13.380700, 0.000000, -0.000000, 0.000000, 0.999625, -0.027391
-20.499225, -13.379878, 0.000000, -0.000000, 0.000000, 0.999658, -0.026148
-20.499958, -13.379131, 0.000000, -0.000000, 0.000000, 0.999616, -0.027727
-20.499130, -13.379148, 0.000000, -0.000000, 0.000000, 0.999691, -0.024870
-20.509577, -13.378147, 0.000000, -0.000000, 0.000000, 0.999622, -0.027495
-20.510773, -13.375065, 0.000000, -0.000000, 0.000000, 0.999646, -0.026606
-20.507614, -13.381471, 0.000000, -0.000000, 0.000000, 0.999659, -0.026110
-20.509274, -13.381094, 0.000000, -0.000000, 0.000000, 0.999641, -0.026803
-20.505301, -13.374782, 0.000000, -0.000000, 0.000000, 0.999651, -0.026413
-20.501838, -13.373417, 0.000000, -0.000000, 0.000000, 0.999630, -0.027203
-20.499812, -13.375818, 0.000000, -0.000000, 0.000000, 0.999635, -0.027020
-20.500161, -13.377727, 0.000000, -0.000000, 0.000000, 0.999659, -0.026120
-20.499354, -13.378786, 0.000000, -0.000000, 0.000000, 0.999639, -0.026871
-20.488920, -13.373735, 0.000000, -0.000000, 0.000000, 0.999711, -0.024021
-20.486196, -13.372749, 0.000000, -0.000000, 0.000000, 0.999705, -0.024276
-20.492955, -13.374603, 0.000000, -0.000000, 0.000000, 0.999696, -0.024663
-20.492532, -13.371732, 0.000000, -0.000000, 0.000000, 0.999632, -0.027121
-20.494913, -13.372161, 0.000000, -0.000000, 0.000000, 0.999674, -0.025531
-20.495900, -13.374035, 0.000000, -0.000000, 0.000000, 0.999649, -0.026475
-20.495784, -13.372068, 0.000000, -0.000000, 0.000000, 0.999670, -0.025695
-20.498206, -13.368913, 0.000000, -0.000000, 0.000000, 0.999640, -0.026844
-20.503021, -13.368387, 0.000000, -0.000000, 0.000000, 0.999628, -0.027275
-20.499759, -13.369590, 0.000000, -0.000000, 0.000000, 0.999658, -0.026141
-20.496149, -13.368924, 0.000000, -0.000000, 0.000000, 0.999665, -0.025873
-20.499086, -13.371993, 0.000000, -0.000000, 0.000000, 0.999621, -0.027514
-20.504638, -13.373809, 0.000000, -0.000000, 0.000000, 0.999606, -0.028077
-20.497254, -13.369238, 0.000000, -0.000000, 0.000000, 0.999617, -0.027676
-20.494425, -13.368858, 0.000000, -0.000000, 0.000000, 0.999613, -0.027836
-20.500872, -13.371677, 0.000000, -0.000000, 0.000000, 0.999625, -0.027389
-20.497839, -13.365848, 0.000000, -0.000000, 0.000000, 0.999625, -0.027384
-20.497833, -13.364592, 0.000000, -0.000000, 0.000000, 0.999637, -0.026934
-20.497687, -13.364737, 0.000000, -0.000000, 0.000000, 0.999619, -0.027613
-20.502999, -13.366170, 0.000000, -0.000000, 0.000000, 0.999644, -0.026668
-20.496328, -13.358978, 0.000000, -0.000000, 0.000000, 0.999691, -0.024842
-20.492188, -13.357216, 0.000000, -0.000000, 0.000000, 0.999617, -0.027687
-20.498806, -13.357154, 0.000000, -0.000000, 0.000000, 0.999608, -0.027985
-20.499381, -13.363348, 0.000000, -0.000000, 0.000000, 0.999672, -0.025620
-20.499436, -13.363200, 0.000000, -0.000000, 0.000000, 0.999652, -0.026386
-20.496652, -13.368359, 0.000000, -0.000000, 0.000000, 0.999640, -0.026815
-20.494464, -13.364743, 0.000000, -0.000000, 0.000000, 0.999600, -0.028268
-20.494047, -13.365459, 0.000000, -0.000000, 0.000000, 0.999627, -0.027326
-20.499149, -13.366335, 0.000000, -0.000000, 0.000000, 0.999629, -0.027237
-20.494693, -13.371720, 0.000000, -0.000000, 0.000000, 0.999676, -0.025439
-20.494402, -13.376040, 0.000000, -0.000000, 0.000000, 0.999657, -0.026206
-20.493246, -13.381015, 0.000000, -0.000000, 0.000000, 0.999696, -0.024660
-20.497315, -13.381908, 0.000000, -0.000000, 0.000000, 0.999717, -0.023797
-20.496459, -13.375941, 0.000000, -0.000000, 0.000000, 0.999640, -0.026816
-20.497489, -13.372052, 0.000000, -0.000000, 0.000000, 0.999615, -0.027752
-20.491447, -13.373640, 0.000000, -0.000000, 0.000000, 0.999708, -0.024166
-20.491031, -13.375964, 0.000000, -0.000000, 0.000000, 0.999661, -0.026030
-20.490067, -13.374920, 0.000000, -0.000000, 0.000000, 0.999648, -0.026544
-20.497571, -13.374313, 0.000000, -0.000000, 0.000000, 0.999655, -0.026258
-20.493859, -13.372100, 0.000000, -0.000000, 0.000000, 0.999616, -0.027716
-20.491598, -13.373614, 0.000000, -0.000000, 0.000000, 0.999655, -0.026276
-20.487652, -13.374032, 0.000000, -0.000000, 0.000000, 0.999655, -0.026263
-20.490521, -13.375758, 0.000000, -0.000000, 0.000000, 0.999637, -0.026931
-20.484064, -13.375029, 0.000000, -0.000000, 0.000000, 0.999625, -0.027376
-20.487639, -13.377818, 0.000000, -0.000000, 0.000000, 0.999655, -0.026275
-20.494705, -13.375819, 0.000000, -0.000000, 0.000000, 0.999665, -0.025866
-20.500403, -13.374097, 0.000000, -0.000000, 0.000000, 0.999562, -0.029592
-20.506033, -13.374223, 0.000000, -0.000000, 0.000000, 0.999556, -0.029784
-20.508666, -13.378277, 0.000000, -0.000000, 0.000000, 0.999665, -0.025891
-20.505215, -13.374517, 0.000000, -0.000000, 0.000000, 0.999625, -0.027381
-20.501162, -13.370238, 0.000000, -0.000000, 0.000000, 0.999621, -0.027515
-20.501749, -13.370024, 0.000000, -0.000000, 0.000000, 0.999633, -0.027104
-20.497900, -13.377715, 0.000000, -0.000000, 0.000000, 0.999671, -0.025647
-20.497142, -13.374861, 0.000000, -0.000000, 0.000000, 0.999640, -0.026839
-20.492939, -13.375067, 0.000000, -0.000000, 0.000000, 0.999685, -0.025106
-20.494930, -13.374193, 0.000000, -0.000000, 0.000000, 0.999656, -0.026240
-20.495978, -13.369266, 0.000000, -0.000000, 0.000000, 0.999680, -0.025312
-20.494885, -13.364059, 0.000000, -0.000000, 0.000000, 0.999648, -0.026538
-20.495085, -13.366082, 0.000000, -0.000000, 0.000000, 0.999671, -0.025651
-20.500752, -13.369359, 0.000000, -0.000000, 0.000000, 0.999611, -0.027883
-20.498536, -13.373711, 0.000000, -0.000000, 0.000000, 0.999650, -0.026471
-20.502148, -13.373792, 0.000000, -0.000000, 0.000000, 0.999601, -0.028240
-20.499702, -13.372124, 0.000000, -0.000000, 0.000000, 0.999633, -0.027095
-20.499889, -13.375636, 0.000000, -0.000000, 0.000000, 0.999655, -0.026265
-20.497937, -13.378298, 0.000000, -0.000000, 0.000000, 0.999654, -0.026323
-20.496089, -13.381472, 0.000000, -0.000000, 0.000000, 0.999654, -0.026302
-20.496959, -13.379053, 0.000000, -0.000000, 0.000000, 0.999668, -0.025757
-20.493680, -13.382643, 0.000000, -0.000000, 0.000000, 0.999638, -0.026919
-20.493583, -13.381517, 0.000000, -0.000000, 0.000000, 0.999635, -0.027006
-20.497187, -13.380793, 0.000000, -0.000000, 0.000000, 0.999671, -0.025642
-20.500866, -13.378397, 0.000000, -0.000000, 0.000000, 0.999666, -0.025829
-20.502428, -13.378714, 0.000000, -0.000000, 0.000000, 0.999670, -0.025699
-20.499914, -13.383089, 0.000000, -0.000000, 0.000000, 0.999648, -0.026521
-20.492675, -13.382564, 0.000000, -0.000000, 0.000000, 0.999663, -0.025962
-20.496546, -13.380227, 0.000000, -0.000000, 0.000000, 0.999689, -0.024945
-20.494605, -13.379885, 0.000000, -0.000000, 0.000000, 0.999675, -0.025486
-20.499522, -13.373991, 0.000000, -0.000000, 0.000000, 0.999652, -0.026376
-20.495717, -13.373278, 0.000000, -0.000000, 0.000000, 0.999664, -0.025927
-20.502570, -13.372884, 0.000000, -0.000000, 0.000000, 0.999613, -0.027834
-20.513459, -13.379308, 0.000000, -0.000000, 0.000000, 0.999625, -0.027389
-20.514549, -13.378462, 0.000000, -0.000000, 0.000000, 0.999592, -0.028547
-20.514139, -13.376141, 0.000000, -0.000000, 0.000000, 0.999624, -0.027431
-20.512287, -13.373315, 0.000000, -0.000000, 0.000000, 0.999596, -0.028413
-20.507305, -13.375207, 0.000000, -0.000000, 0.000000, 0.999621, -0.027536
-20.502968, -13.375413, 0.000000, -0.000000, 0.000000, 0.999644, -0.026697
-20.507604, -13.374113, 0.000000, -0.000000, 0.000000, 0.999647, -0.026580
-20.500715, -13.373370, 0.000000, -0.000000, 0.000000, 0.999654, -0.026295
-20.507081, -13.373058, 0.000000, -0.000000, 0.000000, 0.999612, -0.027848
-20.509495, -13.376010, 0.000000, -0.000000, 0.000000, 0.999602, -0.028201
-20.509661, -13.373999, 0.000000, -0.000000, 0.000000, 0.999641, -0.026778
-20.507525, -13.371776, 0.000000, -0.000000, 0.000000, 0.999583, -0.028889
-20.500811, -13.372809, 0.000000, -0.000000, 0.000000, 0.999592, -0.028546
-20.503602, -13.374947, 0.000000, -0.000000, 0.000000, 0.999666, -0.025839
-20.494413, -13.375410, 0.000000, -0.000000, 0.000000, 0.999625, -0.027394
-20.491013, -13.373078, 0.000000, -0.000000, 0.000000, 0.999655, -0.026267
-20.489312, -13.372441, 0.000000, -0.000000, 0.000000, 0.999603, -0.028172
-20.484372, -13.371260, 0.000000, -0.000000, 0.000000, 0.999560, -0.029669
-20.489191, -13.370512, 0.000000, -0.000000, 0.000000, 0.999626, -0.027330
-20.492735, -13.371685, 0.000000, -0.000000, 0.000000, 0.999643, -0.026718
-20.485667, -13.368714, 0.000000, -0.000000, 0.000000, 0.999658, -0.026162
-20.492405, -13.369819, 0.000000, -0.000000, 0.000000, 0.999597, -0.028402
-20.493035, -13.372977, 0.000000, -0.000000, 0.000000, 0.999626, -0.027344
-20.491191, -13.376541, 0.000000, -0.000000, 0.000000, 0.999686, -0.025076
-20.490373, -13.374777, 0.000000, -0.000000, 0.000000, 0.999646, -0.026622
-20.495135, -13.370049, 0.000000, -0.000000, 0.000000, 0.999678, -0.025383
-20.494134, -13.374204, 0.000000, -0.000000, 0.000000, 0.999665, -0.025874
-20.500249, -13.373514, 0.000000, -0.000000, 0.000000, 0.999637, -0.026931
-20.495152, -13.374444, 0.000000, -0.000000, 0.000000, 0.999614, -0.027777
-20.493072, -13.367344, 0.000000, -0.000000, 0.000000, 0.999560, -0.029660
-20.495457, -13.368180, 0.000000, -0.000000, 0.000000, 0.999659, -0.026123
-20.491842, -13.363869, 0.000000, -0.000000, 0.000000, 0.999612, -0.027867
-20.492703, -13.366663, 0.000000, -0.000000, 0.000000, 0.999644, -0.026688
-20.493702, -13.367080, 0.000000, -0.000000, 0.000000, 0.999610, -0.027936
-20.488763, -13.374817, 0.000000, -0.000000, 0.000000, 0.999627, -0.027326
-20.491478, -13.383352, 0.000000, -0.000000, 0.000000, 0.999629, -0.027238
-20.490887, -13.384846, 0.000000, -0.000000, 0.000000, 0.999655, -0.026268
-20.487359, -13.382005, 0.000000, -0.000000, 0.000000, 0.999641, -0.026787
-20.487828, -13.375903, 0.000000, -0.000000, 0.000000, 0.999666, -0.025845
-20.487687, -13.376832, 0.000000, -0.000000, 0.000000, 0.999625, -0.027371
-20.491864, -13.375421, 0.000000, -0.000000, 0.000000, 0.999637, -0.026948
-20.488885, -13.377298, 0.000000, -0.000000, 0.000000, 0.999634, -0.027061
-20.493689, -13.376332, 0.000000, -0.000000, 0.000000, 0.999658, -0.026157
-20.493471, -13.374488, 0.000000, -0.000000, 0.000000, 0.999639, -0.026854
-20.499542, -13.377815, 0.000000, -0.000000, 0.000000, 0.999644, -0.026675
-20.500065, -13.378824, 0.000000, -0.000000, 0.000000, 0.999658, -0.026135
-20.492128, -13.382612, 0.000000, -0.000000, 0.000000, 0.999696, -0.024646
-20.491610, -13.379004, 0.000000, -0.000000, 0.000000, 0.999662, -0.025988
-20.489150, -13.373172, 0.000000, -0.000000, 0.000000, 0.999624, -0.027424
-20.498413, -13.373405, 0.000000, -0.000000, 0.000000, 0.999602, -0.028200
-20.501154, -13.375816, 0.000000, -0.000000, 0.000000, 0.999627, -0.027328
-20.498183, -13.373538, 0.000000, -0.000000, 0.000000, 0.999646, -0.026618
-20.501957, -13.368123, 0.000000, -0.000000, 0.000000, 0.999634, -0.027060
-20.502369, -13.370050, 0.000000, -0.000000, 0.000000, 0.999665, -0.025886
-20.503283, -13.372013, 0.000000, -0.000000, 0.000000, 0.999594, -0.028490
-20.507308, -13.372262, 0.000000, -0.000000, 0.000000, 0.999637, -0.026952
-20.506128, -13.373625, 0.000000, -0.000000, 0.000000, 0.999649, -0.026487
-20.503952, -13.374999, 0.000000, -0.000000, 0.000000, 0.999666, -0.025830
-20.504685, -13.377813, 0.000000, -0.000000, 0.000000, 0.999638, -0.026901
-20.498940, -13.376766, 0.000000, -0.000000, 0.000000, 0.999642, -0.026757
-20.499620, -13.378201, 0.000000, -0.000000, 0.000000, 0.999635, -0.027009
-20.501122, -13.375937, 0.000000, -0.000000, 0.000000, 0.999620, -0.027570
-20.504361, -13.374188, 0.000000, -0.000000, 0.000000, 0.999661, -0.026019
-20.505740, -13.371122, 0.000000, -0.000000, 0.000000, 0.999670, -0.025704
-20.506581, -13.370679, 0.000000, -0.000000, 0.000000, 0.999685, -0.025103
-20.504222, -13.376306, 0.000000, -0.000000, 0.000000, 0.999660, -0.026088
-20.500359, -13.376266, 0.000000, -0.000000, 0.000000, 0.999712, -0.023994
-20.501003, -13.381437, 0.000000, -0.000000, 0.000000, 0.999691, -0.024853
-20.501157, -13.376440, 0.000000, -0.000000, 0.000000, 0.999642, -0.026750
-20.500472, -13.370255, 0.000000, -0.000000, 0.000000, 0.999634, -0.027040
-20.497122, -13.366782, 0.000000, -0.000000, 0.000000, 0.999644, -0.026679
-20.491918, -13.365338, 0.000000, -0.000000, 0.000000, 0.999657, -0.026191
-20.498189, -13.358501, 0.000000, -0.000000, 0.000000, 0.999632, -0.027114
-20.492944, -13.358578, 0.000000, -0.000000, 0.000000, 0.999603, -0.028158
-20.487750, -13.359684, 0.000000, -0.000000, 0.000000, 0.999683, -0.025193
-20.483373, -13.355129, 0.000000, -0.000000, 0.000000, 0.999589, -0.028672
-20.488049, -13.355745, 0.000000, -0.000000, 0.000000, 0.999594, -0.028505
-20.493606, -13.360860, 0.000000, -0.000000, 0.000000, 0.999620, -0.027558
-20.493736, -13.358031, 0.000000, -0.000000, 0.000000, 0.999626, -0.027330
-20.498934, -13.366303, 0.000000, -0.000000, 0.000000, 0.999585, -0.028798
-20.502116, -13.366090, 0.000000, -0.000000, 0.000000, 0.999657, -0.026199
-20.504193, -13.367870, 0.000000, -0.000000, 0.000000, 0.999709, -0.024109
-20.498592, -13.367367, 0.000000, -0.000000, 0.000000, 0.999671, -0.025636
-20.502476, -13.368039, 0.000000, -0.000000, 0.000000, 0.999547, -0.030099
-20.501469, -13.367486, 0.000000, -0.000000, 0.000000, 0.999584, -0.028839
-20.498741, -13.370031, 0.000000, -0.000000, 0.000000, 0.999623, -0.027442
-20.504815, -13.373189, 0.000000, -0.000000, 0.000000, 0.999622, -0.027506
-20.510034, -13.370386, 0.000000, -0.000000, 0.000000, 0.999638, -0.026914
-20.512150, -13.377863, 0.000000, -0.000000, 0.000000, 0.999656, -0.026238
-20.503029, -13.375816, 0.000000, -0.000000, 0.000000, 0.999659, -0.026115
-20.499252, -13.375201, 0.000000, -0.000000, 0.000000, 0.999644, -0.026694
-20.502624, -13.375365, 0.000000, -0.000000, 0.000000, 0.999630, -0.027195
-20.504852, -13.372395, 0.000000, -0.000000, 0.000000, 0.999651, -0.026414
-20.507735, -13.371721, 0.000000, -0.000000, 0.000000, 0.999612, -0.027865
-20.506537, -13.370518, 0.000000, -0.000000, 0.000000, 0.999658, -0.026134
-20.501534, -13.372386, 0.000000, -0.000000, 0.000000, 0.999624, -0.027407
-20.501445, -13.372493, 0.000000, -0.000000, 0.000000, 0.999640, -0.026843
-20.502770, -13.369210, 0.000000, -0.000000, 0.000000, 0.999623, -0.027445
-20.502742, -13.368968, 0.000000, -0.000000, 0.000000, 0.999652, -0.026381
-20.499430, -13.367446, 0.000000, -0.000000, 0.000000, 0.999636, -0.026996
-20.497877, -13.366864, 0.000000, -0.000000, 0.000000, 0.999622, -0.027478
-20.495259, -13.368581, 0.000000, -0.000000, 0.000000, 0.999645, -0.026641
-20.493644, -13.376755, 0.000000, -0.000000, 0.000000, 0.999648, -0.026542
-20.495532, -13.373988, 0.000000, -0.000000, 0.000000, 0.999679, -0.025332
-20.493138, -13.378310, 0.000000, -0.000000, 0.000000, 0.999658, -0.026148
-20.496152, -13.377390, 0.000000, -0.000000, 0.000000, 0.999676, -0.025465
-20.496393, -13.376907, 0.000000, -0.000000, 0.000000, 0.999613, -0.027825
-20.502028, -13.374705, 0.000000, -0.000000, 0.000000, 0.999583, -0.028891
-20.495683, -13.373438, 0.000000, -0.000000, 0.000000, 0.999559, -0.029683
-20.493332, -13.375567, 0.000000, -0.000000, 0.000000, 0.999651, -0.026399
-20.487531, -13.374461, 0.000000, -0.000000, 0.000000, 0.999659, -0.026099
-20.485959, -13.371336, 0.000000, -0.000000, 0.000000, 0.999561, -0.029632
-20.495358, -13.370663, 0.000000, -0.000000, 0.000000, 0.999563, -0.029549
-20.501064, -13.375032, 0.000000, -0.000000, 0.000000, 0.999623, -0.027442
-20.492886, -13.376435, 0.000000, -0.000000, 0.000000, 0.999583, -0.028876
-20.494049, -13.376122, 0.000000, -0.000000, 0.000000, 0.999645, -0.026652
-20.495711, -13.373685, 0.000000, -0.000000, 0.000000, 0.999640, -0.026823
-20.497938, -13.376861, 0.000000, -0.000000, 0.000000, 0.999619, -0.027605
-20.498187, -13.380073, 0.000000, -0.000000, 0.000000, 0.999658, -0.026151
-20.495273, -13.376052, 0.000000, -0.000000, 0.000000, 0.999665, -0.025867
-20.497936, -13.374419, 0.000000, -0.000000, 0.000000, 0.999602, -0.028223
-20.496361, -13.375901, 0.000000, -0.000000, 0.000000, 0.999605, -0.028113
-20.486380, -13.374811, 0.000000, -0.000000, 0.000000, 0.999634, -0.027071
-20.484544, -13.372898, 0.000000, -0.000000, 0.000000, 0.999579, -0.029024
-20.482919, -13.370748, 0.000000, -0.000000, 0.000000, 0.999675, -0.025501
-20.488791, -13.375465, 0.000000, -0.000000, 0.000000, 0.999658, -0.026151
-20.484860, -13.372963, 0.000000, -0.000000, 0.000000, 0.999647, -0.026565
-20.484876, -13.368127, 0.000000, -0.000000, 0.000000, 0.999583, -0.028864
-20.487251, -13.368632, 0.000000, -0.000000, 0.000000, 0.999637, -0.026949
-20.490414, -13.373160, 0.000000, -0.000000, 0.000000, 0.999670, -0.025687
-20.487003, -13.372004, 0.000000, -0.000000, 0.000000, 0.999626, -0.027349
-20.492544, -13.367185, 0.000000, -0.000000, 0.000000, 0.999579, -0.029004
-20.497613, -13.363981, 0.000000, -0.000000, 0.000000, 0.999571, -0.029303
-20.497247, -13.363390, 0.000000, -0.000000, 0.000000, 0.999617, -0.027677
-20.493638, -13.363330, 0.000000, -0.000000, 0.000000, 0.999648, -0.026547
-20.491952, -13.368157, 0.000000, -0.000000, 0.000000, 0.999688, -0.024973
-20.495673, -13.367679, 0.000000, -0.000000, 0.000000, 0.999654, -0.026296
-20.489845, -13.372925, 0.000000, -0.000000, 0.000000, 0.999648, -0.026513
-20.495667, -13.373305, 0.000000, -0.000000, 0.000000, 0.999636, -0.026976
-20.499666, -13.374037, 0.000000, -0.000000, 0.000000, 0.999582, -0.028912
-20.499186, -13.374507, 0.000000, -0.000000, 0.000000, 0.999661, -0.026034
-20.506341, -13.373642, 0.000000, -0.000000, 0.000000, 0.999952, -0.009834
-20.517581, -13.373569, 0.000000, -0.000000, 0.000000, 0.999973, -0.007330
-20.523914, -13.372810, 0.000000, -0.000000, 0.000000, 0.999974, -0.007146
-20.538102, -13.373641, 0.000000, -0.000000, 0.000000, 0.999973, -0.007346
-20.533551, -13.367775, 0.000000, -0.000000, 0.000000, 0.999840, -0.017881
-20.523987, -13.366929, 0.000000, -0.000000, 0.000000, 0.999672, -0.025609
-20.524903, -13.370189, 0.000000, -0.000000, 0.000000, 0.999634, -0.027064
-20.524537, -13.370152, 0.000000, -0.000000, 0.000000, 0.999623, -0.027466
-20.521345, -13.365807, 0.000000, -0.000000, 0.000000, 0.999611, -0.027895
-20.511300, -13.367664, 0.000000, -0.000000, 0.000000, 0.999644, -0.026666
-20.507146, -13.372985, 0.000000, -0.000000, 0.000000, 0.999600, -0.028279
-20.507887, -13.367867, 0.000000, -0.000000, 0.000000, 0.999620, -0.027550
-20.504908, -13.369805, 0.000000, -0.000000, 0.000000, 0.999677, -0.025399
-20.509517, -13.364236, 0.000000, -0.000000, 0.000000, 0.999651, -0.026400
-20.509164, -13.362786, 0.000000, -0.000000, 0.000000, 0.999644, -0.026699
-20.510613, -13.360621, 0.000000, -0.000000, 0.000000, 0.999620, -0.027564
-20.509117, -13.362222, 0.000000, -0.000000, 0.000000, 0.999665, -0.025897
-20.503382, -13.365988, 0.000000, -0.000000, 0.000000, 0.999636, -0.026978
-20.502314, -13.365185, 0.000000, -0.000000, 0.000000, 0.999649, -0.026504
-20.502711, -13.364263, 0.000000, -0.000000, 0.000000, 0.999609, -0.027963
-20.500641, -13.367486, 0.000000, -0.000000, 0.000000, 0.999662, -0.025995
-20.495868, -13.369933, 0.000000, -0.000000, 0.000000, 0.999648, -0.026543
-20.491355, -13.370193, 0.000000, -0.000000, 0.000000, 0.999666, -0.025856
-20.500793, -13.372026, 0.000000, -0.000000, 0.000000, 0.999681, -0.025263
-20.503335, -13.375298, 0.000000, -0.000000, 0.000000, 0.999633, -0.027087
-20.501219, -13.376993, 0.000000, -0.000000, 0.000000, 0.999607, -0.028022
-20.498909, -13.373722, 0.000000, -0.000000, 0.000000, 0.999666, -0.025840
-20.502712, -13.371804, 0.000000, -0.000000, 0.000000, 0.999579, -0.029026
-20.502524, -13.378145, 0.000000, -0.000000, 0.000000, 0.999631, -0.027149
-20.503701, -13.380201, 0.000000, -0.000000, 0.000000, 0.999616, -0.027697
-20.506196, -13.376696, 0.000000, -0.000000, 0.000000, 0.999624, -0.027405
-20.504744, -13.373011, 0.000000, -0.000000, 0.000000, 0.999630, -0.027212
-20.498526, -13.376015, 0.000000, -0.000000, 0.000000, 0.999673, -0.025580
-20.498787, -13.374113, 0.000000, -0.000000, 0.000000, 0.999614, -0.027793
-20.494053, -13.374163, 0.000000, -0.000000, 0.000000, 0.999637, -0.026946
-20.493150, -13.370300, 0.000000, -0.000000, 0.000000, 0.999693, -0.024795
-20.493794, -13.365111, 0.000000, -0.000000, 0.000000, 0.999627, -0.027308
-20.497620, -13.368481, 0.000000, -0.000000, 0.000000, 0.999629, -0.027253
-20.492527, -13.367218, 0.000000, -0.000000, 0.000000, 0.999633, -0.027079
-20.495136, -13.367374, 0.000000, -0.000000, 0.000000, 0.999627, -0.027324
-20.501443, -13.360318, 0.000000, -0.000000, 0.000000, 0.999555, -0.029831
-20.507306, -13.357305, 0.000000, -0.000000, 0.000000, 0.999568, -0.029391
-20.509921, -13.354022, 0.000000, -0.000000, 0.000000, 0.999559, -0.029706
-20.514002, -13.351233, 0.000000, -0.000000, 0.000000, 0.999642, -0.026750
-20.515976, -13.350093, 0.000000, -0.000000, 0.000000, 0.999646, -0.026588
-20.512105, -13.349699, 0.000000, -0.000000, 0.000000, 0.999630, -0.027207
-20.503858, -13.353663, 0.000000, -0.000000, 0.000000, 0.999616, -0.027693
-20.501436, -13.358488, 0.000000, -0.000000, 0.000000, 0.999611, -0.027876
-20.498663, -13.357346, 0.000000, -0.000000, 0.000000, 0.999622, -0.027490
-20.484567, -13.361476, 0.000000, -0.000000, 0.000000, 0.999714, -0.023913
-20.482933, -13.363290, 0.000000, -0.000000, 0.000000, 0.999672, -0.025596
-20.486162, -13.360130, 0.000000, -0.000000, 0.000000, 0.999616, -0.027700
-20.484096, -13.359149, 0.000000, -0.000000, 0.000000, 0.999679, -0.025321
-20.483659, -13.362804, 0.000000, -0.000000, 0.000000, 0.999641, -0.026777
-20.488421, -13.366676, 0.000000, -0.000000, 0.000000, 0.999695, -0.024693
-20.486162, -13.370183, 0.000000, -0.000000, 0.000000, 0.999721, -0.023609
-20.483989, -13.371412, 0.000000, -0.000000, 0.000000, 0.999648, -0.026546
-20.486551, -13.374146, 0.000000, -0.000000, 0.000000, 0.999688, -0.024969
-20.489898, -13.375616, 0.000000, -0.000000, 0.000000, 0.999666, -0.025835
-20.494485, -13.376220, 0.000000, -0.000000, 0.000000, 0.999639, -0.026875
-20.491062, -13.376403, 0.000000, -0.000000, 0.000000, 0.999667, -0.025821
-20.493176, -13.375492, 0.000000, -0.000000, 0.000000, 0.999659, -0.026110
-20.499731, -13.377258, 0.000000, -0.000000, 0.000000, 0.999657, -0.026194
-20.496093, -13.376307, 0.000000, -0.000000, 0.000000, 0.999673, -0.025557
-20.495149, -13.372252, 0.000000, -0.000000, 0.000000, 0.999677, -0.025430
-20.498692, -13.374878, 0.000000, -0.000000, 0.000000, 0.999706, -0.024228
-20.502595, -13.375313, 0.000000, -0.000000, 0.000000, 0.999649, -0.026479
-20.500010, -13.375800, 0.000000, -0.000000, 0.000000, 0.999635, -0.026999
-20.504072, -13.379247, 0.000000, -0.000000, 0.000000, 0.999665, -0.025873
-20.503407, -13.380269, 0.000000, -0.000000, 0.000000, 0.999691, -0.024852
-20.503283, -13.376873, 0.000000, -0.000000, 0.000000, 0.999659, -0.026101
-20.506368, -13.376634, 0.000000, -0.000000, 0.000000, 0.999609, -0.027970
-20.507008, -13.372973, 0.000000, -0.000000, 0.000000, 0.999629, -0.027243
-20.501536, -13.369051, 0.000000, -0.000000, 0.000000, 0.999699, -0.024516
-20.501753, -13.369122, 0.000000, -0.000000, 0.000000, 0.999622, -0.027484
-20.495169, -13.366270, 0.000000, -0.000000, 0.000000, 0.999633, -0.027085
-20.492232, -13.367706, 0.000000, -0.000000, 0.000000, 0.999579, -0.029003
-20.494979, -13.365097, 0.000000, -0.000000, 0.000000, 0.999663, -0.025971
-20.488629, -13.368517, 0.000000, -0.000000, 0.000000, 0.999671, -0.025651
-20.484699, -13.369426, 0.000000, -0.000000, 0.000000, 0.999672, -0.025630
-20.486668, -13.369703, 0.000000, -0.000000, 0.000000, 0.999702, -0.024424
-20.490393, -13.370911, 0.000000, -0.000000, 0.000000, 0.999670, -0.025689
-20.487863, -13.371893, 0.000000, -0.000000, 0.000000, 0.999672, -0.025629
-20.491718, -13.370903, 0.000000, -0.000000, 0.000000, 0.999637, -0.026960
-20.497530, -13.374748, 0.000000, -0.000000, 0.000000, 0.999622, -0.027494
-20.509294, -13.373634, 0.000000, -0.000000, 0.000000, 0.999653, -0.026323
-20.499259, -13.377692, 0.000000, -0.000000, 0.000000, 0.999601, -0.028230
-20.495539, -13.377901, 0.000000, -0.000000, 0.000000, 0.999673, -0.025570
-20.498553, -13.375699, 0.000000, -0.000000, 0.000000, 0.999663, -0.025965
-20.500840, -13.376717, 0.000000, -0.000000, 0.000000, 0.999652, -0.026381
-20.497436, -13.382496, 0.000000, -0.000000, 0.000000, 0.999676, -0.025444
-20.489754, -13.377383, 0.000000, -0.000000, 0.000000, 0.999676, -0.025469
-20.487508, -13.375218, 0.000000, -0.000000, 0.000000, 0.999680, -0.025287
-20.485181, -13.369352, 0.000000, -0.000000, 0.000000, 0.999634, -0.027051
-20.487999, -13.364825, 0.000000, -0.000000, 0.000000, 0.999646, -0.026601
-20.485695, -13.363068, 0.000000, -0.000000, 0.000000, 0.999627, -0.027314
-20.496841, -13.359653, 0.000000, -0.000000, 0.000000, 0.999617, -0.027662
-20.500639, -13.362184, 0.000000, -0.000000, 0.000000, 0.999654, -0.026297
-20.503373, -13.365155, 0.000000, -0.000000, 0.000000, 0.999696, -0.024648
-20.500226, -13.366415, 0.000000, -0.000000, 0.000000, 0.999686, -0.025047
-20.505397, -13.366539, 0.000000, -0.000000, 0.000000, 0.999674, -0.025548
-20.503343, -13.369561, 0.000000, -0.000000, 0.000000, 0.999679, -0.025347
-20.499500, -13.369195, 0.000000, -0.000000, 0.000000, 0.999673, -0.025556
-20.497881, -13.370384, 0.000000, -0.000000, 0.000000, 0.999629, -0.027251
-20.502863, -13.371025, 0.000000, -0.000000, 0.000000, 0.999671, -0.025637
-20.508102, -13.367193, 0.000000, -0.000000, 0.000000, 0.999656, -0.026241
-20.510219, -13.366523, 0.000000, -0.000000, 0.000000, 0.999606, -0.028080
-20.513474, -13.369049, 0.000000, -0.000000, 0.000000, 0.999629, -0.027254
-20.505203, -13.366912, 0.000000, -0.000000, 0.000000, 0.999642, -0.026741
-20.508416, -13.367503, 0.000000, -0.000000, 0.000000, 0.999699, -0.024549
-20.505755, -13.370440, 0.000000, -0.000000, 0.000000, 0.999669, -0.025738
-20.502192, -13.370057, 0.000000, -0.000000, 0.000000, 0.999663, -0.025966
-20.503840, -13.370077, 0.000000, -0.000000, 0.000000, 0.999650, -0.026474
-20.493769, -13.370850, 0.000000, -0.000000, 0.000000, 0.999686, -0.025048
-20.501156, -13.368950, 0.000000, -0.000000, 0.000000, 0.999668, -0.025780
-20.507638, -13.370005, 0.000000, -0.000000, 0.000000, 0.999659, -0.026110
-20.498374, -13.365975, 0.000000, -0.000000, 0.000000, 0.999642, -0.026752
-20.500327, -13.367273, 0.000000, -0.000000, 0.000000, 0.999676, -0.025434
-20.499811, -13.361295, 0.000000, -0.000000, 0.000000, 0.999663, -0.025949
-20.496058, -13.361186, 0.000000, -0.000000, 0.000000, 0.999668, -0.025750
-20.499331, -13.357693, 0.000000, -0.000000, 0.000000, 0.999679, -0.025346
-20.498823, -13.359819, 0.000000, -0.000000, 0.000000, 0.999644, -0.026665
-20.501773, -13.361266, 0.000000, -0.000000, 0.000000, 0.999646, -0.026594
-20.500707, -13.362717, 0.000000, -0.000000, 0.000000, 0.999608, -0.027980
-20.501088, -13.363142, 0.000000, -0.000000, 0.000000, 0.999672, -0.025599
-20.494206, -13.362171, 0.000000, -0.000000, 0.000000, 0.999661, -0.026052
-20.487951, -13.354894, 0.000000, -0.000000, 0.000000, 0.999671, -0.025646
-20.489416, -13.357270, 0.000000, -0.000000, 0.000000, 0.999669, -0.025726
-20.489061, -13.361327, 0.000000, -0.000000, 0.000000, 0.999652, -0.026366
-20.497364, -13.368443, 0.000000, -0.000000, 0.000000, 0.999602, -0.028225
-20.499332, -13.368929, 0.000000, -0.000000, 0.000000, 0.999664, -0.025913
-20.497257, -13.368467, 0.000000, -0.000000, 0.000000, 0.999625, -0.027383
-20.494597, -13.369705, 0.000000, -0.000000, 0.000000, 0.999611, -0.027894
-20.496371, -13.371980, 0.000000, -0.000000, 0.000000, 0.999641, -0.026792
-20.499854, -13.370968, 0.000000, -0.000000, 0.000000, 0.999590, -0.028630
-20.496246, -13.370260, 0.000000, -0.000000, 0.000000, 0.999581, -0.028947
-20.493359, -13.372536, 0.000000, -0.000000, 0.000000, 0.999639, -0.026877
-20.490211, -13.368468, 0.000000, -0.000000, 0.000000, 0.999677, -0.025432
-20.494648, -13.368098, 0.000000, -0.000000, 0.000000, 0.999618, -0.027629
-20.493626, -13.362552, 0.000000, -0.000000, 0.000000, 0.999579, -0.029004
-20.498257, -13.357249, 0.000000, -0.000000, 0.000000, 0.999577, -0.029068
-20.501243, -13.365073, 0.000000, -0.000000, 0.000000, 0.999684, -0.025121
-20.501104, -13.368845, 0.000000, -0.000000, 0.000000, 0.999666, -0.025854
-20.496784, -13.368795, 0.000000, -0.000000, 0.000000, 0.999610, -0.027916
-20.492345, -13.369400, 0.000000, -0.000000, 0.000000, 0.999655, -0.026254
-20.490857, -13.371429, 0.000000, -0.000000, 0.000000, 0.999673, -0.025558
-20.502833, -13.371001, 0.000000, -0.000000, 0.000000, 0.999666, -0.025829
-20.496465, -13.366107, 0.000000, -0.000000, 0.000000, 0.999689, -0.024925
-20.501423, -13.366786, 0.000000, -0.000000, 0.000000, 0.999680, -0.025308
-20.499109, -13.363779, 0.000000, -0.000000, 0.000000, 0.999677, -0.025425
-20.493788, -13.364192, 0.000000, -0.000000, 0.000000, 0.999654, -0.026321
-20.493085, -13.363499, 0.000000, -0.000000, 0.000000, 0.999658, -0.026137
-20.494802, -13.367053, 0.000000, -0.000000, 0.000000, 0.999642, -0.026739
-20.499347, -13.368761, 0.000000, -0.000000, 0.000000, 0.999659, -0.026120
-20.493781, -13.368179, 0.000000, -0.000000, 0.000000, 0.999732, -0.023145
-20.493731, -13.366492, 0.000000, -0.000000, 0.000000, 0.999656, -0.026212
-20.489841, -13.363228, 0.000000, -0.000000, 0.000000, 0.999684, -0.025139
-20.490491, -13.360692, 0.000000, -0.000000, 0.000000, 0.999660, -0.026081
-20.487077, -13.358192, 0.000000, -0.000000, 0.000000, 0.999638, -0.026922
-20.489388, -13.360135, 0.000000, -0.000000, 0.000000, 0.999715, -0.023877
-20.488379, -13.361587, 0.000000, -0.000000, 0.000000, 0.999721, -0.023611
-20.486290, -13.363171, 0.000000, -0.000000, 0.000000, 0.999676, -0.025440
-20.489663, -13.361832, 0.000000, -0.000000, 0.000000, 0.999663, -0.025956
-20.497636, -13.363374, 0.000000, -0.000000, 0.000000, 0.999694, -0.024723
-20.503361, -13.360597, 0.000000, -0.000000, 0.000000, 0.999646, -0.026614
-20.508925, -13.362303, 0.000000, -0.000000, 0.000000, 0.999613, -0.027815
-20.508757, -13.360003, 0.000000, -0.000000, 0.000000, 0.999678, -0.025372
-20.516166, -13.357514, 0.000000, -0.000000, 0.000000, 0.999596, -0.028431
-20.512166, -13.361313, 0.000000, -0.000000, 0.000000, 0.999655, -0.026262
-20.509354, -13.359614, 0.000000, -0.000000, 0.000000, 0.999648, -0.026530
-20.509178, -13.362045, 0.000000, -0.000000, 0.000000, 0.999645, -0.026659
-20.506917, -13.364015, 0.000000, -0.000000, 0.000000, 0.999661, -0.026045
-20.503673, -13.362054, 0.000000, -0.000000, 0.000000, 0.999611, -0.027895
-20.501007, -13.361867, 0.000000, -0.000000, 0.000000, 0.999669, -0.025711
-20.508331, -13.363054, 0.000000, -0.000000, 0.000000, 0.999700, -0.024512
-20.502911, -13.364070, 0.000000, -0.000000, 0.000000, 0.999671, -0.025642
-20.503280, -13.363013, 0.000000, -0.000000, 0.000000, 0.999667, -0.025819
-20.495612, -13.365674, 0.000000, -0.000000, 0.000000, 0.999647, -0.026555
-20.496992, -13.369449, 0.000000, -0.000000, 0.000000, 0.999698, -0.024559
-20.500952, -13.369403, 0.000000, -0.000000, 0.000000, 0.999655, -0.026268
-20.503364, -13.366722, 0.000000, -0.000000, 0.000000, 0.999625, -0.027399
-20.498384, -13.369455, 0.000000, -0.000000, 0.000000, 0.999651, -0.026434
-20.499524, -13.368036, 0.000000, -0.000000, 0.000000, 0.999675, -0.025495
-20.500773, -13.363922, 0.000000, -0.000000, 0.000000, 0.999664, -0.025935
-20.506479, -13.366963, 0.000000, -0.000000, 0.000000, 0.999561, -0.029626
-20.509773, -13.364729, 0.000000, -0.000000, 0.000000, 0.999601, -0.028243
-20.512296, -13.361098, 0.000000, -0.000000, 0.000000, 0.999608, -0.027981
-20.507646, -13.360436, 0.000000, -0.000000, 0.000000, 0.999630, -0.027187
-20.507095, -13.359331, 0.000000, -0.000000, 0.000000, 0.999632, -0.027113
-20.514188, -13.362019, 0.000000, -0.000000, 0.000000, 0.999587, -0.028741
-20.510688, -13.364000, 0.000000, -0.000000, 0.000000, 0.999566, -0.029468
-20.509773, -13.364848, 0.000000, -0.000000, 0.000000, 0.999657, -0.026181
-20.512719, -13.367451, 0.000000, -0.000000, 0.000000, 0.999662, -0.025985
-20.508695, -13.363925, 0.000000, -0.000000, 0.000000, 0.999604, -0.028137
-20.506292, -13.372444, 0.000000, -0.000000, 0.000000, 0.999641, -0.026798
-20.503967, -13.375173, 0.000000, -0.000000, 0.000000, 0.999660, -0.026089
-20.498567, -13.373672, 0.000000, -0.000000, 0.000000, 0.999660, -0.026068
-20.505584, -13.368045, 0.000000, -0.000000, 0.000000, 0.999615, -0.027750
-20.494873, -13.368412, 0.000000, -0.000000, 0.000000, 0.999636, -0.026995
-20.483998, -13.365547, 0.000000, -0.000000, 0.000000, 0.999632, -0.027109
-20.485404, -13.361193, 0.000000, -0.000000, 0.000000, 0.999642, -0.026750
-20.486765, -13.361812, 0.000000, -0.000000, 0.000000, 0.999667, -0.025794
-20.491801, -13.361124, 0.000000, -0.000000, 0.000000, 0.999651, -0.026422
-20.500953, -13.362723, 0.000000, -0.000000, 0.000000, 0.999659, -0.026113
-20.494770, -13.369127, 0.000000, -0.000000, 0.000000, 0.999644, -0.026688
-20.497472, -13.367666, 0.000000, -0.000000, 0.000000, 0.999692, -0.024824
-20.496832, -13.366222, 0.000000, -0.000000, 0.000000, 0.999658, -0.026163
-20.495028, -13.366478, 0.000000, -0.000000, 0.000000, 0.999703, -0.024373
-20.499740, -13.364282, 0.000000, -0.000000, 0.000000, 0.999688, -0.024986
-20.492447, -13.365468, 0.000000, -0.000000, 0.000000, 0.999672, -0.025614
-20.496038, -13.367538, 0.000000, -0.000000, 0.000000, 0.999641, -0.026795
-20.500540, -13.366424, 0.000000, -0.000000, 0.000000, 0.999660, -0.026081
-20.494800, -13.367666, 0.000000, -0.000000, 0.000000, 0.999648, -0.026527
-20.495131, -13.369518, 0.000000, -0.000000, 0.000000, 0.999652, -0.026388
-20.501468, -13.373868, 0.000000, -0.000000, 0.000000, 0.999625, -0.027396
-20.506978, -13.367394, 0.000000, -0.000000, 0.000000, 0.999572, -0.029270
-20.508564, -13.368645, 0.000000, -0.000000, 0.000000, 0.999584, -0.028829
-20.508514, -13.369981, 0.000000, -0.000000, 0.000000, 0.999601, -0.028239
-20.509561, -13.364523, 0.000000, -0.000000, 0.000000, 0.999636, -0.026969
-20.511105, -13.366071, 0.000000, -0.000000, 0.000000, 0.999632, -0.027128
-20.517877, -13.366671, 0.000000, -0.000000, 0.000000, 0.999656, -0.026239
-20.521404, -13.363823, 0.000000, -0.000000, 0.000000, 0.999592, -0.028546
-20.526429, -13.361672, 0.000000, -0.000000, 0.000000, 0.999561, -0.029639
-20.523020, -13.369643, 0.000000, -0.000000, 0.000000, 0.999642, -0.026744
-20.517624, -13.373000, 0.000000, -0.000000, 0.000000, 0.999616, -0.027717
-20.519340, -13.372908, 0.000000, -0.000000, 0.000000, 0.999640, -0.026846
-20.525249, -13.373742, 0.000000, -0.000000, 0.000000, 0.999596, -0.028429
-20.517491, -13.372010, 0.000000, -0.000000, 0.000000, 0.999619, -0.027607
-20.514505, -13.376939, 0.000000, -0.000000, 0.000000, 0.999632, -0.027144
-20.506963, -13.374515, 0.000000, -0.000000, 0.000000, 0.999623, -0.027455
-20.506541, -13.373503, 0.000000, -0.000000, 0.000000, 0.999650, -0.026450
-20.503310, -13.378010, 0.000000, -0.000000, 0.000000, 0.999654, -0.026316
-20.500388, -13.380353, 0.000000, -0.000000, 0.000000, 0.999705, -0.024307
-20.500902, -13.385933, 0.000000, -0.000000, 0.000000, 0.999636, -0.026992
-20.503749, -13.383740, 0.000000, -0.000000, 0.000000, 0.999649, -0.026504
-20.512397, -13.386259, 0.000000, -0.000000, 0.000000, 0.999686, -0.025046
-20.517112, -13.383565, 0.000000, -0.000000, 0.000000, 0.999656, -0.026242
-20.510093, -13.376793, 0.000000, -0.000000, 0.000000, 0.999571, -0.029277
-20.504958, -13.377756, 0.000000, -0.000000, 0.000000, 0.999623, -0.027452
-20.502572, -13.376359, 0.000000, -0.000000, 0.000000, 0.999627, -0.027306
-20.504453, -13.373038, 0.000000, -0.000000, 0.000000, 0.999633, -0.027079
-20.505127, -13.379046, 0.000000, -0.000000, 0.000000, 0.999683, -0.025180
-20.498771, -13.373933, 0.000000, -0.000000, 0.000000, 0.999707, -0.024205
-20.493701, -13.374961, 0.000000, -0.000000, 0.000000, 0.999656, -0.026216
-20.492026, -13.374306, 0.000000, -0.000000, 0.000000, 0.999663, -0.025953
-20.496252, -13.374465, 0.000000, -0.000000, 0.000000, 0.999619, -0.027616
-20.498670, -13.378614, 0.000000, -0.000000, 0.000000, 0.999653, -0.026354
-20.494357, -13.378094, 0.000000, -0.000000, 0.000000, 0.999647, -0.026578
-20.498714, -13.375897, 0.000000, -0.000000, 0.000000, 0.999603, -0.028159
-20.503712, -13.375102, 0.000000, -0.000000, 0.000000, 0.999647, -0.026559
-20.498505, -13.374830, 0.000000, -0.000000, 0.000000, 0.999700, -0.024494
-20.501821, -13.376855, 0.000000, -0.000000, 0.000000, 0.999643, -0.026732
-20.502350, -13.370995, 0.000000, -0.000000, 0.000000, 0.999660, -0.026075
-20.495920, -13.370704, 0.000000, -0.000000, 0.000000, 0.999683, -0.025172
-20.497779, -13.369953, 0.000000, -0.000000, 0.000000, 0.999635, -0.027028
-20.498883, -13.367782, 0.000000, -0.000000, 0.000000, 0.999659, -0.026104
-20.498470, -13.369164, 0.000000, -0.000000, 0.000000, 0.999635, -0.027031
-20.496886, -13.370645, 0.000000, -0.000000, 0.000000, 0.999663, -0.025951
-20.496652, -13.375756, 0.000000, -0.000000, 0.000000, 0.999696, -0.024665
-20.498387, -13.372356, 0.000000, -0.000000, 0.000000, 0.999701, -0.024465
-20.505031, -13.373748, 0.000000, -0.000000, 0.000000, 0.999646, -0.026602
-20.499990, -13.371224, 0.000000, -0.000000, 0.000000, 0.999627, -0.027301
-20.499587, -13.371173, 0.000000, -0.000000, 0.000000, 0.999663, -0.025972
-20.494808, -13.372210, 0.000000, -0.000000, 0.000000, 0.999667, -0.025821
-20.496530, -13.372389, 0.000000, -0.000000, 0.000000, 0.999681, -0.025238
-20.496824, -13.372702, 0.000000, -0.000000, 0.000000, 0.999656, -0.026218
-20.503254, -13.371687, 0.000000, -0.000000, 0.000000, 0.999663, -0.025966
-20.508158, -13.374536, 0.000000, -0.000000, 0.000000, 0.999600, -0.028292
-20.506583, -13.377509, 0.000000, -0.000000, 0.000000, 0.999658, -0.026167
-20.497671, -13.374206, 0.000000, -0.000000, 0.000000, 0.999663, -0.025972
-20.498007, -13.377573, 0.000000, -0.000000, 0.000000, 0.999684, -0.025132
-20.504033, -13.384289, 0.000000, -0.000000, 0.000000, 0.999650, -0.026453
-20.515288, -13.381575, 0.000000, -0.000000, 0.000000, 0.999647, -0.026553
-20.518875, -13.378609, 0.000000, -0.000000, 0.000000, 0.999664, -0.025939
-20.518194, -13.377540, 0.000000, -0.000000, 0.000000, 0.999657, -0.026186
-20.511671, -13.377472, 0.000000, -0.000000, 0.000000, 0.999629, -0.027248
-20.514752, -13.382214, 0.000000, -0.000000, 0.000000, 0.999653, -0.026329
-20.508481, -13.383254, 0.000000, -0.000000, 0.000000, 0.999657, -0.026199
-20.507534, -13.382681, 0.000000, -0.000000, 0.000000, 0.999638, -0.026905
-20.511033, -13.382497, 0.000000, -0.000000, 0.000000, 0.999631, -0.027177
-20.507605, -13.373891, 0.000000, -0.000000, 0.000000, 0.999638, -0.026903
-20.505916, -13.367982, 0.000000, -0.000000, 0.000000, 0.999626, -0.027365
-20.503920, -13.368622, 0.000000, -0.000000, 0.000000, 0.999745, -0.022573
-20.508760, -13.364738, 0.000000, -0.000000, 0.000000, 0.999643, -0.026732
-20.511473, -13.364819, 0.000000, -0.000000, 0.000000, 0.999605, -0.028089
-20.508412, -13.363979, 0.000000, -0.000000, 0.000000, 0.999614, -0.027779
-20.510686, -13.358975, 0.000000, -0.000000, 0.000000, 0.999599, -0.028329
-20.504330, -13.362728, 0.000000, -0.000000, 0.000000, 0.999628, -0.027264
-20.492334, -13.369241, 0.000000, -0.000000, 0.000000, 0.999672, -0.025611
-20.489689, -13.373744, 0.000000, -0.000000, 0.000000, 0.999636, -0.026968
-20.496395, -13.371551, 0.000000, -0.000000, 0.000000, 0.999668, -0.025764
-20.496730, -13.377379, 0.000000, -0.000000, 0.000000, 0.999625, -0.027380
-20.495036, -13.376865, 0.000000, -0.000000, 0.000000, 0.999617, -0.027681
-20.489621, -13.373656, 0.000000, -0.000000, 0.000000, 0.999686, -0.025044
-20.483758, -13.381072, 0.000000, -0.000000, 0.000000, 0.999672, -0.025608
-20.488364, -13.380168, 0.000000, -0.000000, 0.000000, 0.999685, -0.025091
-20.491255, -13.379458, 0.000000, -0.000000, 0.000000, 0.999658, -0.026135
-20.489475, -13.376074, 0.000000, -0.000000, 0.000000, 0.999661, -0.026029
-20.492666, -13.375877, 0.000000, -0.000000, 0.000000, 0.999650, -0.026459
-20.499213, -13.375400, 0.000000, -0.000000, 0.000000, 0.999671, -0.025637
-20.508202, -13.372048, 0.000000, -0.000000, 0.000000, 0.999588, -0.028710
-20.508882, -13.369150, 0.000000, -0.000000, 0.000000, 0.999651, -0.026413
-20.505819, -13.367424, 0.000000, -0.000000, 0.000000, 0.999650, -0.026446
-20.507780, -13.368818, 0.000000, -0.000000, 0.000000, 0.999654, -0.026290
-20.514438, -13.371773, 0.000000, -0.000000, 0.000000, 0.999654, -0.026320
-20.510871, -13.368958, 0.000000, -0.000000, 0.000000, 0.999689, -0.024927
-20.504801, -13.367251, 0.000000, -0.000000, 0.000000, 0.999629, -0.027226
-20.505498, -13.367426, 0.000000, -0.000000, 0.000000, 0.999633, -0.027084
-20.503977, -13.366876, 0.000000, -0.000000, 0.000000, 0.999647, -0.026583
-20.505056, -13.367619, 0.000000, -0.000000, 0.000000, 0.999662, -0.025979
-20.509493, -13.368281, 0.000000, -0.000000, 0.000000, 0.999642, -0.026765
-20.504366, -13.371405, 0.000000, -0.000000, 0.000000, 0.999699, -0.024531
-20.498280, -13.371566, 0.000000, -0.000000, 0.000000, 0.999674, -0.025523
-20.489800, -13.370618, 0.000000, -0.000000, 0.000000, 0.999668, -0.025771
-20.485974, -13.371922, 0.000000, -0.000000, 0.000000, 0.999706, -0.024261
-20.487076, -13.370938, 0.000000, -0.000000, 0.000000, 0.999634, -0.027049
-20.481043, -13.370448, 0.000000, -0.000000, 0.000000, 0.999648, -0.026517
-20.489080, -13.371690, 0.000000, -0.000000, 0.000000, 0.999646, -0.026596
-20.488204, -13.366364, 0.000000, -0.000000, 0.000000, 0.999637, -0.026936
-20.483184, -13.365924, 0.000000, -0.000000, 0.000000, 0.999643, -0.026734
-20.492282, -13.364406, 0.000000, -0.000000, 0.000000, 0.999679, -0.025329
-20.492021, -13.363272, 0.000000, -0.000000, 0.000000, 0.999650, -0.026447
-20.493707, -13.362954, 0.000000, -0.000000, 0.000000, 0.999657, -0.026178
-20.492792, -13.361091, 0.000000, -0.000000, 0.000000, 0.999619, -0.027601
-20.485597, -13.362128, 0.000000, -0.000000, 0.000000, 0.999636, -0.026970
-20.490277, -13.367587, 0.000000, -0.000000, 0.000000, 0.999655, -0.026274
-20.488202, -13.369587, 0.000000, -0.000000, 0.000000, 0.999617, -0.027691
-20.488103, -13.367817, 0.000000, -0.000000, 0.000000, 0.999611, -0.027898
-20.489890, -13.367512, 0.000000, -0.000000, 0.000000, 0.999618, -0.027629
-20.489915, -13.369398, 0.000000, -0.000000, 0.000000, 0.999647, -0.026550
-20.487458, -13.370852, 0.000000, -0.000000, 0.000000, 0.999704, -0.024336
-20.492105, -13.370228, 0.000000, -0.000000, 0.000000, 0.999637, -0.026930
-20.491275, -13.371410, 0.000000, -0.000000, 0.000000, 0.999659, -0.026124
-20.497834, -13.374202, 0.000000, -0.000000, 0.000000, 0.999623, -0.027449
-20.498589, -13.368672, 0.000000, -0.000000, 0.000000, 0.999632, -0.027131
-20.489930, -13.368568, 0.000000, -0.000000, 0.000000, 0.999679, -0.025323
-20.486676, -13.363315, 0.000000, -0.000000, 0.000000, 0.999683, -0.025182
-20.493233, -13.357775, 0.000000, -0.000000, 0.000000, 0.999665, -0.025894
-20.494827, -13.355884, 0.000000, -0.000000, 0.000000, 0.999704, -0.024347
-20.500855, -13.355247, 0.000000, -0.000000, 0.000000, 0.999656, -0.026233
-20.503225, -13.353387, 0.000000, -0.000000, 0.000000, 0.999651, -0.026432
-20.500763, -13.354388, 0.000000, -0.000000, 0.000000, 0.999651, -0.026409
-20.501411, -13.354597, 0.000000, -0.000000, 0.000000, 0.999578, -0.029046
-20.503537, -13.358779, 0.000000, -0.000000, 0.000000, 0.999626, -0.027350
-20.504658, -13.362068, 0.000000, -0.000000, 0.000000, 0.999630, -0.027208
-20.513765, -13.364656, 0.000000, -0.000000, 0.000000, 0.999543, -0.030215
-20.516185, -13.362432, 0.000000, -0.000000, 0.000000, 0.999633, -0.027076
-20.515887, -13.362413, 0.000000, -0.000000, 0.000000, 0.999596, -0.028437
-20.513838, -13.360691, 0.000000, -0.000000, 0.000000, 0.999635, -0.027023
-20.511279, -13.366354, 0.000000, -0.000000, 0.000000, 0.999657, -0.026171
-20.509132, -13.372620, 0.000000, -0.000000, 0.000000, 0.999650, -0.026459
-20.510760, -13.367104, 0.000000, -0.000000, 0.000000, 0.999666, -0.025826
-20.506007, -13.365672, 0.000000, -0.000000, 0.000000, 0.999630, -0.027215
-20.505095, -13.367301, 0.000000, -0.000000, 0.000000, 0.999640, -0.026832
-20.508740, -13.371056, 0.000000, -0.000000, 0.000000, 0.999666, -0.025825
-20.514401, -13.373339, 0.000000, -0.000000, 0.000000, 0.999580, -0.028976
-20.512032, -13.367147, 0.000000, -0.000000, 0.000000, 0.999599, -0.028299
-20.505039, -13.364982, 0.000000, -0.000000, 0.000000, 0.999667, -0.025800
-20.503495, -13.369724, 0.000000, -0.000000, 0.000000, 0.999594, -0.028505
-20.505687, -13.368774, 0.000000, -0.000000, 0.000000, 0.999651, -0.026424
-20.505348, -13.366751, 0.000000, -0.000000, 0.000000, 0.999646, -0.026601
-20.500812, -13.366082, 0.000000, -0.000000, 0.000000, 0.999662, -0.026014
-20.502344, -13.363380, 0.000000, -0.000000, 0.000000, 0.999607, -0.028050
-20.500121, -13.357881, 0.000000, -0.000000, 0.000000, 0.999621, -0.027529
-20.494252, -13.360505, 0.000000, -0.000000, 0.000000, 0.999610, -0.027920
-20.495887, -13.360240, 0.000000, -0.000000, 0.000000, 0.999596, -0.028413
-20.493845, -13.358217, 0.000000, -0.000000, 0.000000, 0.999639, -0.026854
-20.486507, -13.356557, 0.000000, -0.000000, 0.000000, 0.999631, -0.027165
-20.495169, -13.354269, 0.000000, -0.000000, 0.000000, 0.999634, -0.027049
-20.497918, -13.358984, 0.000000, -0.000000, 0.000000, 0.999637, -0.026932
-20.500246, -13.357366, 0.000000, -0.000000, 0.000000, 0.999611, -0.027892
-20.501848, -13.357579, 0.000000, -0.000000, 0.000000, 0.999665, -0.025877
-20.506325, -13.359788, 0.000000, -0.000000, 0.000000, 0.999651, -0.026419
-20.503745, -13.362673, 0.000000, -0.000000, 0.000000, 0.999630, -0.027206
-20.505017, -13.366822, 0.000000, -0.000000, 0.000000, 0.999646, -0.026601
-20.506411, -13.366400, 0.000000, -0.000000, 0.000000, 0.999651, -0.026415
-20.492644, -13.367933, 0.000000, -0.000000, 0.000000, 0.999683, -0.025170
-20.492283, -13.364547, 0.000000, -0.000000, 0.000000, 0.999631, -0.027179
-20.486348, -13.366828, 0.000000, -0.000000, 0.000000, 0.999700, -0.024479
-20.483937, -13.368343, 0.000000, -0.000000, 0.000000, 0.999670, -0.025697
-20.487139, -13.369860, 0.000000, -0.000000, 0.000000, 0.999634, -0.027069
-20.488805, -13.367805, 0.000000, -0.000000, 0.000000, 0.999668, -0.025754
-20.489157, -13.369470, 0.000000, -0.000000, 0.000000, 0.999689, -0.024930
-20.491065, -13.369523, 0.000000, -0.000000, 0.000000, 0.999635, -0.027011
-20.489557, -13.371716, 0.000000, -0.000000, 0.000000, 0.999713, -0.023964
-20.496314, -13.372907, 0.000000, -0.000000, 0.000000, 0.999638, -0.026917
-20.499169, -13.374156, 0.000000, -0.000000, 0.000000, 0.999655, -0.026268
-20.499826, -13.370017, 0.000000, -0.000000, 0.000000, 0.999657, -0.026192
-20.495123, -13.370636, 0.000000, -0.000000, 0.000000, 0.999628, -0.027276
-20.490173, -13.374143, 0.000000, -0.000000, 0.000000, 0.999590, -0.028638
-20.497994, -13.375973, 0.000000, -0.000000, 0.000000, 0.999590, -0.028620
-20.501232, -13.375687, 0.000000, -0.000000, 0.000000, 0.999578, -0.029054
-20.503824, -13.380150, 0.000000, -0.000000, 0.000000, 0.999667, -0.025811
-20.511475, -13.378996, 0.000000, -0.000000, 0.000000, 0.999676, -0.025473
-20.506461, -13.376367, 0.000000, -0.000000, 0.000000, 0.999622, -0.027489
-20.504575, -13.373962, 0.000000, -0.000000, 0.000000, 0.999650, -0.026469
-20.499820, -13.372029, 0.000000, -0.000000, 0.000000, 0.999651, -0.026414
-20.501102, -13.371139, 0.000000, -0.000000, 0.000000, 0.999649, -0.026476
-20.496856, -13.366695, 0.000000, -0.000000, 0.000000, 0.999679, -0.025322
-20.495694, -13.370203, 0.000000, -0.000000, 0.000000, 0.999659, -0.026129
-20.500819, -13.365720, 0.000000, -0.000000, 0.000000, 0.999653, -0.026354
-20.501433, -13.368838, 0.000000, -0.000000, 0.000000, 0.999684, -0.025152
-20.504217, -13.371333, 0.000000, -0.000000, 0.000000, 0.999635, -0.027014
-20.499926, -13.376966, 0.000000, -0.000000, 0.000000, 0.999630, -0.027184
-20.502692, -13.374396, 0.000000, -0.000000, 0.000000, 0.999649, -0.026489
-20.501617, -13.371731, 0.000000, -0.000000, 0.000000, 0.999615, -0.027729
-20.496614, -13.371295, 0.000000, -0.000000, 0.000000, 0.999599, -0.028304
-20.497518, -13.372622, 0.000000, -0.000000, 0.000000, 0.999618, -0.027634
-20.497265, -13.371385, 0.000000, -0.000000, 0.000000, 0.999652, -0.026370
-20.501698, -13.370291, 0.000000, -0.000000, 0.000000, 0.999576, -0.029114
-20.500989, -13.365831, 0.000000, -0.000000, 0.000000, 0.999680, -0.025307
-20.499537, -13.368236, 0.000000, -0.000000, 0.000000, 0.999679, -0.025342
-20.501498, -13.367375, 0.000000, -0.000000, 0.000000, 0.999694, -0.024729
-20.496489, -13.364852, 0.000000, -0.000000, 0.000000, 0.999693, -0.024791
-20.499400, -13.365055, 0.000000, -0.000000, 0.000000, 0.999641, -0.026806
-20.497294, -13.367029, 0.000000, -0.000000, 0.000000, 0.999637, -0.026935
-20.502896, -13.367376, 0.000000, -0.000000, 0.000000, 0.999668, -0.025752
-20.503951, -13.372260, 0.000000, -0.000000, 0.000000, 0.999687, -0.025022
-20.502595, -13.375779, 0.000000, -0.000000, 0.000000, 0.999687, -0.025014
-20.497886, -13.370423, 0.000000, -0.000000, 0.000000, 0.999642, -0.026758
-20.497534, -13.372245, 0.000000, -0.000000, 0.000000, 0.999675, -0.025488
-20.491202, -13.372853, 0.000000, -0.000000, 0.000000, 0.999682, -0.025229
-20.484871, -13.378652, 0.000000, -0.000000, 0.000000, 0.999680, -0.025290
-20.491793, -13.380965, 0.000000, -0.000000, 0.000000, 0.999615, -0.027758
-20.499253, -13.386417, 0.000000, -0.000000, 0.000000, 0.999616, -0.027713
-20.499192, -13.381644, 0.000000, -0.000000, 0.000000, 0.999617, -0.027689
-20.496910, -13.379355, 0.000000, -0.000000, 0.000000, 0.999661, -0.026045
-20.500185, -13.377533, 0.000000, -0.000000, 0.000000, 0.999576, -0.029121
-20.501860, -13.377305, 0.000000, -0.000000, 0.000000, 0.999659, -0.026110
-20.507052, -13.378414, 0.000000, -0.000000, 0.000000, 0.999629, -0.027230
-20.508266, -13.377453, 0.000000, -0.000000, 0.000000, 0.999626, -0.027356
-20.510671, -13.372438, 0.000000, -0.000000, 0.000000, 0.999602, -0.028207
-20.512794, -13.371847, 0.000000, -0.000000, 0.000000, 0.999597, -0.028376
-20.502388, -13.368084, 0.000000, -0.000000, 0.000000, 0.999616, -0.027709
-20.505917, -13.364837, 0.000000, -0.000000, 0.000000, 0.999698, -0.024584
-20.502982, -13.360014, 0.000000, -0.000000, 0.000000, 0.999662, -0.026000
-20.498364, -13.362548, 0.000000, -0.000000, 0.000000, 0.999661, -0.026029
-20.493997, -13.361304, 0.000000, -0.000000, 0.000000, 0.999640, -0.026819
-20.491307, -13.361904, 0.000000, -0.000000, 0.000000, 0.999648, -0.026520
-20.497877, -13.363161, 0.000000, -0.000000, 0.000000, 0.999668, -0.025751
-20.495140, -13.364716, 0.000000, -0.000000, 0.000000, 0.999643, -0.026715
-20.498742, -13.361677, 0.000000, -0.000000, 0.000000, 0.999603, -0.028191
-20.502892, -13.362542, 0.000000, -0.000000, 0.000000, 0.999647, -0.026560
-20.502416, -13.362607, 0.000000, -0.000000, 0.000000, 0.999626, -0.027341
-20.501861, -13.366504, 0.000000, -0.000000, 0.000000, 0.999589, -0.028673
-20.498227, -13.359500, 0.000000, -0.000000, 0.000000, 0.999626, -0.027338
-20.494216, -13.362046, 0.000000, -0.000000, 0.000000, 0.999667, -0.025799
-20.491226, -13.364099, 0.000000, -0.000000, 0.000000, 0.999685, -0.025100
-20.490345, -13.362236, 0.000000, -0.000000, 0.000000, 0.999648, -0.026532
-20.491080, -13.363031, 0.000000, -0.000000, 0.000000, 0.999710, -0.024094
-20.491808, -13.362796, 0.000000, -0.000000, 0.000000, 0.999641, -0.026792
-20.486774, -13.364066, 0.000000, -0.000000, 0.000000, 0.999670, -0.025684
-20.493988, -13.366961, 0.000000, -0.000000, 0.000000, 0.999703, -0.024389
-20.490581, -13.370265, 0.000000, -0.000000, 0.000000, 0.999659, -0.026116
-20.489310, -13.369190, 0.000000, -0.000000, 0.000000, 0.999611, -0.027877
-20.490651, -13.367495, 0.000000, -0.000000, 0.000000, 0.999609, -0.027975
-20.496625, -13.369423, 0.000000, -0.000000, 0.000000, 0.999614, -0.027785
-20.495559, -13.368874, 0.000000, -0.000000, 0.000000, 0.999626, -0.027353
-20.500342, -13.370464, 0.000000, -0.000000, 0.000000, 0.999569, -0.029371
-20.502473, -13.366826, 0.000000, -0.000000, 0.000000, 0.999665, -0.025874
-20.504506, -13.366060, 0.000000, -0.000000, 0.000000, 0.999666, -0.025848
-20.504841, -13.363669, 0.000000, -0.000000, 0.000000, 0.999644, -0.026669
-20.502319, -13.363598, 0.000000, -0.000000, 0.000000, 0.999678, -0.025376
-20.501557, -13.360675, 0.000000, -0.000000, 0.000000, 0.999632, -0.027129
-20.494352, -13.361230, 0.000000, -0.000000, 0.000000, 0.999688, -0.024966
-20.487812, -13.368150, 0.000000, -0.000000, 0.000000, 0.999684, -0.025154
-20.491814, -13.366386, 0.000000, -0.000000, 0.000000, 0.999663, -0.025951
-20.496948, -13.367547, 0.000000, -0.000000, 0.000000, 0.999642, -0.026749
-20.496977, -13.366891, 0.000000, -0.000000, 0.000000, 0.999626, -0.027361
-20.498213, -13.370040, 0.000000, -0.000000, 0.000000, 0.999670, -0.025702
-20.495014, -13.373535, 0.000000, -0.000000, 0.000000, 0.999688, -0.024969
-20.492521, -13.372789, 0.000000, -0.000000, 0.000000, 0.999639, -0.026852
-20.491355, -13.370792, 0.000000, -0.000000, 0.000000, 0.999645, -0.026649
-20.496276, -13.369837, 0.000000, -0.000000, 0.000000, 0.999667, -0.025786
-20.498261, -13.368330, 0.000000, -0.000000, 0.000000, 0.999651, -0.026406
-20.491882, -13.370377, 0.000000, -0.000000, 0.000000, 0.999689, -0.024936
-20.496007, -13.371888, 0.000000, -0.000000, 0.000000, 0.999710, -0.024068
-20.500078, -13.374279, 0.000000, -0.000000, 0.000000, 0.999609, -0.027947
-20.505406, -13.378421, 0.000000, -0.000000, 0.000000, 0.999655, -0.026275
-20.501433, -13.381633, 0.000000, -0.000000, 0.000000, 0.999647, -0.026575
-20.495441, -13.386649, 0.000000, -0.000000, 0.000000, 0.999643, -0.026727
-20.500866, -13.380342, 0.000000, -0.000000, 0.000000, 0.999654, -0.026306
-20.504915, -13.380957, 0.000000, -0.000000, 0.000000, 0.999599, -0.028329
-20.505719, -13.375086, 0.000000, -0.000000, 0.000000, 0.999656, -0.026220
-20.503778, -13.375127, 0.000000, -0.000000, 0.000000, 0.999591, -0.028591
-20.502837, -13.370729, 0.000000, -0.000000, 0.000000, 0.999562, -0.029590
-20.507318, -13.369156, 0.000000, -0.000000, 0.000000, 0.999612, -0.027865
-20.507192, -13.366933, 0.000000, -0.000000, 0.000000, 0.999644, -0.026673
-20.503615, -13.370029, 0.000000, -0.000000, 0.000000, 0.999634, -0.027035
-20.503135, -13.370429, 0.000000, -0.000000, 0.000000, 0.999668, -0.025771
-20.509203, -13.373400, 0.000000, -0.000000, 0.000000, 0.999640, -0.026849
-20.510487, -13.371006, 0.000000, -0.000000, 0.000000, 0.999672, -0.025607
-20.516743, -13.373735, 0.000000, -0.000000, 0.000000, 0.999656, -0.026245
-20.510301, -13.376161, 0.000000, -0.000000, 0.000000, 0.999679, -0.025348
-20.510580, -13.374885, 0.000000, -0.000000, 0.000000, 0.999625, -0.027390
-20.506652, -13.373063, 0.000000, -0.000000, 0.000000, 0.999592, -0.028573
-20.507871, -13.381760, 0.000000, -0.000000, 0.000000, 0.999672, -0.025594
-20.505192, -13.377714, 0.000000, -0.000000, 0.000000, 0.999662, -0.026006
-20.508785, -13.376861, 0.000000, -0.000000, 0.000000, 0.999627, -0.027308
-20.509472, -13.376735, 0.000000, -0.000000, 0.000000, 0.999645, -0.026639
-20.516190, -13.379417, 0.000000, -0.000000, 0.000000, 0.999632, -0.027121
-20.524614, -13.376443, 0.000000, -0.000000, 0.000000, 0.999613, -0.027833
-20.523966, -13.378190, 0.000000, -0.000000, 0.000000, 0.999629, -0.027230
-20.520165, -13.374493, 0.000000, -0.000000, 0.000000, 0.999575, -0.029155
-20.517711, -13.371140, 0.000000, -0.000000, 0.000000, 0.999700, -0.024507
-20.508727, -13.368019, 0.000000, -0.000000, 0.000000, 0.999683, -0.025188
-20.507517, -13.369644, 0.000000, -0.000000, 0.000000, 0.999571, -0.029290
-20.501115, -13.364626, 0.000000, -0.000000, 0.000000, 0.999651, -0.026435
-20.497857, -13.366623, 0.000000, -0.000000, 0.000000, 0.999638, -0.026904
-20.500946, -13.363561, 0.000000, -0.000000, 0.000000, 0.999618, -0.027625
-20.501873, -13.364743, 0.000000, -0.000000, 0.000000, 0.999595, -0.028470
-20.506176, -13.368799, 0.000000, -0.000000, 0.000000, 0.999607, -0.028039
-20.514462, -13.375418, 0.000000, -0.000000, 0.000000, 0.999639, -0.026871
-20.509178, -13.373981, 0.000000, -0.000000, 0.000000, 0.999641, -0.026789
-20.503913, -13.372332, 0.000000, -0.000000, 0.000000, 0.999651, -0.026403
-20.498009, -13.372034, 0.000000, -0.000000, 0.000000, 0.999658, -0.026149
-20.501634, -13.366472, 0.000000, -0.000000, 0.000000, 0.999631, -0.027147
-20.499427, -13.365497, 0.000000, -0.000000, 0.000000, 0.999645, -0.026648
-20.503215, -13.363620, 0.000000, -0.000000, 0.000000, 0.999597, -0.028388
-20.513133, -13.361133, 0.000000, -0.000000, 0.000000, 0.999593, -0.028542
-20.512191, -13.356886, 0.000000, -0.000000, 0.000000, 0.999602, -0.028198
-20.511223, -13.353867, 0.000000, -0.000000, 0.000000, 0.999644, -0.026688
-20.503779, -13.355574, 0.000000, -0.000000, 0.000000, 0.999644, -0.026685
-20.502028, -13.362856, 0.000000, -0.000000, 0.000000, 0.999635, -0.026999
-20.498592, -13.363417, 0.000000, -0.000000, 0.000000, 0.999622, -0.027498
-20.501726, -13.364665, 0.000000, -0.000000, 0.000000, 0.999629, -0.027225
-20.500614, -13.367425, 0.000000, -0.000000, 0.000000, 0.999635, -0.026998
-20.504617, -13.368184, 0.000000, -0.000000, 0.000000, 0.999680, -0.025286
-20.515281, -13.364767, 0.000000, -0.000000, 0.000000, 0.999559, -0.029698
-20.514626, -13.366823, 0.000000, -0.000000, 0.000000, 0.999612, -0.027852
-20.512396, -13.372210, 0.000000, -0.000000, 0.000000, 0.999612, -0.027850
-20.510586, -13.373597, 0.000000, -0.000000, 0.000000, 0.999667, -0.025816
-20.512872, -13.377212, 0.000000, -0.000000, 0.000000, 0.999649, -0.026485
-20.508286, -13.376309, 0.000000, -0.000000, 0.000000, 0.999697, -0.024596
-20.500883, -13.371930, 0.000000, -0.000000, 0.000000, 0.999649, -0.026479
-20.502044, -13.372252, 0.000000, -0.000000, 0.000000, 0.999643, -0.026718
-20.506062, -13.369565, 0.000000, -0.000000, 0.000000, 0.999616, -0.027714
-20.509173, -13.363653, 0.000000, -0.000000, 0.000000, 0.999593, -0.028538
-20.502733, -13.357743, 0.000000, -0.000000, 0.000000, 0.999654, -0.026321
-20.500232, -13.357765, 0.000000, -0.000000, 0.000000, 0.999577, -0.029093
-20.495528, -13.360221, 0.000000, -0.000000, 0.000000, 0.999596, -0.028414
-20.501112, -13.361788, 0.000000, -0.000000, 0.000000, 0.999638, -0.026909
-20.503234, -13.364493, 0.000000, -0.000000, 0.000000, 0.999675, -0.025485
-20.501945, -13.367846, 0.000000, -0.000000, 0.000000, 0.999673, -0.025579
-20.501978, -13.368638, 0.000000, -0.000000, 0.000000, 0.999667, -0.025811
-20.495589, -13.370209, 0.000000, -0.000000, 0.000000, 0.999697, -0.024606
-20.496438, -13.368198, 0.000000, -0.000000, 0.000000, 0.999689, -0.024947
-20.495935, -13.367360, 0.000000, -0.000000, 0.000000, 0.999643, -0.026704
-20.496795, -13.371538, 0.000000, -0.000000, 0.000000, 0.999645, -0.026655
-20.493527, -13.372800, 0.000000, -0.000000, 0.000000, 0.999597, -0.028388
-20.488957, -13.365700, 0.000000, -0.000000, 0.000000, 0.999593, -0.028511
-20.498075, -13.364887, 0.000000, -0.000000, 0.000000, 0.999585, -0.028801
-20.503992, -13.367499, 0.000000, -0.000000, 0.000000, 0.999636, -0.026994
-20.499935, -13.371449, 0.000000, -0.000000, 0.000000, 0.999609, -0.027945
-20.495158, -13.375134, 0.000000, -0.000000, 0.000000, 0.999694, -0.024726
-20.493612, -13.382126, 0.000000, -0.000000, 0.000000, 0.999684, -0.025138
-20.501644, -13.382973, 0.000000, -0.000000, 0.000000, 0.999642, -0.026743
-20.501917, -13.378687, 0.000000, -0.000000, 0.000000, 0.999643, -0.026735
-20.502873, -13.378550, 0.000000, -0.000000, 0.000000, 0.999679, -0.025336
-20.499923, -13.376478, 0.000000, -0.000000, 0.000000, 0.999689, -0.024939
-20.497731, -13.377603, 0.000000, -0.000000, 0.000000, 0.999678, -0.025376
-20.496129, -13.376046, 0.000000, -0.000000, 0.000000, 0.999649, -0.026477
-20.494384, -13.373772, 0.000000, -0.000000, 0.000000, 0.999679, -0.025323
-20.497184, -13.372590, 0.000000, -0.000000, 0.000000, 0.999649, -0.026501
-20.503134, -13.375300, 0.000000, -0.000000, 0.000000, 0.999669, -0.025724
-20.500230, -13.370329, 0.000000, -0.000000, 0.000000, 0.999682, -0.025213
-20.499407, -13.366442, 0.000000, -0.000000, 0.000000, 0.999672, -0.025610
-20.500073, -13.366278, 0.000000, -0.000000, 0.000000, 0.999631, -0.027182
-20.506221, -13.367238, 0.000000, -0.000000, 0.000000, 0.999626, -0.027352
-20.505402, -13.366967, 0.000000, -0.000000, 0.000000, 0.999621, -0.027540
-20.504485, -13.369377, 0.000000, -0.000000, 0.000000, 0.999631, -0.027179
-20.498277, -13.373524, 0.000000, -0.000000, 0.000000, 0.999617, -0.027677
-20.496791, -13.369576, 0.000000, -0.000000, 0.000000, 0.999656, -0.026242
-20.497456, -13.366788, 0.000000, -0.000000, 0.000000, 0.999638, -0.026900
-20.500295, -13.364393, 0.000000, -0.000000, 0.000000, 0.999674, -0.025515
-20.496560, -13.363493, 0.000000, -0.000000, 0.000000, 0.999672, -0.025619
-20.491813, -13.363593, 0.000000, -0.000000, 0.000000, 0.999650, -0.026437
-20.494629, -13.362419, 0.000000, -0.000000, 0.000000, 0.999648, -0.026545
-20.496715, -13.361168, 0.000000, -0.000000, 0.000000, 0.999606, -0.028071
-20.494381, -13.361578, 0.000000, -0.000000, 0.000000, 0.999603, -0.028191
-20.492950, -13.358485, 0.000000, -0.000000, 0.000000, 0.999595, -0.028451
-20.489381, -13.364295, 0.000000, -0.000000, 0.000000, 0.999576, -0.029105
-20.490580, -13.367415, 0.000000, -0.000000, 0.000000, 0.999682, -0.025219
-20.493630, -13.366603, 0.000000, -0.000000, 0.000000, 0.999694, -0.024754
-20.493455, -13.361811, 0.000000, -0.000000, 0.000000, 0.999628, -0.027284
-20.491945, -13.358085, 0.000000, -0.000000, 0.000000, 0.999639, -0.026884
-20.488552, -13.359931, 0.000000, -0.000000, 0.000000, 0.999669, -0.025725
-20.486764, -13.361210, 0.000000, -0.000000, 0.000000, 0.999634, -0.027065
-20.489938, -13.359338, 0.000000, -0.000000, 0.000000, 0.999658, -0.026167
-20.484395, -13.363785, 0.000000, -0.000000, 0.000000, 0.999667, -0.025791
-20.483473, -13.366696, 0.000000, -0.000000, 0.000000, 0.999655, -0.026252
-20.487390, -13.367266, 0.000000, -0.000000, 0.000000, 0.999612, -0.027850
-20.493107, -13.367183, 0.000000, -0.000000, 0.000000, 0.999638, -0.026906
-20.492501, -13.365854, 0.000000, -0.000000, 0.000000, 0.999689, -0.024935
-20.507137, -13.362459, 0.000000, -0.000000, 0.000000, 0.999636, -0.026986
-20.512951, -13.363436, 0.000000, -0.000000, 0.000000, 0.999654, -0.026287
-20.513359, -13.363039, 0.000000, -0.000000, 0.000000, 0.999624, -0.027428
-20.515953, -13.361981, 0.000000, -0.000000, 0.000000, 0.999670, -0.025704
-20.508139, -13.362328, 0.000000, -0.000000, 0.000000, 0.999568, -0.029381
-20.507524, -13.361703, 0.000000, -0.000000, 0.000000, 0.999660, -0.026073
-20.505563, -13.360303, 0.000000, -0.000000, 0.000000, 0.999646, -0.026617
-20.499056, -13.366281, 0.000000, -0.000000, 0.000000, 0.999637, -0.026958
-20.497866, -13.366972, 0.000000, -0.000000, 0.000000, 0.999646, -0.026596
-20.495465, -13.369524, 0.000000, -0.000000, 0.000000, 0.999690, -0.024884
-20.490601, -13.368566, 0.000000, -0.000000, 0.000000, 0.999688, -0.024970
-20.493085, -13.364149, 0.000000, -0.000000, 0.000000, 0.999708, -0.024178
-20.494921, -13.364645, 0.000000, -0.000000, 0.000000, 0.999686, -0.025076
-20.497636, -13.369429, 0.000000, -0.000000, 0.000000, 0.999695, -0.024697
-20.498257, -13.368909, 0.000000, -0.000000, 0.000000, 0.999674, -0.025535
-20.496604, -13.364598, 0.000000, -0.000000, 0.000000, 0.999644, -0.026670
-20.494025, -13.361717, 0.000000, -0.000000, 0.000000, 0.999638, -0.026910
-20.493267, -13.363173, 0.000000, -0.000000, 0.000000, 0.999630, -0.027198
-20.491570, -13.364748, 0.000000, -0.000000, 0.000000, 0.999677, -0.025433
-20.487250, -13.365166, 0.000000, -0.000000, 0.000000, 0.999650, -0.026470
-20.494566, -13.368185, 0.000000, -0.000000, 0.000000, 0.999663, -0.025961
-20.492303, -13.371830, 0.000000, -0.000000, 0.000000, 0.999663, -0.025958
-20.493022, -13.369374, 0.000000, -0.000000, 0.000000, 0.999692, -0.024802
-20.494827, -13.369479, 0.000000, -0.000000, 0.000000, 0.999697, -0.024628
-20.497627, -13.375766, 0.000000, -0.000000, 0.000000, 0.999645, -0.026635
-20.495091, -13.378860, 0.000000, -0.000000, 0.000000, 0.999645, -0.026662
-20.497679, -13.380073, 0.000000, -0.000000, 0.000000, 0.999632, -0.027137
-20.488319, -13.381842, 0.000000, -0.000000, 0.000000, 0.999628, -0.027275
-20.487536, -13.379453, 0.000000, -0.000000, 0.000000, 0.999687, -0.025003
-20.494489, -13.379657, 0.000000, -0.000000, 0.000000, 0.999627, -0.027326
-20.497036, -13.373251, 0.000000, -0.000000, 0.000000, 0.999641, -0.026795
-20.501568, -13.370680, 0.000000, -0.000000, 0.000000, 0.999590, -0.028621
-20.503275, -13.367614, 0.000000, -0.000000, 0.000000, 0.999575, -0.029138
-20.504558, -13.367178, 0.000000, -0.000000, 0.000000, 0.999642, -0.026774
-20.502865, -13.373759, 0.000000, -0.000000, 0.000000, 0.999621, -0.027532
-20.501364, -13.375691, 0.000000, -0.000000, 0.000000, 0.999661, -0.026026
-20.501501, -13.375800, 0.000000, -0.000000, 0.000000, 0.999638, -0.026899
-20.498809, -13.378485, 0.000000, -0.000000, 0.000000, 0.999651, -0.026407
-20.501392, -13.376310, 0.000000, -0.000000, 0.000000, 0.999689, -0.024938
-20.498202, -13.371281, 0.000000, -0.000000, 0.000000, 0.999659, -0.026109
-20.501993, -13.369777, 0.000000, -0.000000, 0.000000, 0.999568, -0.029389
-20.508349, -13.365610, 0.000000, -0.000000, 0.000000, 0.999584, -0.028853
-20.505058, -13.367959, 0.000000, -0.000000, 0.000000, 0.999579, -0.029022
-20.506240, -13.365484, 0.000000, -0.000000, 0.000000, 0.999649, -0.026475
-20.497140, -13.365073, 0.000000, -0.000000, 0.000000, 0.999640, -0.026822
-20.497310, -13.357892, 0.000000, -0.000000, 0.000000, 0.999667, -0.025818
-20.499313, -13.358007, 0.000000, -0.000000, 0.000000, 0.999628, -0.027261
-20.495730, -13.358752, 0.000000, -0.000000, 0.000000, 0.999649, -0.026501
-20.496335, -13.359902, 0.000000, -0.000000, 0.000000, 0.999659, -0.026104
-20.494942, -13.355571, 0.000000, -0.000000, 0.000000, 0.999618, -0.027626
-20.490979, -13.356951, 0.000000, -0.000000, 0.000000, 0.999568, -0.029399
-20.484326, -13.356347, 0.000000, -0.000000, 0.000000, 0.999616, -0.027704
-20.491919, -13.361899, 0.000000, -0.000000, 0.000000, 0.999584, -0.028834
-20.487369, -13.366491, 0.000000, -0.000000, 0.000000, 0.999620, -0.027576
-20.483443, -13.362406, 0.000000, -0.000000, 0.000000, 0.999583, -0.028871
-20.485624, -13.361052, 0.000000, -0.000000, 0.000000, 0.999600, -0.028291
-20.497074, -13.364259, 0.000000, -0.000000, 0.000000, 0.999622, -0.027503
-20.497110, -13.366023, 0.000000, -0.000000, 0.000000, 0.999611, -0.027877
-20.500348, -13.367771, 0.000000, -0.000000, 0.000000, 0.999689, -0.024933
-20.503549, -13.366410, 0.000000, -0.000000, 0.000000, 0.999666, -0.025855
-20.502173, -13.373113, 0.000000, -0.000000, 0.000000, 0.999703, -0.024391
-20.501922, -13.375661, 0.000000, -0.000000, 0.000000, 0.999659, -0.026102
-20.509704, -13.372550, 0.000000, -0.000000, 0.000000, 0.999655, -0.026276
-20.504636, -13.374956, 0.000000, -0.000000, 0.000000, 0.999614, -0.027771
-20.507566, -13.375700, 0.000000, -0.000000, 0.000000, 0.999607, -0.028040
-20.506889, -13.371698, 0.000000, -0.000000, 0.000000, 0.999655, -0.026252
-20.506806, -13.371117, 0.000000, -0.000000, 0.000000, 0.999652, -0.026389
-20.505798, -13.371889, 0.000000, -0.000000, 0.000000, 0.999677, -0.025409
-20.501574, -13.372279, 0.000000, -0.000000, 0.000000, 0.999602, -0.028218
-20.502855, -13.374072, 0.000000, -0.000000, 0.000000, 0.999653, -0.026356
-20.503769, -13.373972, 0.000000, -0.000000, 0.000000, 0.999648, -0.026520
-20.496046, -13.374712, 0.000000, -0.000000, 0.000000, 0.999639, -0.026877
-20.493493, -13.375897, 0.000000, -0.000000, 0.000000, 0.999689, -0.024927
-20.499822, -13.373415, 0.000000, -0.000000, 0.000000, 0.999638, -0.026902
-20.509906, -13.376623, 0.000000, -0.000000, 0.000000, 0.999608, -0.028014
-20.508226, -13.375245, 0.000000, -0.000000, 0.000000, 0.999649, -0.026479
-20.497145, -13.373925, 0.000000, -0.000000, 0.000000, 0.999633, -0.027073
-20.492822, -13.376539, 0.000000, -0.000000, 0.000000, 0.999715, -0.023858
-20.494629, -13.375660, 0.000000, -0.000000, 0.000000, 0.999674, -0.025525
-20.481118, -13.372939, 0.000000, -0.000000, 0.000000, 0.999689, -0.024944
-20.484450, -13.373954, 0.000000, -0.000000, 0.000000, 0.999630, -0.027198
-20.489532, -13.372193, 0.000000, -0.000000, 0.000000, 0.999645, -0.026633
-20.499353, -13.368293, 0.000000, -0.000000, 0.000000, 0.999676, -0.025459
-20.493459, -13.367747, 0.000000, -0.000000, 0.000000, 0.999559, -0.029711
-20.498083, -13.370464, 0.000000, -0.000000, 0.000000, 0.999579, -0.029024
-20.497877, -13.368632, 0.000000, -0.000000, 0.000000, 0.999651, -0.026434
-20.501743, -13.366180, 0.000000, -0.000000, 0.000000, 0.999619, -0.027617
-20.498329, -13.368003, 0.000000, -0.000000, 0.000000, 0.999639, -0.026870
-20.492179, -13.370877, 0.000000, -0.000000, 0.000000, 0.999681, -0.025252
-20.499757, -13.373111, 0.000000, -0.000000, 0.000000, 0.999584, -0.028836
-20.499178, -13.370755, 0.000000, -0.000000, 0.000000, 0.999652, -0.026380
-20.499498, -13.370827, 0.000000, -0.000000, 0.000000, 0.999643, -0.026724
-20.505133, -13.373021, 0.000000, -0.000000, 0.000000, 0.999651, -0.026402
-20.501135, -13.372605, 0.000000, -0.000000, 0.000000, 0.999661, -0.026028
-20.503585, -13.367068, 0.000000, -0.000000, 0.000000, 0.999671, -0.025641
-20.503472, -13.367050, 0.000000, -0.000000, 0.000000, 0.999618, -0.027645
-20.499928, -13.371548, 0.000000, -0.000000, 0.000000, 0.999616, -0.027728
-20.504488, -13.370456, 0.000000, -0.000000, 0.000000, 0.999662, -0.026010
-20.508717, -13.366967, 0.000000, -0.000000, 0.000000, 0.999600, -0.028268
-20.510609, -13.363625, 0.000000, -0.000000, 0.000000, 0.999606, -0.028074
-20.506797, -13.364624, 0.000000, -0.000000, 0.000000, 0.999612, -0.027846
-20.506948, -13.364499, 0.000000, -0.000000, 0.000000, 0.999652, -0.026367
-20.509716, -13.363302, 0.000000, -0.000000, 0.000000, 0.999657, -0.026206
-20.512109, -13.357601, 0.000000, -0.000000, 0.000000, 0.999683, -0.025177
-20.509192, -13.358671, 0.000000, -0.000000, 0.000000, 0.999621, -0.027544
-20.509760, -13.360097, 0.000000, -0.000000, 0.000000, 0.999599, -0.028317
-20.506665, -13.360712, 0.000000, -0.000000, 0.000000, 0.999636, -0.026969
-20.513031, -13.360586, 0.000000, -0.000000, 0.000000, 0.999551, -0.029972
-20.505653, -13.364657, 0.000000, -0.000000, 0.000000, 0.999656, -0.026228
-20.496594, -13.368341, 0.000000, -0.000000, 0.000000, 0.999658, -0.026151
-20.493812, -13.371857, 0.000000, -0.000000, 0.000000, 0.999604, -0.028141
-20.494446, -13.372609, 0.000000, -0.000000, 0.000000, 0.999629, -0.027240
-20.494126, -13.377667, 0.000000, -0.000000, 0.000000, 0.999661, -0.026018
-20.502728, -13.377445, 0.000000, -0.000000, 0.000000, 0.999672, -0.025623
-20.503559, -13.373551, 0.000000, -0.000000, 0.000000, 0.999609, -0.027968
-20.507082, -13.369084, 0.000000, -0.000000, 0.000000, 0.999627, -0.027297
-20.503135, -13.371662, 0.000000, -0.000000, 0.000000, 0.999687, -0.025004
-20.498864, -13.370383, 0.000000, -0.000000, 0.000000, 0.999657, -0.026198
-20.501774, -13.374203, 0.000000, -0.000000, 0.000000, 0.999680, -0.025286
-20.501357, -13.374661, 0.000000, -0.000000, 0.000000, 0.999655, -0.026247
-20.498158, -13.375495, 0.000000, -0.000000, 0.000000, 0.999675, -0.025508
-20.494823, -13.374582, 0.000000, -0.000000, 0.000000, 0.999696, -0.024639
-20.492757, -13.368817, 0.000000, -0.000000, 0.000000, 0.999651, -0.026428
-20.491583, -13.364975, 0.000000, -0.000000, 0.000000, 0.999671, -0.025654
-20.494247, -13.365891, 0.000000, -0.000000, 0.000000, 0.999662, -0.026008
-20.491704, -13.364256, 0.000000, -0.000000, 0.000000, 0.999649, -0.026481
-20.491819, -13.365782, 0.000000, -0.000000, 0.000000, 0.999675, -0.025484
-20.492560, -13.359327, 0.000000, -0.000000, 0.000000, 0.999683, -0.025165
-20.495067, -13.358075, 0.000000, -0.000000, 0.000000, 0.999598, -0.028355
-20.495363, -13.365058, 0.000000, -0.000000, 0.000000, 0.999607, -0.028028
-20.495526, -13.365435, 0.000000, -0.000000, 0.000000, 0.999659, -0.026119
-20.489652, -13.372728, 0.000000, -0.000000, 0.000000, 0.999630, -0.027216
-20.493234, -13.371831, 0.000000, -0.000000, 0.000000, 0.999667, -0.025790
-20.493247, -13.370442, 0.000000, -0.000000, 0.000000, 0.999610, -0.027925
-20.494416, -13.372686, 0.000000, -0.000000, 0.000000, 0.999631, -0.027152
-20.494537, -13.374793, 0.000000, -0.000000, 0.000000, 0.999659, -0.026130
-20.490135, -13.370933, 0.000000, -0.000000, 0.000000, 0.999660, -0.026085
-20.493948, -13.369604, 0.000000, -0.000000, 0.000000, 0.999691, -0.024850
-20.499111, -13.369904, 0.000000, -0.000000, 0.000000, 0.999674, -0.025516
-20.497824, -13.367599, 0.000000, -0.000000, 0.000000, 0.999666, -0.025834
-20.496069, -13.368266, 0.000000, -0.000000, 0.000000, 0.999669, -0.025716
